"CASEID","POINT_X","POINT_Y","YEAR_","LOCATION","CHPTYPE","DAYWEEK","CRASHSEV","VIOLCAT","KILLED","INJURED","WEATHER1","PEDCOL","BICCOL","MCCOL","TRUCKCOL","ETOH","TIMECAT","MONTH_","CRASHTYP","INVOLVE","PED","PRIMARYRD","SECONDRD","DISTANCE","DIRECT","INTERSECT_","PROCDATE","JURIS","DATE_","TIME_","BADGE","JURIDIST","SHIFT","POP","SPECIAL","BEATTYPE","LAPDDIV","BEATCLAS","BEATNUMB","WEATHER2","STATEHW","CALTRANC","CALTRAND","STROUTE","ROUTESUF","POSTPRE","POSTMILE","LOCATYPE","RAMP","SIDEHW","TOWAWAY","PARTIES","PCF","VIOLCODE","VIOL","VIOLSUB","HITRUN","ROADSURF","RDCOND1","RDCOND2","LIGHTING","RIGHTWAY","CHPRDTYP","NOTPRIV","STFAULT","CHPFAULT","SEVINJ","OTHERINJ","COP","PEDKILL","PEDINJ","BICKILL","BICINJ","MCKILL","MCINJURE","RAMP1","RAMP2","CITY","COUNTY","STATE","X_CHP","Y_CHP"
"3012660",-122.301967039,37.859568044,2007,"0103","1","4","4","03",0,1,"A",,,,,,1800,1,"C","C","A","RT 80","UNIVERSITY AV",2748,"W","N","2007-05-18",9370,"2007-01-04",1600,"01396",,"2","6","0","1",,"2","081","-","Y","ALA",4,80,"-","-",5.32,"H","-","W","Y",2,"A","-",22350,,"N","A","H","-","A","D","6","Y","A","08",0,0,1,0,0,0,0,0,0,"-","-","BERKELEY","ALAMEDA","CA",0,0
"3039542",-122.254375475,37.856861908,2007,"0103","0","3","4","09",0,1,"A",,,,,,1800,1,"D","C","A","RT 13","HILLEGASS AV",0,,"Y","2007-06-08",103,"2007-01-24",1645,"118","36","5","6","0","0",,"0","009","-","Y","ALA",4,13,"-","-",11.37,"I","5","N","Y",2,"A","-",21802,"A","N","A","H","-","A","D","0","Y","I",,0,0,1,0,0,0,0,0,0,"-","-","BERKELEY","ALAMEDA","CA",0,0
"3045764",-122.279192815,37.853269693,2007,"0103","0","2","3","09",0,1,"A",,,,,,1200,1,"A","C","A","RT 13","SACRAMENTO ST",0,,"Y","2007-05-31",103,"2007-01-09",931,"143","33","5","6","0","0",,"0","014","-","Y","ALA",4,13,"-","-",12.76,"I","5","N","Y",2,"A","-",21801,"A","N","-","H","-","A","A","0","Y","A",,0,1,0,0,0,0,0,0,0,"-","-","BERKELEY","ALAMEDA","CA",0,0
"3045767",-122.267323153,37.8823165894,2007,"0103","0","3","3","10",0,1,"A","Y",,,,,1800,1,"G","B","B","OXFORD ST","ROSE ST",0,,"Y","2007-05-19",103,"2007-01-17",1532,"126","17","5","6","0","0",,"0","002","-","N",,0,0,,,0,,,,"N",2,"A","-",21950,"A","N","A","H","-","A","A","0","Y","A",,0,1,0,0,1,0,0,0,0,"-","-","BERKELEY","ALAMEDA","CA",0,0
"3045772",0,0,2007,"0103","0","2","4","03",0,1,"A",,,,,,1500,1,"C","C","A","E SHORE AV","CEDAR ST",0,,"Y","2007-05-17",103,"2007-01-09",1406,"61","20","5","6","0","0",,"0","017","-","N",,0,0,,,0,,,,"Y",2,"A","-",22350,,"N","A","H","-","A","D","0","Y","A",,0,0,1,0,0,0,0,0,0,"-","-","BERKELEY","ALAMEDA","CA",0,0
"3045775",-122.274506716,37.853859934,2007,"0103","0","3","4","10",0,1,"A","Y",,,,,2100,1,"D","B","B","RT 13","KING ST",0,,"Y","2007-05-31",103,"2007-01-17",1858,"127","34","5","6","0","0",,"0","012","-","Y","ALA",4,13,"-","-",12.5,"I","5","N","N",2,"A","-",21950,"A","F","A","H","-","C","A","0","Y","-","99",0,0,1,0,1,0,0,0,0,"-","-","BERKELEY","ALAMEDA","CA",0,0
"3045778",-122.258585655,37.8553733826,2007,"0103","0","7","3","11",0,1,"A","Y",,,,,2100,1,"G","B","D","WEBSTER ST","DANA ST",67,"E","N","2007-05-17",103,"2007-01-28",2027,"81","39","5","6","0","0",,"0","009","-","N",,0,0,,,0,,,,"N",2,"A","-",21954,"A","N","A","H","-","C","A","0","Y","N",,0,1,0,0,1,0,0,0,0,"-","-","BERKELEY","ALAMEDA","CA",0,0
"3045779",-122.291978406,37.868140757,2007,"0103","0","4","3","10",0,1,"A","Y",,,,,900,1,"D","C","B","RT 123","ADDISON ST",0,,"Y","2007-05-31",103,"2007-01-18",652,"143","32","5","6","0","0",,"0","016","-","Y","ALA",4,123,"-","-",3.08,"I","6","S","N",2,"A","-",21950,"A","N","A","H","-","A","A","0","Y","A",,0,1,0,0,1,0,0,0,0,"-","-","BERKELEY","ALAMEDA","CA",0,0
"3045780",-122.290973157,37.8814735413,2007,"0103","0","3","3","09",0,1,"A",,"Y",,,,1800,1,"D","G","A","GILMAN ST","SANTA FE",0,,"Y","2007-05-17",103,"2007-01-10",1631,"140","19","5","6","0","0",,"0","018","-","N",,0,0,,,0,,,,"N",2,"A","-",21802,"A","N","A","H","-","A","A","0","Y","-","-",0,1,0,0,0,0,1,0,0,"-","-","BERKELEY","ALAMEDA","CA",0,0
"3045782",-122.27330083,37.8740730286,2007,"0103","0","4","4","17",0,1,"A",,,,,,1800,1,"B","C","A","MARTIN LUTHER KING JR WY","DELAWARE ST",45,"S","N","2007-05-23",103,"2007-01-25",1500,"112","23","5","6","0","0",,"0","003","-","N",,0,0,,,0,,,,"Y",3,"A","-",22517,,"N","A","H","-","A","D","0","Y","A","01",0,0,1,0,0,0,0,0,0,"-","-","BERKELEY","ALAMEDA","CA",0,0
"3045786",-122.271821603,37.8476028442,2007,"0103","0","5","4","18",0,1,"B",,,"Y",,,1800,1,"F","A","A","ADELINE  ST","STANFORD AV",40,"N","N","2007-05-17",103,"2007-01-26",1722,"160","40","5","6","0","0",,"0","011","-","N",,0,0,,,0,,,,"N",1,"C","-",0,,"N","B","H","-","B","D","0","Y","-","-",0,0,1,0,0,0,0,0,1,"-","-","BERKELEY","ALAMEDA","CA",0,0
"3045788",0,0,2007,"0103","0","1","4","08",0,1,"A",,,,,,1800,1,"B","C","A","MARINA BL","UNIVERSITY AV",514,"N","N","2007-05-19",103,"2007-01-08",1515,"157","20","5","6","0","0",,"0","019","-","N",,0,0,,,0,,,,"N",2,"A","-",22107,,"N","A","H","-","A","A","0","Y","A","01",0,0,1,0,0,0,0,0,0,"-","-","BERKELEY","ALAMEDA","CA",0,0
"3045794",-122.291873154,37.8606338501,2007,"0103","0","5","3","01",0,1,"A",,"Y",,,"Y",2100,1,"D","G","A","DWIGHT WY","9TH ST",0,,"Y","2007-05-17",103,"2007-01-26",1940,"141","32","5","6","0","0",,"0","015","-","N",,0,0,,,0,,,,"N",2,"A","-",23153,"A","N","B","H","-","C","A","0","Y","A","01",0,1,0,0,0,0,1,0,0,"-","-","BERKELEY","ALAMEDA","CA",0,0
"3045798",-122.270627252,37.8700180054,2007,"0103","0","6","4","03",0,1,"B",,"Y",,,,1200,1,"H","A","A","MILVIA ST","CENTER ST",12,"N","N","2007-05-23",103,"2007-01-27",1132,"57","29","5","6","0","0",,"0","004","-","N",,0,0,,,0,,,,"N",1,"A","-",22350,,"N","B","H","-","A","D","0","Y","-","-",0,0,1,0,0,0,1,0,0,"-","-","BERKELEY","ALAMEDA","CA",0,0
"3045804",-122.242322109,37.85756981,2007,"0103","0","6","4","09",0,3,"A",,,,,,2100,1,"D","C","A","RT 13","DOMINGO AV",0,,"Y","2007-06-01",103,"2007-01-06",1842,"106","38","5","6","0","0",,"0","008","-","Y","ALA",4,13,"-","-",10.69,"I","5","N","Y",2,"A","-",21801,"A","N","A","H","-","C","A","0","Y","A",,0,0,3,0,0,0,0,0,0,"-","-","BERKELEY","ALAMEDA","CA",0,0
"3045823",-122.269693152,37.8682937622,2007,"0103","0","6","4","03",0,1,"A",,"Y",,,,1200,1,"E","I","A","KITTREDGE ST","HAROLD WY",0,,"Y","2007-05-17",103,"2007-01-13",914,"128","29","5","6","0","0",,"0","004","F","N",,0,0,,,0,,,,"N",1,"A","-",22350,,"N","C","A","-","A","D","0","Y","L","04",0,0,1,0,0,0,1,0,0,"-","-","BERKELEY","ALAMEDA","CA",0,0
"3045825",-122.267988919,37.855110714,2007,"0103","0","1","4","03",0,1,"B",,,,,,1800,1,"C","C","A","RT 13","SHATTUCK AV",200,"W","N","2007-05-31",103,"2007-01-29",1645,"115","35","5","6","0","0",,"0","010","-","Y","ALA",4,13,"-","-",12.1,"H","-","S","N",2,"A","-",22350,,"F","A","H","-","A","A","0","Y","D",,0,0,1,0,0,0,0,0,0,"-","-","BERKELEY","ALAMEDA","CA",0,0
"3045826",-122.252784533,37.8707351685,2007,"0103","0","6","4","08",0,1,"A",,"Y",,,,2100,1,"H","G","A","PIEDMONT AV","BANCROFT WY",434,"N","N","2007-05-17",103,"2007-01-20",2000,"23","27","5","6","0","0",,"0","007","-","N",,0,0,,,0,,,,"N",2,"A","-",22107,,"N","A","H","-","C","D","0","Y","L","04",0,0,1,0,0,0,1,0,0,"-","-","BERKELEY","ALAMEDA","CA",0,0
"3045827",-122.241772992,37.857254775,2007,"0103","0","6","4","04",0,1,"A",,,,,,1500,1,"C","C","A","TUNNEL RD","RIDGE RD",272,"W","N","2007-05-31",103,"2007-01-13",1200,"47","37","5","6","0","0",,"0","008","-","Y","ALA",4,13,"-","-",10.59,"H","-","S","N",2,"A","-",21703,,"N","A","H","-","A","A","0","Y","A",,0,0,1,0,0,0,0,0,0,"-","-","BERKELEY","ALAMEDA","CA",0,0
"3045828",-122.298183156,37.8693351746,2007,"0103","0","5","3","09",0,1,"A",,,"Y",,,2100,1,"D","C","A","6TH ST","HEARST AV",0,,"Y","2007-05-17",103,"2007-01-05",1912,"31","20","5","6","0","0",,"0","110","-","N",,0,0,,,0,,,,"N",2,"A","-",21801,"A","F","A","H","-","C","A","0","Y","A",,0,1,0,0,0,0,0,0,1,"-","-","BERKELEY","ALAMEDA","CA",0,0
"3045833",-122.259233149,37.8595466614,2007,"0103","0","1","3","08",0,1,"A",,"Y",,,,1800,1,"D","G","A","TELEGRAPH AV","STUART ST",0,,"Y","2007-05-17",103,"2007-01-29",1645,"54","39","5","6","0","0",,"0","009","-","N",,0,0,,,0,,,,"N",2,"A","-",22107,,"F","A","H","-","A","A","0","Y","A","01",0,1,0,0,0,0,1,0,0,"-","-","BERKELEY","ALAMEDA","CA",0,0
"3045834",-122.290233817,37.862815214,2007,"0103","0","5","4","09",0,1,"A",,"Y",,,,1200,1,"D","G","A","RT 123","CHANNING WY",0,,"Y","2007-06-04",103,"2007-01-19",920,"112","20","5","6","0","0",,"0","015","-","Y","ALA",4,123,"-","-",2.7,"I","6","S","N",2,"A","-",21804,"A","N","-","H","-","A","A","0","Y","-",,0,0,1,0,0,0,1,0,0,"-","-","BERKELEY","ALAMEDA","CA",0,0
"3045836",-122.253115031,37.857028145,2007,"0103","0","5","3","08",0,2,"A",,,,,,1500,1,"D","C","A","BENVENUE ST","RT 13",194,"N","N","2007-06-01",103,"2007-01-05",1204,"77","36","5","6","0","0",,"0","009","-","Y","ALA",4,13,"-","-",11.3,"I","6","N","Y",2,"A","-",22107,,"N","A","H","-","A","D","0","Y","A",,0,1,1,0,0,0,0,0,0,"-","-","BERKELEY","ALAMEDA","CA",0,0
"3045838",0,0,2007,"0103","0","5","2","01",0,1,"A",,,,,"Y",2400,1,"C","C","A","EAST SHORE HWY","PAGE ST",420,"N","N","2007-05-17",103,"2007-01-19",2105,"112","20","5","6","0","0",,"0","017","-","N",,0,0,,,0,,,,"Y",2,"A","-",23152,"A","N","A","H","-","C","D","0","Y","A","07",1,0,0,0,0,0,0,0,0,"-","-","BERKELEY","ALAMEDA","CA",0,0
"3045839",-122.26616315,37.8523750305,2007,"0103","0","4","2","10",0,3,"A","Y",,,,,2400,1,"-","B","B","SHATTUCK AV","WOOLSEY ST",0,,"Y","2007-05-17",103,"2007-01-11",2326,"43","39","5","6","0","0",,"0","010","-","N",,0,0,,,0,,,,"Y",4,"A","-",21950,"A","N","A","H","-","C","B","0","Y","A",,3,0,0,0,3,0,0,0,0,"-","-","BERKELEY","ALAMEDA","CA",0,0
"3045840",-122.279192815,37.853269693,2007,"0103","0","5","4","09",0,4,"A",,,,,,1500,1,"A","C","A","RT 13","SACRAMENTO ST",0,,"Y","2007-05-31",103,"2007-01-05",1242,"141","33","5","6","0","0",,"0","013","-","Y","ALA",4,13,"-","-",12.76,"I","5","N","Y",2,"A","-",21801,"A","N","A","H","-","A","A","0","Y","A","01",0,0,4,0,0,0,0,0,0,"-","-","BERKELEY","ALAMEDA","CA",0,0
"3045869",-122.268551045,37.8803138733,2007,"0103","0","2","3","21",0,1,"B","Y",,,,,1200,1,"G","B","E","VINE ST","WALNUT ST",90,"W","N","2007-05-17",103,"2007-01-30",1036,"32","17","5","6","0","0",,"0","002","-","N",,0,0,,,0,,,,"N",2,"A","-",22106,,"N","A","H","-","A","D","0","Y","D","22",0,1,0,0,1,0,0,0,0,"-","-","BERKELEY","ALAMEDA","CA",0,0
"3045873",0,0,2007,"0103","0","3","3","08",0,1,"A",,,,,,1200,1,"D","C","A","ADELLE ST","62ND ST",0,,"Y","2007-05-17",103,"2007-01-03",1101,"6","24","5","6","0","0",,"0","011","B","N",,0,0,,,0,,,,"Y",2,"A","-",22107,,"N","A","H","-","A","A","0","Y","A","01",0,1,0,0,0,0,0,0,0,"-","-","BERKELEY","ALAMEDA","CA",0,0
"3045881",-122.28330046,37.8809700012,2007,"0103","0","1","4","08",0,1,"A",,,,,,1800,1,"E","I","A","SACRAMENTO ST","HOPKINS ST",2,"N","N","2007-05-23",103,"2007-01-01",1521,"128","19","5","6","0","0",,"0","018","B","N",,0,0,,,0,,,,"Y",1,"A","-",22107,,"N","A","H","-","A","A","0","Y","A","01",0,0,1,0,0,0,0,0,0,"-","-","BERKELEY","ALAMEDA","CA",0,0
"3045889",-122.273453153,37.8750648499,2007,"0103","0","2","4","09",0,1,"A",,,,,,1200,1,"D","C","A","MARTIN LUTHER KING JR WY","FRANCISCO ST",0,,"Y","2007-05-17",103,"2007-01-02",950,"126","23","5","6","0","0",,"0","003","-","N",,0,0,,,0,,,,"Y",2,"A","-",21802,"A","N","A","H","-","A","A","0","Y","A",,0,0,1,0,0,0,0,0,0,"-","-","BERKELEY","ALAMEDA","CA",0,0
"3068260",-122.296999544,37.840813949,2007,"0103","1","5","4","03",0,2,"A",,,,,,2100,1,"C","C","A","RT 80","POWELL ST",528,"E","N","2007-06-05",9370,"2007-01-12",1815,"01396",,"2","6","0","1",,"2","080","-","Y","ALA",4,80,"-","-",3.95,"H","-","E","N",2,"A","-",22350,,"M","A","H","-","D","D","6","Y","D","22",0,0,2,0,0,0,0,0,0,"-","-","BERKELEY","ALAMEDA","CA",0,0
"3068375",-122.299359159,37.851237016,2007,"0103","1","3","4","08",0,1,"A",,,,,,2100,1,"D","C","A","RT 80","ASHBY AV",40,"E","N","2007-06-08",9370,"2007-01-24",2045,"14464",,"2","6","0","1",,"2","081","-","Y","ALA",4,80,"-","-",4.68,"H","-","E","Y",2,"A","-",22107,,"N","A","H","-","C","D","6","Y","A","01",0,0,1,0,0,0,0,0,0,"-","-","BERKELEY","ALAMEDA","CA",0,0
"3068458",-122.297043153,37.839765002,2007,"0103","1","6","4","08",0,1,"A",,,,,,2100,1,"E","I","A","RT 80","POWELL ST",528,"E","N","2007-06-13",9370,"2007-01-20",2008,"01798",,"2","6","0","1",,"2","080","-","Y","ALA",4,80,"-","-",3.94,"H","-","W","Y",1,"A","-",22107,,"N","A","H","-","C","D","6","Y","A","01",0,0,1,0,0,0,0,0,0,"-","-","BERKELEY","ALAMEDA","CA",0,0
"3084016",-122.30035077,37.853987878,2007,"0103","1","6","3","01",0,1,"A",,,,,"Y",300,2,"E","I","A","RT 80","ASHBY AV",1584,"E","N","2007-06-27",9370,"2007-02-17",228,"01747",,"3","6","0","1",,"2","081","-","Y","ALA",4,80,"-","-",4.88,"H","-","W","Y",1,"A","-",23152,"A","N","A","H","-","C","D","6","Y","A","01",0,1,0,0,0,0,0,0,0,"-","-","BERKELEY","ALAMEDA","CA",0,0
"3084150",-122.299253239,37.849698107,2007,"0103","1","4","4","03",0,1,"A",,,,,,2100,2,"C","C","A","RT 80","EAST ASHBY AV",284,"E","N","2007-06-27",9370,"2007-02-01",1830,"01396",,"2","6","0","1",,"2","081","-","Y","ALA",4,80,"-","-",4.63,"H","-","W","Y",3,"A","-",22350,,"N","A","H","-","D","D","6","Y","A","07",0,0,1,0,0,0,0,0,0,"-","-","BERKELEY","ALAMEDA","CA",0,0
"3084452",-122.299999777,37.852716356,2007,"0103","1","2","4","03",0,4,"A",,,,,,1800,1,"C","C","A","RT 80","ASHBY AV",1056,"E","N","2007-06-08",9370,"2007-01-09",1730,"01353",,"2","6","0","1",,"2","081","-","Y","ALA",4,80,"-","-",4.78,"H","-","W","Y",4,"A","-",22350,,"F","A","H","-","A","D","6","Y","A","01",0,0,4,0,0,0,0,0,0,"-","-","BERKELEY","ALAMEDA","CA",0,0
"3103203",-122.268713153,37.8748245239,2007,"0103","0","3","4","09",0,1,"A",,,,,,1500,3,"D","C","A","SHATTUCK AV","DELAWARE ST",0,,"Y","2007-07-31",103,"2007-03-21",1308,"90","24","5","6","0","0",,"0","003","-","N",,0,0,,,0,,,,"N",2,"A","-",21802,"A","N","A","H","-","A","D","0","Y","-","-",0,0,1,0,0,0,0,0,0,"-","-","BERKELEY","ALAMEDA","CA",0,0
"3103205",-122.302154683,37.865737915,2007,"0103","0","7","2","00",0,2,"A",,"Y",,,,1500,3,"A","-","A","BOLIVAR DR","ADDISON ST",10,"N","N","2007-07-31",103,"2007-03-11",1327,"79","20","5","6","0","0",,"0","016","-","N",,0,0,,,0,,,,"N",2,"D","-",0,,"N","A","H","-","A","D","0","Y","-","-",1,0,1,0,0,0,2,0,0,"-","-","BERKELEY","ALAMEDA","CA",0,0
"3103207",-122.269641743,37.8683013916,2007,"0103","0","3","4","03",0,1,"A",,,,,,1500,3,"H","A","A","KITTREDGE ST","HAROLD WY",15,"E","N","2007-10-13",103,"2007-03-21",1340,"47","29","5","6","0","0",,"0","004","-","N",,0,0,,,0,,,,"N",1,"A","-",22350,,"N","A","H","-","A","D","0","Y","-",,0,0,1,0,0,0,0,0,0,"-","-","BERKELEY","ALAMEDA","CA",0,0
"3103208",-122.277435861,37.85348386,2007,"0103","0","1","3","09",0,1,"C",,"Y",,,,1800,3,"D","G","A","ASHBY AV","CALIFORNIA ST",0,,"Y","2007-08-09",103,"2007-03-26",1724,"127","34","5","6","0","0",,"0","011","-","Y","ALA",4,13,"-","-",12.65,"H","-","S","N",2,"A","-",21802,"A","N","B","H","-","A","D","0","Y","L",,0,1,0,0,0,0,1,0,0,"-","-","BERKELEY","ALAMEDA","CA",0,0
"3103212",-122.265303151,37.8642463684,2007,"0103","0","1","4","04",0,1,"C",,,,,,1800,3,"C","C","A","DWIGHT WY","FULTON ST",0,,"Y","2007-07-31",103,"2007-03-26",1549,"159","29","5","6","0","0",,"0","005","-","N",,0,0,,,0,,,,"N",2,"A","-",21703,,"N","B","H","-","A","A","0","Y","D",,0,0,1,0,0,0,0,0,0,"-","-","BERKELEY","ALAMEDA","CA",0,0
"3103213",-122.291978406,37.868140757,2007,"0103","0","1","3","08",0,1,"A",,,,,,900,3,"A","I","A","RT 123","ADDISON ST",0,,"Y","2007-08-06",103,"2007-03-12",856,"61","32","5","6","0","0",,"0","016","-","Y","ALA",4,123,"-","-",3.08,"I","6","S","Y",1,"A","-",22107,,"N","A","H","-","A","A","0","Y","A",,0,1,0,0,0,0,0,0,0,"-","-","BERKELEY","ALAMEDA","CA",0,0
"3103217",-122.289538779,37.860564378,2007,"0103","0","1","4","01",0,1,"A",,,,,,1200,3,"B","E","A","RT 123","DWIGHT WY",54,"S","N","2007-08-14",103,"2007-03-12",1104,"92","33","5","6","0","0",,"0","014","-","Y","ALA",4,123,"-","-",2.54,"H","-","S","Y",2,"A","-",23152,"A","N","A","H","-","A","A","0","Y","A",,0,0,1,0,0,0,0,0,0,"-","-","BERKELEY","ALAMEDA","CA",0,0
"3103221",-122.281983154,37.8694343567,2007,"0103","0","1","3","09",0,1,"A",,"Y",,,,1500,3,"D","G","A","SACRAMENTO ST","ADDISON ST",0,,"Y","2007-07-30",103,"2007-03-12",1427,"131","C31","5","6","0","0",,"0","B14","-","N",,0,0,,,0,,,,"N",2,"A","-",21802,,"N","-","H","-","A","A","0","Y","L","04",0,1,0,0,0,0,1,0,0,"-","-","BERKELEY","ALAMEDA","CA",0,0
"3103225",-122.305663157,37.8664131165,2007,"0103","0","6","4","09",0,1,"A",,,,,,1500,3,"D","C","A","UNIVERSITY AV","WEST FRONTAGE RD",0,,"Y","2007-07-30",103,"2007-03-17",1313,"14","0103","5","6","0","0",,"0","016","-","N",,0,0,,,0,,,,"N",2,"A","-",21801,"B","N","A","H","-","A","A","0","Y","-","-",0,0,1,0,0,0,0,0,0,"-","-","BERKELEY","ALAMEDA","CA",0,0
"3103226",-122.26695315,37.8585166931,2007,"0103","0","5","3","09",0,1,"A",,,"Y",,,1500,3,"H","-","A","SHATTUCK AV","STUART ST",0,,"Y","2007-07-30",103,"2007-03-16",1405,"6","35","5","6","0","0",,"0","010","-","N",,0,0,,,0,,,,"Y",2,"A","-",21802,"A","N","A","H","-","A","A","0","Y","A","07",0,1,0,0,0,0,0,0,1,"-","-","BERKELEY","ALAMEDA","CA",0,0
"3103227",-122.281983154,37.8694343567,2007,"0103","0","4","4","09",0,1,"A",,,"Y",,,1200,3,"D","C","A","SACRAMENTO ST","ADDISON ST",0,,"Y","2007-07-31",103,"2007-03-22",935,"131","C31","5","6","0","0",,"0","B14","-","N",,0,0,,,0,,,,"Y",2,"A","-",21802,,"N","A","H","-","A","A","0","Y","A","01",0,0,1,0,0,0,0,0,1,"-","-","BERKELEY","ALAMEDA","CA",0,0
"3103235",-122.279518672,37.8549118042,2007,"0103","0","4","4","01",0,1,"A",,,,,"Y",1200,3,"C","C","A","SACRAMENTO ST","RUSSELL ST",10,"N","N","2007-07-31",103,"2007-03-22",1006,"131","C33","5","6","0","0",,"0","B14","-","N",,0,0,,,0,,,,"Y",2,"A","-",23152,"A","F","A","H","-","A","D","0","Y","M",,0,0,1,0,0,0,0,0,0,"-","-","BERKELEY","ALAMEDA","CA",0,0
"3103237",-122.301383158,37.8793754578,2007,"0103","0","2","3","10",0,3,"A","Y",,,,,2100,3,"G","B","B","GILMAN ST","6TH ST",0,,"Y","2007-08-07",103,"2007-03-13",1915,"12","20","5","6","0","0",,"0","017","-","N",,0,0,,,0,,,,"N",4,"A","-",21950,"A","N","A","H","-","B","A","0","Y","A","01",0,1,2,0,3,0,0,0,0,"-","-","BERKELEY","ALAMEDA","CA",0,0
"3103239",-122.270623152,37.8699836731,2007,"0103","0","4","4","09",0,1,"A",,,,,,1500,3,"C","D","A","MILVIA ST","CENTER ST",0,,"Y","2007-07-31",103,"2007-03-22",1330,"8","29","5","6","0","0",,"0","005","-","N",,0,0,,,0,,,,"N",2,"A","-",21802,"A","N","A","H","-","A","A","0","Y","A",,0,0,1,0,0,0,0,0,0,"-","-","BERKELEY","ALAMEDA","CA",0,0
"3103245",-122.267247991,37.855194686,2007,"0103","0","3","3","12",0,1,"A",,,,,,300,3,"A","C","A","SHATTUCK AV","RT 13",0,,"Y","2007-08-14",103,"2007-03-14",217,"54","39","5","6","0","0",,"0","010","-","Y","ALA",4,13,"-","-",12.058,"I","5","S","Y",2,"A","-",21457,"A","N","A","H","-","C","A","0","Y","A","01",0,1,0,0,0,0,0,0,0,"-","-","BERKELEY","ALAMEDA","CA",0,0
"3103247",-122.266423152,37.8741455078,2007,"0103","0","4","4","09",0,1,"A",,,,,,2400,3,"D","C","A","OXFORD ST","HEARST AV",0,,"Y","2007-07-31",103,"2007-03-22",2300,"123","26","5","6","0","0",,"0","003","-","N",,0,0,,,0,,,,"Y",2,"A","-",21801,"A","N","A","H","-","C","A","0","Y","D","22",0,0,1,0,0,0,0,0,0,"-","-","BERKELEY","ALAMEDA","CA",0,0
"3103249",-122.290882902,37.851099105,2007,"0103","0","3","3","03",0,1,"A",,,,"Y",,900,3,"C","C","A","RT 13","7TH ST",100,"W","N","2007-08-14",103,"2007-03-14",645,"61","20","5","6","0","0",,"0","015","-","Y","ALA",4,13,"-","-",13.46,"H","-","S","Y",3,"A","-",22350,,"N","A","H","-","B","A","0","Y","A",,0,1,0,0,0,0,0,0,0,"-","-","BERKELEY","ALAMEDA","CA",0,0
"3103251",-122.245453147,37.8598060608,2007,"0103","0","5","3","11",0,1,"A","Y",,,,,1500,3,"G","B","B","CLAREMONT BL","AVALON AV",0,,"Y","2007-07-31",103,"2007-03-23",1259,"126","37","5","6","0","0",,"0","008","-","N",,0,0,,,0,,,,"N",2,"A","-",21950,"B","N","A","H","-","A","A","0","Y","N","60",0,1,0,0,1,0,0,0,0,"-","-","BERKELEY","ALAMEDA","CA",0,0
"3103253",-122.294193156,37.8714637756,2007,"0103","0","3","3","11",0,1,"A","Y",,,,,900,3,"G","B","B","DELAWARE ST","10TH ST",0,,"Y","2007-07-30",103,"2007-03-14",703,"112","21","5","6","0","0",,"0","016","-","N",,0,0,,,0,,,,"N",2,"A","-",21950,"B","N","A","H","-","B","A","0","Y","N","60",0,1,0,0,1,0,0,0,0,"-","-","BERKELEY","ALAMEDA","CA",0,0
"3103254",0,0,2007,"0103","0","1","4","08",0,1,"B",,,,,,1800,3,"B","C","A","HOPKINS ST","STANNAVE ST",93,"E","N","2007-07-31",103,"2007-03-19",1605,"128","19","5","6","0","0",,"0","017","-","N",,0,0,,,0,,,,"Y",2,"A","-",22107,,"N","A","H","-","A","D","0","Y","A","01",0,0,1,0,0,0,0,0,0,"-","-","BERKELEY","ALAMEDA","CA",0,0
"3103259",-122.27157315,37.8486938477,2007,"0103","0","5","4","08",0,1,"A",,,,,,2100,3,"D","A","A","ALCATRAZ AV","ADELINE AV",0,,"Y","2007-07-31",103,"2007-03-23",2046,"118","39","5","6","0","0",,"0","010","-","N",,0,0,,,0,,,,"Y",2,"A","-",22107,,"N","A","H","-","C","A","0","Y","A","01",0,0,1,0,0,0,0,0,0,"-","-","BERKELEY","ALAMEDA","CA",0,0
"3103265",-122.289593155,37.8694839478,2007,"0103","0","3","4","09",0,1,"A",,,,,,1500,3,"D","C","A","UNIVERSITY AV","CURTIS ST",0,,"Y","2007-07-30",103,"2007-03-14",1403,"131","C22","5","6","0","0",,"0","B14","-","N",,0,0,,,0,,,,"Y",2,"A","-",21802,,"N","A","H","-","A","A","0","Y","A","01",0,0,1,0,0,0,0,0,0,"-","-","BERKELEY","ALAMEDA","CA",0,0
"3103266",-122.273553153,37.8760032654,2007,"0103","0","2","4","03",0,1,"A",,,,,,1800,3,"C","C","A","MARTIN LUTHER KING JR WY","VIRGINIA ST",0,,"Y","2007-08-02",103,"2007-03-20",1659,"159","24","5","6","0","0",,"0","003","-","N",,0,0,,,0,,,,"N",2,"A","-",22350,,"N","A","H","-","A","D","0","Y","A","01",0,0,1,0,0,0,0,0,0,"-","-","BERKELEY","ALAMEDA","CA",0,0
"3103273",-122.253913149,37.8657264709,2007,"0103","0","2","4","08",0,1,"A",,,,,,1800,3,"B","C","A","DWIGHT WY","COLLEGE AV",0,,"Y","2007-09-29",103,"2007-03-13",1600,"23","27","5","6","0","0",,"0","007","-","N",,0,0,,,0,,,,"N",2,"A","-",22100,"A","N","A","H","-","A","A","0","Y","D",,0,0,1,0,0,0,0,0,0,"-","-","BERKELEY","ALAMEDA","CA",0,0