"CASEID","POINT_X","POINT_Y","YEAR_","LOCATION","CHPTYPE","DAYWEEK","CRASHSEV","VIOLCAT","KILLED","INJURED","WEATHER1","PEDCOL","BICCOL","MCCOL","TRUCKCOL","ETOH","TIMECAT","MONTH_","CRASHTYP","INVOLVE","PED","PRIMARYRD","SECONDRD","DISTANCE","DIRECT","INTERSECT_","PROCDATE","JURIS","DATE_","TIME_","BADGE","JURIDIST","SHIFT","POP","SPECIAL","BEATTYPE","LAPDDIV","BEATCLAS","BEATNUMB","WEATHER2","STATEHW","CALTRANC","CALTRAND","STROUTE","ROUTESUF","POSTPRE","POSTMILE","LOCATYPE","RAMP","SIDEHW","TOWAWAY","PARTIES","PCF","VIOLCODE","VIOL","VIOLSUB","HITRUN","ROADSURF","RDCOND1","RDCOND2","LIGHTING","RIGHTWAY","CHPRDTYP","NOTPRIV","STFAULT","CHPFAULT","SEVINJ","OTHERINJ","COP","PEDKILL","PEDINJ","BICKILL","BICINJ","MCKILL","MCINJURE","RAMP1","RAMP2","CITY","COUNTY","STATE","X_CHP","Y_CHP"
"3281606",-122.299823158,37.8778038025,2007,"0103","0","6","4","09",0,1,"A",,,,,,1800,6,"D","C","A","7TH ST","CAMELIA",0,,"Y","2007-11-14",103,"2007-06-09",1735,"157","20","5","6","0","0",,"0","017","-","N",,0,0,,,0,,,,"Y",2,"A","-",21802,"A","N","A","H","-","A","A","0","Y","A",,0,0,1,0,0,0,0,0,0,"-","-","BERKELEY","ALAMEDA","CA",0,0
"3281607",-122.294560325,37.876552113,2007,"0103","0","4","3","17",0,1,"A",,"Y",,,,2100,6,"B","G","A","RT 123","JONES ST",36,"N","N","2007-11-28",103,"2007-06-14",1909,"157","19","5","6","0","0",,"0","017","-","Y","ALA",4,123,"-","-",3.69,"H","-","N","N",2,"A","-",22517,,"N","A","H","-","A","A","0","Y","A","01",0,1,0,0,0,0,1,0,0,"-","-","BERKELEY","ALAMEDA","CA",0,0
"3281614",-122.26667859,37.8766441345,2007,"0103","0","7","3","17",0,1,"A",,"Y",,,,1500,6,"E","G","A","OXFORD ST","VIRGINIA ST",85,"S","N","2007-11-14",103,"2007-06-10",1229,"18","24","5","6","0","0",,"0","002","-","N",,0,0,,,0,,,,"N",2,"A","-",22517,,"N","A","H","-","A","D","0","Y","A","01",0,1,0,0,0,0,1,0,0,"-","-","BERKELEY","ALAMEDA","CA",0,0
"3281618",-122.26693014,37.8552304,2007,"0103","0","1","4","03",0,2,"A",,,,,,1200,6,"C","C","A","ASHBY AV","SHATTUCK AV",100,"E","N","2007-12-14",103,"2007-06-11",947,"56","35","5","6","0","0",,"0","010","-","Y","ALA",4,13,"-","-",12.04,"H","-","S","N",3,"A","-",22350,,"N","A","H","-","A","A","0","Y","A","01",0,0,2,0,0,0,0,0,0,"-","-","BERKELEY","ALAMEDA","CA",0,0
"3281620",0,0,2007,"0103","0","7","2","03",0,1,"A",,,"Y",,,2100,6,"E","C","A","WILDCAT CANYON RD","SUNSET LN",528,"N","N","2007-11-14",103,"2007-06-24",1811,"37","11","5","6","0","0",,"0","001","-","N",,0,0,,,0,,,,"Y",2,"A","-",22350,,"N","A","H","-","A","D","0","Y","C","02",1,0,0,0,0,0,0,0,1,"-","-","BERKELEY","ALAMEDA","CA",0,0
"3281628",-122.288265117,37.857130895,2007,"0103","0","1","4","04",0,1,"A",,,,,,1500,6,"C","C","A","RT 123","PARDEE ST",12,"S","N","2007-11-28",103,"2007-06-25",1249,"99","33","5","6","0","0",,"0","013","-","Y","ALA",4,123,"-","-",2.28,"H","-","N","Y",2,"A","-",21703,,"N","A","H","-","A","D","0","Y","A","01",0,0,1,0,0,0,0,0,0,"-","-","BERKELEY","ALAMEDA","CA",0,0
"3281631",-122.292586193,37.869,2007,"0103","0","5","4","07",0,1,"A",,,,,,1200,6,"C","C","A","UNIVERSITY AV","SAN PABLO AV",106,"W","N","2007-11-28",103,"2007-06-15",1148,"146","32","5","6","0","0",,"0","016","-","Y","ALA",4,123,"-","-",3.15,"I","6","S","N",2,"A","-",21658,"A","N","A","H","-","A","A","0","Y","A","01",0,0,1,0,0,0,0,0,0,"-","-","BERKELEY","ALAMEDA","CA",0,0
"3281632",-122.286437856,37.851442459,2007,"0103","0","1","4","03",0,1,"A",,"Y",,,,1800,6,"D","G","A","SAN PABLO AV","FOLGER AV",8,"N","N","2007-11-28",103,"2007-06-25",1545,"146","33","5","6","0","0",,"0","013","-","Y","ALA",4,123,"-","-",1.86,"H","-","N","N",2,"A","-",22350,,"N","A","H","-","A","D","0","Y","A","01",0,0,1,0,0,0,1,0,0,"-","-","BERKELEY","ALAMEDA","CA",0,0
"3281634",-122.272483152,37.8669967651,2007,"0103","0","1","4","08",0,1,"A",,,,,,1800,6,"B","C","A","BANCROFT WY","MARTIN LUTHER KING JR WY",0,,"Y","2007-11-14",103,"2007-06-11",1640,"32","30","5","6","0","0",,"0","005","-","N",,0,0,,,0,,,,"Y",2,"A","-",22107,,"N","A","H","-","A","A","0","Y","A","08",0,0,1,0,0,0,0,0,0,"-","-","BERKELEY","ALAMEDA","CA",0,0
"3281636",-122.267223151,37.8597831726,2007,"0103","0","1","3","08",0,1,"A",,"Y",,,,1800,6,"B","G","A","SHATTUCK AV","ADELINE ST",0,,"Y","2007-11-14",103,"2007-06-25",1720,"43","35","5","6","0","0",,"0","010","-","N",,0,0,,,0,,,,"N",2,"A","-",22107,,"N","A","H","-","A","A","0","Y","A","01",0,1,0,0,0,0,1,0,0,"-","-","BERKELEY","ALAMEDA","CA",0,0
"3281637",-122.27363315,37.8484268188,2007,"0103","0","4","4","00",0,1,"A",,,,,,2100,6,"D","C","A","ALCATRAZ AV","KING ST",0,,"Y","2007-11-14",103,"2007-06-07",1853,"160","40","5","6","0","0",,"0","011","-","N",,0,0,,,0,,,,"N",2,"D","-",0,,"N","A","H","-","A","D","0","Y","-","-",0,0,1,0,0,0,0,0,0,"-","-","BERKELEY","ALAMEDA","CA",0,0
"3281638",-122.267473151,37.8639564514,2007,"0103","0","2","3","11",0,1,"A","Y",,,,,900,6,"D","B","B","SHATTUCK AV","DWIGHT WY",0,,"Y","2007-11-14",103,"2007-06-12",709,"143","29","5","6","0","0",,"0","005","-","N",,0,0,,,0,,,,"N",2,"A","-",21950,"B","N","A","H","-","A","A","0","Y","N","60",0,1,0,0,1,0,0,0,0,"-","-","BERKELEY","ALAMEDA","CA",0,0
"3281641",-122.271909265,37.8515892029,2007,"0103","0","5","3","09",0,2,"A",,,,,,900,6,"D","C","A","HARPER ST","WOOLSEY ST",53,"S","N","2007-11-29",103,"2007-06-08",800,"58","40","5","6","0","0",,"0","011","-","N",,0,0,,,0,,,,"N",2,"A","-",21804,"A","N","A","H","-","A","D","0","Y","A","01",0,1,1,0,0,0,0,0,0,"-","-","BERKELEY","ALAMEDA","CA",0,0
"3281642",-122.305663157,37.8664131165,2007,"0103","0","2","4","09",0,1,"A",,,,,,1800,6,"D","C","A","UNIVERSITY AV","WEST FRONTAGE RD",0,,"Y","2007-11-29",103,"2007-06-12",1601,"135","20","5","6","0","0",,"0","016","-","N",,0,0,,,0,,,,"Y",2,"A","-",21800,"A","F","A","H","-","A","A","0","Y","A","01",0,0,1,0,0,0,0,0,0,"-","-","BERKELEY","ALAMEDA","CA",0,0
"3281644",-122.283003155,37.87890625,2007,"0103","0","1","4","09",0,1,"A",,,,,,2100,6,"A","-","A","ROSE ST","SACRAMENTO ST",0,,"Y","2007-11-14",103,"2007-06-25",1927,"72","19","5","6","0","0",,"0","018","-","N",,0,0,,,0,,,,"Y",2,"A","-",21801,"A","N","A","H","-","B","A","0","Y","A","08",0,0,1,0,0,0,0,0,0,"-","-","BERKELEY","ALAMEDA","CA",0,0
"3281645",-122.29241001,37.869527231,2007,"0103","0","5","4","03",0,1,"A",,,,,,1200,6,"C","C","A","RT 123","UNIVERSITY AV",183,"N","N","2007-12-14",103,"2007-06-08",1114,"122","21","5","6","0","0",,"0","016","-","Y","ALA",4,123,"-","-",3.18,"H","-","S","N",2,"A","-",22350,,"N","A","H","-","A","A","0","Y","A","01",0,0,1,0,0,0,0,0,0,"-","-","BERKELEY","ALAMEDA","CA",0,0
"3281646",-122.25638315,37.8663063049,2007,"0103","0","2","4","12",0,1,"A",,,,,,1800,6,"D","C","A","HASTE ST","BOWDITCH ST",0,,"Y","2007-11-14",103,"2007-06-12",1623,"93","28","5","6","0","0",,"0","007","-","N",,0,0,,,0,,,,"Y",2,"A","-",22450,,"N","A","H","-","A","A","0","Y","A","01",0,0,1,0,0,0,0,0,0,"-","-","BERKELEY","ALAMEDA","CA",0,0
"3281650",-122.253710435,37.8635253906,2007,"0103","0","3","3","17",0,1,"A",,"Y",,,,1200,6,"B","G","A","COLLEGE AV","PARKER ST",150,"S","N","2007-11-14",103,"2007-06-13",1008,"143","36","5","6","0","0",,"0","007","-","N",,0,0,,,0,,,,"N",2,"A","-",22517,,"N","A","H","-","A","D","0","Y","A","01",0,1,0,0,0,0,1,0,0,"-","-","BERKELEY","ALAMEDA","CA",0,0
"3281652",-122.269638895,37.854445217,2007,"0103","0","5","4","03",0,1,"A",,,,,,1200,6,"C","C","A","RT 13","ADELINE ST",45,"E","N","2007-12-11",103,"2007-06-29",1030,"47","39","5","6","0","0",,"0","010","-","Y","ALA",4,13,"-","-",12.23,"H","-","N","N",2,"A","-",22350,,"N","A","H","-","A","A","0","Y","I","11",0,0,1,0,0,0,0,0,0,"-","-","BERKELEY","ALAMEDA","CA",0,0
"3281655",-122.290505384,37.8693618774,2007,"0103","0","5","4","03",0,2,"A",,,,,,1500,6,"C","C","A","UNIVERSITY AV","CURTIS ST",267,"W","N","2007-11-14",103,"2007-06-22",1301,"53","22","5","6","0","0",,"0","018","-","N",,0,0,,,0,,,,"N",3,"A","-",22350,,"N","A","H","-","A","D","0","Y","A","01",0,0,2,0,0,0,0,0,0,"-","-","BERKELEY","ALAMEDA","CA",0,0
"3281656",-122.292534334,37.870378542,2007,"0103","0","4","3","17",0,1,"A",,,"Y",,,1800,6,"D","D","A","RT 123","HEARST AV",0,,"Y","2007-12-05",103,"2007-06-28",1733,"27","22","5","6","0","0",,"0","018","-","Y","ALA",4,123,"-","-",3.24,"I","5","N","N",3,"A","-",21461,"A","N","A","H","-","A","A","0","Y","A","01",0,1,0,0,0,0,0,0,1,"-","-","BERKELEY","ALAMEDA","CA",0,0
"3281661",-122.276133156,37.8973045349,2007,"0103","0","5","4","08",0,1,"A",,"Y",,,,1500,6,"D","G","A","ARLINGTON AV","THOUSAND OAKS",0,,"Y","2007-11-14",103,"2007-06-08",1345,"112","12","5","6","0","0",,"0","001","-","N",,0,0,,,0,,,,"N",2,"A","-",22107,,"F","-","H","-","A","D","0","Y","D","22",0,0,1,0,0,0,1,0,0,"-","-","BERKELEY","ALAMEDA","CA",0,0
"3281662",-122.266531857,37.8552322388,2007,"0103","0","4","3","00",0,1,"A",,"Y",,,,900,6,"B","G","A","SHATTUCK AV","ASHBY AV",15,"S","N","2007-11-14",103,"2007-06-14",755,"47","35","5","6","0","0",,"0","010","-","N",,0,0,,,0,,,,"N",2,"D","-",0,,"N","A","H","-","A","D","0","Y","-","-",0,1,0,0,0,0,1,0,0,"-","-","BERKELEY","ALAMEDA","CA",0,0
"3281663",-122.297133156,37.8695449829,2007,"0103","0","5","4","03",0,3,"A",,,,,,1500,6,"C","D","A","HEARST ST","7TH ST",0,,"Y","2007-11-14",103,"2007-06-22",1350,"24","21","5","6","0","0",,"0","016","-","N",,0,0,,,0,,,,"N",2,"A","-",22350,,"N","A","H","-","A","D","0","Y","A",,0,0,3,0,0,0,0,0,0,"-","-","BERKELEY","ALAMEDA","CA",0,0
"3281664",-122.246667694,37.8607063293,2007,"0103","0","5","2","03",0,1,"A",,"Y",,,,1800,6,"E","I","A","CLAREMONT BL","BELROSE AV",247,"W","N","2007-11-15",103,"2007-06-29",1635,"106","37","5","6","0","0",,"0","008","-","N",,0,0,,,0,,,,"N",1,"A","-",22350,,"N","A","H","-","A","D","0","Y","L","04",1,0,0,0,0,0,1,0,0,"-","-","BERKELEY","ALAMEDA","CA",0,0
"3281665",-122.293586992,37.873143148,2007,"0103","0","5","4","03",0,1,"B",,,,,,1500,6,"C","C","A","SAN PABLO AV","VIRGINIA ST",90,"S","N","2007-12-14",103,"2007-06-08",1422,"76","22","5","6","0","0",,"0","018","-","Y","ALA",4,123,"-","-",3.45,"H","-","S","N",2,"A","-",22350,,"N","A","H","-","A","D","0","Y","A","01",0,0,1,0,0,0,0,0,0,"-","-","BERKELEY","ALAMEDA","CA",0,0
"3281666",0,0,2007,"0103","0","4","3","03",0,1,"A",,,,,,1500,6,"E","I","A","CRAGMONT AV","SHATTUCK AV",0,,"Y","2007-11-14",103,"2007-06-14",1306,"92","11","5","6","0","0",,"0","001","-","N",,0,0,,,0,,,,"Y",1,"A","-",22350,,"N","A","H","-","A","A","0","Y","A","01",0,1,0,0,0,0,0,0,0,"-","-","BERKELEY","ALAMEDA","CA",0,0
"3281667",-122.292325387,37.869258913,2007,"0103","0","5","4","21",0,1,"A",,,,,,1800,6,"C","C","A","RT 123","UNIVERSITY AV",36,"N","N","2007-11-28",103,"2007-06-22",1714,"110","32","5","6","0","0",,"0","016","-","Y","ALA",4,123,"-","-",3.16,"H","-","S","N",2,"A","-",22106,,"N","A","H","-","A","A","0","Y","A","01",0,0,1,0,0,0,0,0,0,"-","-","BERKELEY","ALAMEDA","CA",0,0
"3281668",-122.275563155,37.888885498,2007,"0103","0","5","4","03",0,1,"A",,,,,,2100,6,"C","C","A","MARIN AV","MONTEREY AV",0,,"Y","2007-11-15",103,"2007-06-29",1936,"37","131","5","6","0","0",,"0",,"-","N",,0,0,,,0,,,,"N",2,"A","-",22350,,"N","A","H","-","A","A","0","Y","A","01",0,0,1,0,0,0,0,0,0,"-","-","BERKELEY","ALAMEDA","CA",0,0
"3281669",-122.291646725,37.8663101196,2007,"0103","0","5","4","21",0,2,"B",,,,,,1800,6,"D","C","A","ALLSTON WY","SAN PABLO AV",75,"W","N","2007-11-14",103,"2007-06-08",1510,"76","32","5","6","0","0",,"0","016","-","N",,0,0,,,0,,,,"N",2,"A","-",22106,,"F","A","H","-","A","D","0","Y","-","99",0,0,2,0,0,0,0,0,0,"-","-","BERKELEY","ALAMEDA","CA",0,0
"3281670",-122.303613158,37.8789253235,2007,"0103","0","4","4","03",0,1,"A",,,,,,1800,6,"C","C","A","GILMAN ST","4TH ST",0,,"Y","2007-11-14",103,"2007-06-14",1530,"112","20","5","6","0","0",,"0","017","-","N",,0,0,,,0,,,,"N",2,"A","-",22350,,"N","A","H","-","A","D","0","Y","A","01",0,0,1,0,0,0,0,0,0,"-","-","BERKELEY","ALAMEDA","CA",0,0
"3281672",-122.253045094,37.857036295,2007,"0103","0","6","4","03",0,1,"A",,,,,,300,6,"C","C","A","RT 13","COLLEGE AV",0,,"Y","2007-12-07",103,"2007-06-30",4,"54","39","5","6","0","0",,"0","009","-","Y","ALA",4,13,"-","-",11.25,"H","-","S","N",2,"A","-",22350,,"N","A","H","-","C","A","0","Y","A","01",0,0,1,0,0,0,0,0,0,"-","-","BERKELEY","ALAMEDA","CA",0,0
"3281674",-122.295583156,37.8684654236,2007,"0103","0","4","3","00",0,1,"A",,"Y",,,,1800,6,"B","G","A","UNIVERSITY AV","8TH ST",0,,"Y","2007-11-14",103,"2007-06-14",1626,"24","21","5","6","0","0",,"0","016","-","N",,0,0,,,0,,,,"N",2,"D","-",0,,"N","A","H","-","A","D","0","Y","-","-",0,1,0,0,0,0,1,0,0,"-","-","BERKELEY","ALAMEDA","CA",0,0
"3281678",-122.271993152,37.8624649048,2007,"0103","0","4","3","09",0,1,"A",,,,,,1800,6,"D","C","A","MARTIN LUTHER KING JR WY","BLAKE ST",0,,"Y","2007-11-14",103,"2007-06-14",1649,"8","34","5","6","0","0",,"0","005","-","N",,0,0,,,0,,,,"Y",2,"A","-",21804,"A","N","A","H","-","A","D","0","Y","A",,0,1,0,0,0,0,0,0,0,"-","-","BERKELEY","ALAMEDA","CA",0,0
"3281679",-122.294393157,37.8789253235,2007,"0103","0","6","4","09",0,1,"A",,,,,,1800,6,"D","C","A","CAMELIA ST","KAINS AV",0,,"Y","2007-11-14",103,"2007-06-23",1523,"157","19","5","6","0","0",,"0","017","-","N",,0,0,,,0,,,,"Y",4,"A","-",21802,"A","N","A","H","-","A","A","0","Y","A","01",0,0,1,0,0,0,0,0,0,"-","-","BERKELEY","ALAMEDA","CA",0,0
"3281681",-122.273596951,37.8763809204,2007,"0103","0","5","4","03",0,1,"A",,,,,,1800,6,"C","C","A","MARTIN LUTHER KING JR WY","VIRGINIA ST",138,"N","N","2007-11-13",103,"2007-06-01",1522,"53","23","5","6","0","0",,"0","003","-","N",,0,0,,,0,,,,"Y",2,"A","-",22350,,"N","A","H","-","A","D","0","Y","A","01",0,0,1,0,0,0,0,0,0,"-","-","BERKELEY","ALAMEDA","CA",0,0
"3281685",0,0,2007,"0103","0","5","4","10",0,1,"A","Y",,,,,1800,6,"H","B","B","CEDAR ST","SHATTUCK AV",3,,"N","2007-11-13",103,"2007-06-01",1712,"37","17","5","6","0","0",,"0","001","-","N",,0,0,,,0,,,,"N",2,"A","-",21950,"A","N","A","H","-","A","A","0","Y","L","04",0,0,1,0,1,0,0,0,0,"-","-","BERKELEY","ALAMEDA","CA",0,0
"3281689",-122.284843155,37.874584198,2007,"0103","0","5","3","03",0,1,"A",,"Y",,,,1800,6,"H","I","A","VIRGINIA AV","ACTON ST",0,,"Y","2007-11-13",103,"2007-06-01",1755,"140","22","5","6","0","0",,"0","018","-","N",,0,0,,,0,,,,"N",1,"A","-",22350,,"N","A","-","-","A","A","0","Y","L","04",0,1,0,0,0,0,1,0,0,"-","-","BERKELEY","ALAMEDA","CA",0,0
"3281709",-122.27955138,37.853244764,2007,"0103","0","6","4","11",0,1,"B","Y",,,,,1800,6,"G","B","D","RT 13","SACRAMENTO ST",12,"W","N","2007-12-07",103,"2007-06-02",1743,"44","40","5","6","0","0",,"0","013","-","Y","ALA",4,13,"-","-",12.77,"H","-","S","N",2,"A","-",21954,"A","N","A","A","-","A","A","0","Y","N","60",0,0,1,0,1,0,0,0,0,"-","-","BERKELEY","ALAMEDA","CA",0,0
"3281717",-122.303143159,37.8809165955,2007,"0103","0","7","4","01",0,1,"A",,,,,"Y",1500,6,"D","C","A","5TH ST","HARRISON ST",0,,"Y","2007-11-13",103,"2007-06-03",1358,"64","20","5","6","0","0",,"0","017","-","N",,0,0,,,0,,,,"Y",2,"A","-",23153,"A","N","A","H","-","A","A","0","Y","A","01",0,0,1,0,0,0,0,0,0,"-","-","BERKELEY","ALAMEDA","CA",0,0
"3281733",-122.267163151,37.8612442017,2007,"0103","0","1","2","06",0,1,"B","Y",,,,,2400,6,"G","B","B","SHATTUCK AV","CARLETON ST",0,,"Y","2007-11-13",103,"2007-06-04",2143,"77","35","5","6","0","0",,"0","005","-","N",,0,0,,,0,,,,"N",2,"A","-",21951,,"F","A","H","-","C","D","0","Y","A","01",1,0,0,0,1,0,0,0,0,"-","-","BERKELEY","ALAMEDA","CA",0,0
"3281741",-122.263414459,37.855687708,2007,"0103","0","3","3","12",0,2,"A",,,,,,1500,6,"D","C","A","RT 13","FULTON ST",0,,"Y","2007-12-07",103,"2007-06-06",1335,"112","35","5","6","0","0",,"0","010","-","Y","ALA",4,13,"-","-",11.84,"I","5","S","Y",2,"A","-",21453,"A","N","A","H","-","A","A","0","Y","A","01",0,1,1,0,0,0,0,0,0,"-","-","BERKELEY","ALAMEDA","CA",0,0
"3281753",-122.28288727,37.850402832,2007,"0103","0","3","4","03",0,1,"A",,,,,,2100,6,"C","E","A","67TH ST","MABEL ST",49,"E","N","2007-11-14",103,"2007-06-06",1929,"110","40","5","6","0","0",,"0","013","-","N",,0,0,,,0,,,,"Y",2,"A","-",22350,,"N","A","H","-","A","D","0","Y","A","01",0,0,1,0,0,0,0,0,0,"-","-","BERKELEY","ALAMEDA","CA",0,0
"3281757",-122.281273153,37.8621635437,2007,"0103","0","4","4","03",0,2,"A",,,,,,1200,6,"C","C","A","SACRAMENTO ST","DWIGHT WY",0,,"Y","2007-11-14",103,"2007-06-07",908,"40","30","5","6","0","0",,"0","005","-","N",,0,0,,,0,,,,"N",2,"A","-",22350,,"N","A","H","-","A","A","0","Y","A","01",0,0,2,0,0,0,0,0,0,"-","-","BERKELEY","ALAMEDA","CA",0,0
"3282037",-122.241402881,37.856783674,2007,"0103","0","7","4","03",0,1,"A",,,,,,300,6,"B","C","A","TUNNEL RD","OAK RIDGE RD",79,"W","N","2008-04-07",103,"2007-06-10",100,"47","38","5","6","0","0",,"0","008","-","Y","ALA",4,13,"-","-",10.55,"H","-","S","N",2,"A","-",22350,,"F","A","H","-","C","D","0","Y","-","99",0,0,1,0,0,0,0,0,0,"-","-","BERKELEY","ALAMEDA","CA",0,0
"3282041",-122.28108411,37.8546218872,2007,"0103","0","4","2","09",0,1,"A",,"Y",,,,1800,5,"B","G","A","RUSSELL ST","DOHR ST",35,"E","N","2008-01-24",103,"2007-05-24",1753,"141","33","5","6","0","0",,"0","013","-","N",,0,0,,,0,,,,"N",2,"A","-",21804,"A","N","A","H","-","A","D","0","Y","L","04",1,0,0,0,0,0,1,0,0,"-","-","BERKELEY","ALAMEDA","CA",0,0
"3284352",-122.269412382,37.8816375732,2007,"0103","0","1","3","03",0,1,"A","Y",,,,,1200,5,"G","B","B","SHATTUCK AV","ROSE ST",150,"S","N","2007-10-11",103,"2007-05-21",1031,"9","10","5","6","0","0",,"0","002","-","N",,0,0,,,0,,,,"N",2,"A","-",22350,,"N","A","H","-","A","A","0","Y","-","-",0,1,0,0,1,0,0,0,0,"-","-","BERKELEY","ALAMEDA","CA",0,0
"3284356",-122.258999101,37.8678703308,2007,"0103","0","4","3","09",0,1,"A",,"Y",,,,1800,5,"H","G","A","DURANT AV","TELEGRAPH AV",10,"E","N","2007-10-11",103,"2007-05-24",1546,"137","28","5","6","0","0",,"0","007","-","N",,0,0,,,0,,,,"N",2,"A","-",21804,"A","N","A","H","-","A","A","0","Y","L","04",0,1,0,0,0,0,1,0,0,"-","-","BERKELEY","ALAMEDA","CA",0,0
"3286026",-122.29967847,37.851613335,2007,"0103","1","7","4","03",0,3,"A",,,,,,2100,7,"C","C","A","RT 80","UNIVERSITY AV",1056,"W","N","2007-12-20",9370,"2007-07-08",1800,"01819",,"2","6","0","1",,"2","081","-","Y","ALA",4,80,"-","-",4.72,"H","-","W","N",2,"A","-",22350,,"N","A","H","-","A","D","6","Y","A","07",0,0,3,0,0,0,0,0,0,"-","-","BERKELEY","ALAMEDA","CA",0,0
"3286138",-122.300315669,37.853860723,2007,"0103","1","1","4","03",0,2,"A",,,,,,1800,6,"C","C","A","RT 80","EAST ASHBY AV",1538,"E","N","2007-11-26",9370,"2007-06-25",1610,"01396",,"2","6","0","1",,"2","081","-","Y","ALA",4,80,"-","-",4.87,"H","-","W","Y",2,"A","-",22350,,"N","A","H","-","A","D","6","Y","A","01",0,0,2,0,0,0,0,0,0,"-","-","BERKELEY","ALAMEDA","CA",0,0
"3286707",-122.306021101,37.873243993,2007,"0103","1","4","4","01",0,3,"A",,,,,"Y",2100,5,"C","C","A","RT 80","GILMAN ST",1200,"W","N","2007-10-24",9370,"2007-05-17",1800,"18260",,"2","6","0","1",,"2","081","-","Y","ALA",4,80,"-","-",6.39,"H","-","W","N",2,"A","-",23152,"A","N","A","H","-","A","D","6","Y","A","01",0,0,3,0,0,0,0,0,0,"-","-","BERKELEY","ALAMEDA","CA",0,0
"3293971",-122.304020202,37.866970008,2007,"0103","1","5","4","01",0,1,"A",,,,,"Y",1800,7,"C","C","A","RT 80","UNIVERSITY AV",300,"E","N","2007-12-19",9370,"2007-07-06",1515,"01847",,"2","6","0","1",,"2","081","-","Y","ALA",4,80,"-","-",5.9,"H","-","W","N",3,"A","-",23152,"A","N","A","H","-","A","D","6","Y","A","01",0,0,1,0,0,0,0,0,0,"-","-","BERKELEY","ALAMEDA","CA",0,0
"3294312",-122.302938949,37.864567903,2007,"0103","1","4","4","03",0,1,"A",,,,,,1800,7,"C","C","A","RT 80","UNIVERSITY AV",528,"W","N","2007-12-19",9370,"2007-07-05",1520,"01827",,"2","6","0","1",,"2","081","-","Y","ALA",4,80,"-","-",5.74,"H","-","E","N",3,"A","-",22350,,"M","A","H","-","A","D","6","Y","-","99",0,0,1,0,0,0,0,0,0,"-","-","BERKELEY","ALAMEDA","CA",0,0
"3294349",-122.303340581,37.864790523,2007,"0103","1","3","4","03",0,3,"A",,,,,,2400,7,"C","C","A","RT 80","UNIVERSITY AV",569,"W","N","2007-12-19",9370,"2007-07-04",2130,"18476",,"2","6","0","1",,"2","081","-","Y","ALA",4,80,"-","-",5.73,"H","-","W","Y",3,"A","-",22350,,"N","A","H","-","D","D","6","Y","A","01",0,0,3,0,0,0,0,0,0,"-","-","BERKELEY","ALAMEDA","CA",0,0
"3294370",-122.300420969,37.854242183,2007,"0103","1","5","4","03",0,1,"A",,,,,,2100,6,"C","C","A","RT 80","EAST ASHBY AV",1689,"E","N","2007-11-30",9370,"2007-06-15",1830,"01396",,"2","6","0","1",,"2","081","-","Y","ALA",4,80,"-","-",4.9,"H","-","W","N",2,"A","-",22350,,"M","A","H","-","A","D","6","Y","A","07",0,0,1,0,0,0,0,0,0,"-","-","BERKELEY","ALAMEDA","CA",0,0
"3304325",-122.305143668,37.871526058,2007,"0103","1","2","3","03",0,2,"A",,,,,,2100,7,"C","C","A","RT 80","GILMAN ST",2386,"W","N","2007-12-21",9370,"2007-07-24",1810,"01396",,"2","6","0","1",,"2","081","-","Y","ALA",4,80,"-","-",6.17,"H","-","E","Y",3,"A","-",22350,,"N","A","H","-","A","D","6","Y","A","01",0,1,1,0,0,0,0,0,0,"-","-","BERKELEY","ALAMEDA","CA",0,0
"3304474",-122.299205139,37.850529243,2007,"0103","1","4","2","07",0,1,"A",,,"Y",,,2100,7,"B","C","A","RT 80","ASHBY AV",324,"E","N","2007-12-19",9370,"2007-07-26",1800,"01396",,"2","6","0","1",,"2","081","-","Y","ALA",4,80,"-","-",4.64,"H","-","E","N",2,"A","-",21658,"A","N","A","H","-","A","D","6","Y","A","01",1,0,0,0,0,0,0,0,1,"-","-","BERKELEY","ALAMEDA","CA",0,0
"3329641",-122.265503151,37.865146637,2007,"0103","0","5","4","03",0,1,"A",,"Y",,,,1200,7,"D","G","A","FULTON ST","HASTE ST",0,,"Y","2007-12-14",103,"2007-07-13",1131,"6","28","5","6","0","0",,"0","006","-","N",,0,0,,,0,,,,"N",2,"A","-",22350,,"N","A","H","-","A","A","0","Y","L","04",0,0,1,0,0,0,1,0,0,"-","-","BERKELEY","ALAMEDA","CA",0,0
"3330298",-122.267573151,37.8648643494,2007,"0103","0","6","4","17",0,1,"A",,"Y",,,,1800,6,"D","G","A","SHATTUCK AV","HASTE ST",0,,"Y","2007-11-10",103,"2007-06-30",1639,"143","29","5","6","0","0",,"0","005","-","N",,0,0,,,0,,,,"N",2,"A","-",21451,"A","N","A","H","-","A","A","0","Y","A","01",0,0,1,0,0,0,1,0,0,"-","-","BERKELEY","ALAMEDA","CA",0,0
"3330302",0,0,2007,"0103","0","3","3","03",0,2,"A",,,,,,1800,6,"C","E","A","E SHORE HWY","HEARST AV",449,"N","N","2007-11-28",103,"2007-06-27",1521,"6","20","5","6","0","0",,"0","016","-","N",,0,0,,,0,,,,"Y",4,"A","-",22350,,"N","A","H","-","A","D","0","Y","A","01",0,2,0,0,0,0,0,0,0,"-","-","BERKELEY","ALAMEDA","CA",0,0