"CASEID","POINT_X","POINT_Y","YEAR_","LOCATION","CHPTYPE","DAYWEEK","CRASHSEV","VIOLCAT","KILLED","INJURED","WEATHER1","PEDCOL","BICCOL","MCCOL","TRUCKCOL","ETOH","TIMECAT","MONTH_","CRASHTYP","INVOLVE","PED","PRIMARYRD","SECONDRD","DISTANCE","DIRECT","INTERSECT_","PROCDATE","JURIS","DATE_","TIME_","BADGE","JURIDIST","SHIFT","POP","SPECIAL","BEATTYPE","LAPDDIV","BEATCLAS","BEATNUMB","WEATHER2","STATEHW","CALTRANC","CALTRAND","STROUTE","ROUTESUF","POSTPRE","POSTMILE","LOCATYPE","RAMP","SIDEHW","TOWAWAY","PARTIES","PCF","VIOLCODE","VIOL","VIOLSUB","HITRUN","ROADSURF","RDCOND1","RDCOND2","LIGHTING","RIGHTWAY","CHPRDTYP","NOTPRIV","STFAULT","CHPFAULT","SEVINJ","OTHERINJ","COP","PEDKILL","PEDINJ","BICKILL","BICINJ","MCKILL","MCINJURE","RAMP1","RAMP2","CITY","COUNTY","STATE","X_CHP","Y_CHP"
"3331423",-122.276413154,37.8811264038,2007,"0103","0","3","4","10",0,1,"A","Y",,,,,1800,5,"G","B","B","ROSE ST","GRANT ST",0,,"Y","2007-10-03",103,"2007-05-16",1505,"84","18","5","6","0","0",,"0","003","-","N",,0,0,,,0,,,,"N",2,"A","-",21950,"A","F","A","H","-","A","A","0","Y","-","99",0,0,1,0,1,0,0,0,0,"-","-","BERKELEY","ALAMEDA","CA",0,0
"3331608",-122.266287238,37.8677978516,2007,"0103","0","4","3","05",0,1,"A",,"Y",,,,1800,6,"B","G","A","BANCROFT WY","FULTON ST",86,"W","N","2007-11-10",103,"2007-06-21",1621,"92","29","5","6","0","0",,"0","005","-","N",,0,0,,,0,,,,"N",2,"A","-",21202,"A","N","A","H","-","A","A","0","Y","L","04",0,1,0,0,0,0,1,0,0,"-","-","BERKELEY","ALAMEDA","CA",0,0
"3331612",-122.270497116,37.8700027466,2007,"0103","0","4","4","03",0,1,"A",,,,,,1500,6,"C","C","A","CENTER ST","MILVIA ST",37,"E","N","2007-11-10",103,"2007-06-21",1409,"18","29","5","6","0","0",,"0","004","-","N",,0,0,,,0,,,,"N",3,"A","-",22350,,"N","A","H","-","A","A","0","Y","I","19",0,0,1,0,0,0,0,0,0,"-","-","BERKELEY","ALAMEDA","CA",0,0
"3331616",-122.292996635,37.871747371,2007,"0103","0","3","4","21",0,1,"A","Y",,,,,2100,6,"G","B","B","RT 123","DELAWARE ST",0,,"Y","2007-12-13",103,"2007-06-20",1930,"136","22","5","6","0","0",,"0","018","-","Y","ALA",4,123,"-","-",3.34,"I","6","N","N",2,"A","-",22106,,"N","A","H","-","A","A","0","Y","-","99",0,0,1,0,1,0,0,0,0,"-","-","BERKELEY","ALAMEDA","CA",0,0
"3331620",-122.268196428,37.8766860962,2007,"0103","0","3","4","03",0,1,"A",,"Y",,,,1800,6,"F","J","A","VIRGINIA","WALNUT",100,"W","N","2007-11-10",103,"2007-06-20",1539,"4","24","5","6","0","0",,"0","002","-","N",,0,0,,,0,,,,"N",1,"A","-",22350,,"N","A","H","-","A","A","0","Y","L","04",0,0,1,0,0,0,1,0,0,"-","-","BERKELEY","ALAMEDA","CA",0,0
"3331644",-122.28167696,37.853142538,2007,"0103","0","7","4","09",0,1,"A",,,,,,1800,6,"D","C","A","RT 13","ACTON ST",0,,"Y","2007-11-29",103,"2007-06-17",1606,"137","33","5","6","0","0",,"0","013","-","Y","ALA",4,13,"-","-",12.89,"I","5","S","Y",2,"A","-",21804,"A","N","A","H","-","A","D","0","Y","A","01",0,0,1,0,0,0,0,0,0,"-","-","BERKELEY","ALAMEDA","CA",0,0
"3331652",-122.271445668,37.854249608,2007,"0103","0","6","4","10",0,1,"A","Y",,,,,2100,6,"G","B","B","RT 13","MARTIN LUTHER KING JR WY",0,,"Y","2007-11-29",103,"2007-06-16",1920,"110","40","5","6","0","0",,"0","011","-","Y","ALA",4,13,"-","-",12.33,"H","-","N","N",2,"A","-",21950,"A","N","A","H","-","A","A","0","Y","A","01",0,0,1,0,1,0,0,0,0,"-","-","BERKELEY","ALAMEDA","CA",0,0
"3333220",-122.289439473,37.8812828064,2007,"0103","0","4","3","-",0,1,"A","Y",,,,,2100,7,"G","B","D","GILMAN ST","NEILSON",62,"W","N","2007-12-14",103,"2007-07-26",1815,"38","19","5","6","0","0",,"0","018","-","N",,0,0,,,0,,,,"N",2,"A","-",0,,"N","A","H","-","A","D","0","Y","N","60",0,1,0,0,1,0,0,0,0,"-","-","BERKELEY","ALAMEDA","CA",0,0
"3333224",-122.235008573,37.8528060913,2007,"0103","0","4","4","03",0,1,"A",,"Y",,,,1800,7,"C","G","A","TUNNEL RD","VICENTE RD",400,"E","N","2007-12-28",103,"2007-07-26",1716,"106","38","5","6","0","0",,"0","008","-","N",,0,0,,,0,,,,"N",2,"A","-",22350,,"N","A","H","-","A","D","0","Y","A","01",0,0,1,0,0,0,1,0,0,"-","-","BERKELEY","ALAMEDA","CA",0,0
"3333240",-122.259233149,37.8595466614,2007,"0103","0","3","4","10",0,1,"A","Y",,,,,1800,7,"G","B","B","STUART ST","TELEGRAPH AV",0,,"Y","2007-12-14",103,"2007-07-25",1503,"112","36","5","6","0","0",,"0","009","-","N",,0,0,,,0,,,,"N",2,"A","-",21950,"A","N","A","H","-","A","A","0","Y","D","22",0,0,1,0,1,0,0,0,0,"-","-","BERKELEY","ALAMEDA","CA",0,0
"3333247",-122.296441283,37.88230938,2007,"0103","0","2","3","09",0,1,"A",,"Y",,,,1200,7,"D","G","A","RT 123","HARRISON ST",0,,"Y","2007-12-28",103,"2007-07-31",1010,"112","21","5","6","0","0",,"0","017","-","Y","ALA",4,123,"-","-",4.11,"I","6","S","N",2,"A","-",21804,"A","N","A","H","-","A","A","0","Y","L","04",0,1,0,0,0,0,1,0,0,"-","-","BERKELEY","ALAMEDA","CA",0,0
"3333251",-122.253340813,37.8598098755,2007,"0103","0","2","4","01",0,1,"A",,,,,"Y",600,7,"C","C","A","COLLEGE AV","STUART ST",64,"S","N","2007-12-13",103,"2007-07-31",517,"54","39","5","6","0","0",,"0","009","-","N",,0,0,,,0,,,,"Y",4,"A","-",23153,"A","N","A","H","-","C","D","0","Y","A","01",0,0,1,0,0,0,0,0,0,"-","-","BERKELEY","ALAMEDA","CA",0,0
"3333259",-122.268463152,37.872215271,2007,"0103","0","7","4","09",0,1,"A",,,,,,1800,7,"D","C","A","UNIVERSITY AV","SHATTUCK AV",0,,"Y","2007-12-13",103,"2007-07-29",1612,"53","29","5","6","0","0",,"0","004","-","N",,0,0,,,0,,,,"Y",2,"A","-",21801,"A","N","A","H","-","A","A","0","Y","A","01",0,0,1,0,0,0,0,0,0,"-","-","BERKELEY","ALAMEDA","CA",0,0
"3333263",-122.289012538,37.8695640564,2007,"0103","0","7","4","04",0,1,"A",,,,,,1500,7,"C","C","A","UNIVERSITY AV","CURTIS ST",170,"E","N","2007-12-13",103,"2007-07-29",1219,"99","22","5","6","0","0",,"0","014","-","N",,0,0,,,0,,,,"N",2,"A","-",21703,,"N","A","H","-","A","A","0","Y","A","01",0,0,1,0,0,0,0,0,0,"-","-","BERKELEY","ALAMEDA","CA",0,0
"3333272",-122.252996339,37.8563041687,2007,"0103","0","7","4","21",0,1,"A","Y",,,,,1800,7,"G","B","E","COLLEGE AV","WEBSTER ST",91,"N","N","2007-12-14",103,"2007-07-22",1741,"119","39","5","6","0","0",,"0","009","-","N",,0,0,,,0,,,,"N",2,"A","-",22106,,"N","A","H","-","A","D","0","Y","A","01",0,0,1,0,1,0,0,0,0,"-","-","BERKELEY","ALAMEDA","CA",0,0
"3333275",-122.293273157,37.8809967041,2007,"0103","0","6","3","03",0,1,"E",,"Y",,,"Y",2400,7,"E","J","A","GILMAN ST","CORNELL ST",0,,"Y","2007-12-13",103,"2007-07-28",2115,"137","19","5","6","0","0",,"0","017","-","N",,0,0,,,0,,,,"N",1,"A","-",22350,,"N","A","D","-","C","D","0","Y","L","04",0,1,0,0,0,0,1,0,0,"-","-","BERKELEY","ALAMEDA","CA",0,0
"3333280",-122.253101685,37.8511695862,2007,"0103","0","7","4","00",0,1,"A",,,,,,1800,7,"C","E","A","ALCATRAZ AV","BENVENUE",97,"E","N","2007-12-12",103,"2007-07-22",1504,"119","39","5","6","0","0",,"0","009","-","N",,0,0,,,0,,,,"Y",3,"D","-",0,,"N","A","H","-","A","D","0","Y","-","-",0,0,1,0,0,0,0,0,0,"-","-","BERKELEY","ALAMEDA","CA",0,0
"3333282",-122.268973153,37.8766059875,2007,"0103","0","6","3","10",0,1,"A","Y",,,,,1800,7,"G","B","B","SHATTUCK AV","VIRGINIA ST",0,,"Y","2007-12-13",103,"2007-07-14",1505,"32","24","5","6","0","0",,"0","002","-","N",,0,0,,,0,,,,"N",2,"A","-",21950,"A","N","A","H","-","A","D","0","Y","A","01",0,1,0,0,1,0,0,0,0,"-","-","BERKELEY","ALAMEDA","CA",0,0
"3333285",-122.286941109,37.8800811768,2007,"0103","0","7","4","21",0,1,"A",,,,,,1500,7,"A","C","A","ORDWAY ST","GILMAN ST",216,"S","N","2007-12-12",103,"2007-07-22",1206,"45","19","5","6","0","0",,"0","018","-","N",,0,0,,,0,,,,"Y",3,"A","-",22106,,"N","A","H","-","A","D","0","Y","A","01",0,0,1,0,0,0,0,0,0,"-","-","BERKELEY","ALAMEDA","CA",0,0
"3333290",-122.273453153,37.8750648499,2007,"0103","0","5","4","06",0,1,"A",,,"Y",,,2100,7,"D","C","A","MARTIN LUTHER KING JR WY","FRANCISCO ST",0,,"Y","2007-12-13",103,"2007-07-13",1924,"53","23","5","6","0","0",,"0","003","-","N",,0,0,,,0,,,,"N",2,"A","-",21755,,"N","A","H","-","A","D","0","Y","C","02",0,0,1,0,0,0,0,0,1,"-","-","BERKELEY","ALAMEDA","CA",0,0
"3333292",-122.276193152,37.8610534668,2007,"0103","0","2","3","12",0,2,"A",,,,,,1200,7,"E","A","A","MCGEE AV","PARKER ST",0,,"Y","2007-12-13",103,"2007-07-03",939,"98","30","5","6","0","0",,"0","005","-","N",,0,0,,,0,,,,"Y",2,"A","-",22450,,"F","A","H","-","A","A","0","Y","-","99",0,2,0,0,0,0,0,0,0,"-","-","BERKELEY","ALAMEDA","CA",0,0
"3333296",-122.262298981,37.855834764,2007,"0103","0","2","4","03",0,2,"A",,,,,,1200,7,"C","C","A","RT 13","FULTON ST",164,"E","N","2008-01-15",103,"2007-07-03",901,"98","35","5","6","0","0",,"0","010","-","Y","ALA",4,13,"-","-",11.81,"H","-","N","Y",2,"A","-",22350,,"N","A","H","-","A","A","0","Y","A","01",0,0,2,0,0,0,0,0,0,"-","-","BERKELEY","ALAMEDA","CA",0,0
"3333300",-122.27183315,37.8474960327,2007,"0103","0","1","3","01",0,2,"A",,,,,"Y",2400,7,"E","I","A","ADELINE ST","MARTIN LUTHER KING JR WY",0,,"Y","2007-12-13",103,"2007-07-02",2201,"43","35","5","6","0","0",,"0","010","-","N",,0,0,,,0,,,,"Y",1,"A","-",23152,"B","N","A","H","-","A","A","0","Y","A","01",0,2,0,0,0,0,0,0,0,"-","-","BERKELEY","ALAMEDA","CA",0,0
"3333301",-122.251863743,37.8668136597,2007,"0103","0","5","3","-",0,1,"A","Y",,,,,2100,7,"G","B","B","HASTE ST","PIEDMONT AV",6,"W","N","2007-12-12",103,"2007-07-20",1907,"23","27","5","6","0","0",,"0","007","-","N",,0,0,,,0,,,,"N",2,"A","-",0,,"N","A","H","-","A","A","0","Y","A","07",0,1,0,0,1,0,0,0,0,"-","-","BERKELEY","ALAMEDA","CA",0,0
"3333302",-122.278091772,37.8487548828,2007,"0103","0","5","4","08",0,1,"A",,,,,,1500,7,"A","I","A","SACRAMENTO ST","HARMON ST",18,"S","N","2007-12-13",103,"2007-07-13",1407,"160","40","5","6","0","0",,"0","011","-","N",,0,0,,,0,,,,"Y",1,"A","-",22107,,"N","A","H","-","A","D","0","Y","A","01",0,0,1,0,0,0,0,0,0,"-","-","BERKELEY","ALAMEDA","CA",0,0
"3333303",-122.251902473,37.857289956,2007,"0103","0","6","4","08",0,1,"A",,,,,,1800,7,"D","D","A","RT 13","COLLEGE AV",0,,"Y","2008-02-21",103,"2007-07-07",1647,"24","39","5","6","0","0",,"0","008","-","Y","ALA",4,13,"-","-",11.23,"I","5","N","Y",2,"A","-",22107,,"N","A","H","-","A","D","0","Y","A",,0,0,1,0,0,0,0,0,0,"-","-","BERKELEY","ALAMEDA","CA",0,0
"3333305",-122.273223151,37.8577537537,2007,"0103","0","5","4","12",0,2,"A",,,,,,1800,7,"D","C","A","GRANT ST","STUART ST",0,,"Y","2007-12-12",103,"2007-07-20",1732,"114","34","5","6","0","0",,"0","012","-","N",,0,0,,,0,,,,"Y",3,"A","-",22450,,"N","A","H","-","A","A","0","Y","A","01",0,0,2,0,0,0,0,0,0,"-","-","BERKELEY","ALAMEDA","CA",0,0
"3333307",-122.274333154,37.8832359314,2007,"0103","0","6","3","03",0,3,"A",,,,,,1500,7,"C","C","A","MARTIN LUTHER KING JR WY","BERRYMAN ST",0,,"Y","2007-12-14",103,"2007-07-07",1452,"37","18","5","6","0","0",,"0","001","-","N",,0,0,,,0,,,,"Y",4,"A","-",22350,,"N","A","H","-","A","A","0","Y","A","01",0,1,2,0,0,0,0,0,0,"-","-","BERKELEY","ALAMEDA","CA",0,0
"3333312",-122.286471115,37.8909683228,2007,"0103","0","1","4","00",0,1,"A",,"Y",,,,1500,7,"B","G","A","SOLANO AV","NEILSON ST",47,"E","N","2007-12-13",103,"2007-07-02",1246,"143","13","5","6","0","0",,"0","001","-","N",,0,0,,,0,,,,"N",2,"D","-",0,,"N","A","H","-","A","D","0","Y","-","-",0,0,1,0,0,0,1,0,0,"-","-","BERKELEY","ALAMEDA","CA",0,0
"3333315",-122.287519402,37.85430287,2007,"0103","0","5","4","03",0,1,"A",,,,,"Y",1800,7,"C","C","A","RT 123","HEINZ AV",3,"S","N","2007-12-28",103,"2007-07-06",1657,"39","33","5","6","0","0",,"0","015","-","Y","ALA",4,123,"-","-",2.07,"H","-","S","Y",4,"A","-",22350,,"F","A","H","-","A","A","0","Y","A","01",0,0,1,0,0,0,0,0,0,"-","-","BERKELEY","ALAMEDA","CA",0,0
"3333317",-122.27960548,37.84765625,2007,"0103","0","5","4","09",0,1,"A",,"Y",,,,900,7,"B","G","A","BAKER ST","ALCATRAZ AV",4,"N","N","2007-12-13",103,"2007-07-20",817,"44","40","5","6","0","0",,"0","013","-","N",,0,0,,,0,,,,"N",2,"A","-",21802,"A","N","A","H","-","A","A","0","Y","A","01",0,0,1,0,0,0,1,0,0,"-","-","BERKELEY","ALAMEDA","CA",0,0
"3333320",-122.303458663,37.8789558411,2007,"0103","0","7","4","03",0,1,"A",,,,,,2100,7,"C","C","A","GILMAN ST","4TH ST",46,"E","N","2007-12-13",103,"2007-07-01",1817,"128","20","5","6","0","0",,"0","017","-","N",,0,0,,,0,,,,"Y",2,"A","-",22350,,"F","A","H","-","A","A","0","Y","A",,0,0,1,0,0,0,0,0,0,"-","-","BERKELEY","ALAMEDA","CA",0,0
"3333323",-122.253063148,37.8570365906,2007,"0103","0","5","4","03",0,1,"A",,,,,,300,7,"C","C","A","COLLEGE AV","RT 13",0,,"Y","2007-12-14",103,"2007-07-06",8,"126","38","5","6","0","0",,"0","008","-","N",,0,0,,,0,,,,"N",3,"A","-",22350,,"F","A","H","-","C","A","0","Y","A","01",0,0,1,0,0,0,0,0,0,"-","-","BERKELEY","ALAMEDA","CA",0,0
"3333326",-122.287634631,37.8697395325,2007,"0103","0","4","3","08",0,1,"A",,,,,,1800,7,"A","I","A","UNIVERSITY AV","BONAR ST",15,"W","N","2007-12-13",103,"2007-07-12",1517,"143","31","5","6","0","0",,"0","014","-","N",,0,0,,,0,,,,"Y",1,"A","-",22107,,"N","A","H","-","A","D","0","Y","A","01",0,1,0,0,0,0,0,0,0,"-","-","BERKELEY","ALAMEDA","CA",0,0
"3333327",-122.258724849,37.863319397,2007,"0103","0","4","4","03",0,2,"A",,,,,,1800,7,"C","C","A","TELEGRAPH AV","PARKER ST",20,"N","N","2007-12-14",103,"2007-07-05",1747,"80","36","5","6","0","0",,"0","006","-","N",,0,0,,,0,,,,"Y",2,"A","-",22350,,"N","A","H","-","A","A","0","Y","A","01",0,0,2,0,0,0,0,0,0,"-","-","BERKELEY","ALAMEDA","CA",0,0
"3333331",-122.293145679,37.8756904602,2007,"0103","0","4","4","17",0,1,"A",,"Y",,,,1200,7,"B","G","A","HOPKINS ST","KAINS ST",55,"E","N","2007-12-14",103,"2007-07-05",918,"143","19","5","6","0","0",,"0","018","-","N",,0,0,,,0,,,,"N",2,"A","-",22517,,"N","A","H","-","A","D","0","Y","A","01",0,0,1,0,0,0,1,0,0,"-","-","BERKELEY","ALAMEDA","CA",0,0
"3333333",-122.25976553,37.8677558899,2007,"0103","0","2","3","06",0,1,"A","Y",,,,,1200,7,"D","B","C","DURANT AV","TELEGRAPH AV",215,"W","N","2007-12-13",103,"2007-07-17",1158,"6","28","5","6","0","0",,"0","006","-","N",,0,0,,,0,,,,"N",2,"A","-",21951,,"N","A","H","-","A","D","0","Y","A","01",0,1,0,0,1,0,0,0,0,"-","-","BERKELEY","ALAMEDA","CA",0,0
"3333334",-122.276573155,37.888874054,2007,"0103","0","4","4","09",0,1,"A",,,,,,1200,7,"D","C","A","THE ALAMEDA","MARIN AV",0,,"Y","2007-12-13",103,"2007-07-12",1105,"37","14","5","6","0","0",,"0","001","-","N",,0,0,,,0,,,,"Y",2,"A","-",21801,,"N","A","H","-","A","A","0","Y","A","01",0,0,1,0,0,0,0,0,0,"-","-","BERKELEY","ALAMEDA","CA",0,0
"3333335",-122.251623149,37.8659057617,2007,"0103","0","3","3","09",0,1,"A",,,"Y",,,2400,7,"A","C","A","PIEDMONT CRES","DWIGHT WY",0,,"Y","2007-12-14",103,"2007-07-04",2312,"130",,"5","6","0","0",,"0","007","-","N",,0,0,,,0,,,,"N",2,"A","-",21801,"A","N","A","H","-","C","A","0","Y","A","01",0,1,0,0,0,0,0,0,1,"-","-","BERKELEY","ALAMEDA","CA",0,0
"3333342",-122.27702946,37.853536427,2007,"0103","0","3","3","00",0,1,"A",,"Y",,,,2400,7,"D","G","A","ASHBY AV","CALIFORNIA ST",0,,"Y","2007-12-21",103,"2007-07-11",2341,"127","37","5","6","0","0",,"0","012","-","Y","ALA",4,13,"-","-",12.64,"I","5","N","N",2,"D","-",0,,"F","A","H","-","C","D","0","Y","-","-",0,1,0,0,0,0,1,0,0,"-","-","BERKELEY","ALAMEDA","CA",0,0
"3333343",-122.271703151,37.8597640991,2007,"0103","0","3","3","01",0,1,"A",,,"Y",,"Y",2400,7,"C","C","A","MARTIN LUTHER KING JR WY","DERBY ST",0,"S","N","2007-12-14",103,"2007-07-04",2242,"81","34","5","6","0","0",,"0","012","-","N",,0,0,,,0,,,,"Y",2,"A","-",23152,,"N","A","H","-","C","A","0","Y","C","02",0,1,0,0,0,0,0,0,1,"-","-","BERKELEY","ALAMEDA","CA",0,0
"3333346",-122.283111485,37.879737854,2007,"0103","0","3","3","03",0,1,"B",,,,,,1500,7,"A","I","A","SACRAMENTO ST","ADA ST",61,"S","N","2007-12-13",103,"2007-07-11",1443,"6","18","5","6","0","0",,"0","003","-","N",,0,0,,,0,,,,"Y",1,"A","-",22350,,"N","A","H","-","A","D","0","Y","A","01",0,1,0,0,0,0,0,0,0,"-","-","BERKELEY","ALAMEDA","CA",0,0
"3333354",-122.270283156,37.9016036987,2007,"0103","0","2","3","12",0,1,"B",,"Y",,,,2100,7,"D","G","A","SPRUCE ST","MICHIGAN AV",0,,"Y","2007-12-14",103,"2007-07-10",1957,"42","12","5","6","0","0",,"0","001","-","N",,0,0,,,0,,,,"N",2,"A","-",22450,,"N","A","H","-","B","A","0","Y","L","04",0,1,0,0,0,0,1,0,0,"-","-","BERKELEY","ALAMEDA","CA",0,0
"3333355",-122.283221166,37.8807411194,2007,"0103","0","3","3","08",0,2,"A","Y","Y",,,,2400,7,"G","B","E","SACRAMENTO ST","HOPKINS ST",89,"S","N","2007-12-14",103,"2007-07-04",2252,"83","19","5","6","0","0",,"0","018","-","N",,0,0,,,0,,,,"N",3,"A","-",22107,,"N","A","H","-","A","D","0","Y","L","04",0,2,0,0,1,0,1,0,0,"-","-","BERKELEY","ALAMEDA","CA",0,0
"3333359",-122.292081486,37.869005956,2007,"0103","0","1","4","03",0,1,"A",,,,,,1800,7,"C","C","A","SAN PABLO AV","UNIVERSITY AV",0,,"Y","2007-12-28",103,"2007-07-02",1635,"149","C21","5","6","0","0",,"0","014","-","Y","ALA",4,123,"-","-",3.14,"H","-","N","N",2,"A","-",22350,,"N","A","H","-","A","A","0","Y","A",,0,0,1,0,0,0,0,0,0,"-","-","BERKELEY","ALAMEDA","CA",0,0
"3333595",-122.25859315,37.8641853333,2007,"0103","0","1","1","11",1,0,"A","Y",,,,,1500,6,"G","B","B","TELEGRAPH AV","BLAKE ST",0,,"Y","2007-09-10",103,"2007-06-25",1214,"112","36","5","6","0","0",,"0","007","-","N",,0,0,,,0,,,,"Y",2,"A","-",21456,"B","N","A","H","-","A","A","0","Y","N","60",0,0,0,1,0,0,0,0,0,"-","-","BERKELEY","ALAMEDA","CA",0,0
"3333631",-122.254613149,37.8599357605,2007,"0103","0","2","4","09",0,1,"A",,"Y",,,,1800,7,"D","G","A","STUART ST","BENVENUE AV",0,,"Y","2008-02-26",103,"2007-07-03",1655,"56","36","5","6","0","0",,"0","009","-","N",,0,0,,,0,,,,"N",2,"A","-",21802,"A","F","A","H","-","A","A","0","Y","-","-",0,0,1,0,0,0,1,0,0,"-","-","BERKELEY","ALAMEDA","CA",0,0
"3344318",-122.306997611,37.876522987,2007,"0103","1","2","2","01",0,1,"A",,,,"Y","Y",300,8,"C","C","A","RT 80","GILMAN ST",300,"W","N","2008-02-11",9370,"2007-08-07",245,"01847",,"3","6","0","1",,"2","081","-","Y","ALA",4,80,"-","-",6.56,"H","-","W","Y",2,"A","-",23152,"A","N","A","H","-","D","D","6","Y","A","01",1,0,0,0,0,0,0,0,0,"-","-","BERKELEY","ALAMEDA","CA",0,0
"3344338",-122.301645597,37.859413803,2007,"0103","1","4","4","07",0,2,"A",,,,"Y",,1200,6,"B","C","A","RT 80","UNIVERSITY AV",2640,"W","N","2007-11-27",9370,"2007-06-07",1147,"01066",,"1","6","0","1",,"2","081","-","Y","ALA",4,80,"-","-",5.34,"H","-","E","Y",2,"A","-",21658,"A","N","A","H","-","A","D","6","Y","A","01",0,0,2,0,0,0,0,0,0,"-","-","BERKELEY","ALAMEDA","CA",0,0
"3347326",-122.300937017,37.856017394,2007,"0103","1","7","3","03",0,3,"A",,,,,,1500,7,"C","C","A","RT 80","UNIVERSITY AV",4224,"W","N","2007-12-21",9370,"2007-07-22",1417,"18086",,"2","6","0","1",,"2","081","-","Y","ALA",4,80,"-","-",5.04,"H","-","W","Y",3,"A","-",22350,,"N","A","H","-","A","D","6","Y","A","07",0,1,2,0,0,0,0,0,0,"-","-","BERKELEY","ALAMEDA","CA",0,0
"3350801",-122.305981112,37.873115791,2007,"0103","1","4","4","01",0,3,"A",,,,,"Y",2100,5,"C","C","A","RT 80","GILMAN ST",1260,"W","N","2007-10-19",9370,"2007-05-17",1801,"18260",,"2","6","0","1",,"2","081","-","Y","ALA",4,80,"-","-",6.38,"H","-","W","N",2,"A","-",23152,"A","N","A","H","-","A","D","6","Y","A","01",0,0,3,0,0,0,0,0,0,"-","-","BERKELEY","ALAMEDA","CA",0,0
"3351947",-122.305397186,37.87240433,2007,"0103","1","2","4","03",0,1,"A",,,,,,2100,8,"C","C","A","RT 80","GILMAN ST",1877,"W","N","2008-02-14",9370,"2007-08-07",1835,"01396",,"2","6","0","1",,"2","081","-","Y","ALA",4,80,"-","-",6.26,"H","-","E","Y",4,"A","-",22350,,"N","A","H","-","A","D","6","Y","D","22",0,0,1,0,0,0,0,0,0,"-","-","BERKELEY","ALAMEDA","CA",0,0
"3357458",-122.302316473,37.861895516,2007,"0103","1","2","4","03",0,1,"A",,,,,,1200,7,"C","C","A","RT 80","UNIVERSITY AV",1584,"W","N","2007-12-17",9370,"2007-07-31",1130,"01836",,"1","6","0","1",,"2","081","-","Y","ALA",4,80,"-","-",5.54,"H","-","E","Y",3,"A","-",22350,,"N","A","H","-","A","D","6","Y","A","01",0,0,1,0,0,0,0,0,0,"-","-","BERKELEY","ALAMEDA","CA",0,0
"3357909",-122.30028057,37.853733574,2007,"0103","1","2","4","03",0,1,"A",,,,,,1800,8,"C","C","A","RT 80","EAST ASHBY AV",1479,"E","N","2008-02-08",9370,"2007-08-21",1737,"01396",,"2","6","0","1",,"2","081","-","Y","ALA",4,80,"-","-",4.86,"H","-","W","N",4,"A","-",22350,,"M","A","H","-","A","D","6","Y","A","01",0,0,1,0,0,0,0,0,0,"-","-","BERKELEY","ALAMEDA","CA",0,0
"3359873",-122.291654292,37.8525543213,2007,"0103","0","1","4","08",0,1,"A",,,,"Y",,1200,6,"D","C","A","7TH ST","ANTHONY ST",127,"N","N","2007-11-13",103,"2007-06-25",918,"92","15","5","6","0","0",,"0","020","-","N",,0,0,,,0,,,,"Y",2,"A","-",22107,,"N","A","H","-","A","A","0","Y","A","01",0,0,1,0,0,0,0,0,0,"-","-","BERKELEY","ALAMEDA","CA",0,0
"3359893",-122.292168766,37.869281837,2007,"0103","0","2","4","03",0,1,"A",,,,,,900,8,"C","C","A","RT 123","UNIVERSITY AV",66,"N","N","2008-03-12",103,"2007-08-21",815,"6","21","5","6","0","0",,"0","018","-","Y","ALA",4,123,"-","-",3.16,"H","-","N","Y",2,"A","-",22350,,"N","A","E","-","A","A","0","Y","A","07",0,0,1,0,0,0,0,0,0,"-","-","BERKELEY","ALAMEDA","CA",0,0
"3362923",-122.298993071,37.849569646,2007,"0103","1","4","4","07",0,1,"A",,,"Y",,,1800,7,"C","C","A","RT 80","ASHBY AV",50,"E","N","2008-01-09",9370,"2007-07-19",1605,"01827",,"2","6","0","1",,"2","081","-","Y","ALA",4,80,"-","-",4.59,"H","-","E","Y",2,"A","-",21658,"A","N","A","H","-","A","D","6","Y","A","01",0,0,1,0,0,0,0,0,1,"-","-","BERKELEY","ALAMEDA","CA",0,0
"3363873",-122.304087116,37.868166477,2007,"0103","1","5","3","03",0,3,"A",,,,"Y",,1800,9,"C","C","A","RT 80","UNIVERSITY AV",384,"E","N","2008-02-22",9370,"2007-09-21",1655,"01369",,"2","6","0","1",,"2","081","-","Y","ALA",4,80,"-","-",5.91,"H","-","E","Y",3,"A","-",22350,,"N","A","H","-","A","D","6","Y","A","07",0,1,2,0,0,0,0,0,0,"-","-","BERKELEY","ALAMEDA","CA",0,0
"3366883",-122.261316317,37.8675994873,2007,"0103","0","3","4","03",0,1,"A",,,,,,1500,8,"C","C","A","DANA ST","DURANT",24,"N","N","2008-02-05",103,"2007-08-15",1214,"110","28","5","6","0","0",,"0","006","-","N",,0,0,,,0,,,,"N",2,"A","-",22350,,"N","A","H","-","A","A","0","Y","A","01",0,0,1,0,0,0,0,0,0,"-","-","BERKELEY","ALAMEDA","CA",0,0