"CASEID","POINT_X","POINT_Y","YEAR_","LOCATION","CHPTYPE","DAYWEEK","CRASHSEV","VIOLCAT","KILLED","INJURED","WEATHER1","PEDCOL","BICCOL","MCCOL","TRUCKCOL","ETOH","TIMECAT","MONTH_","CRASHTYP","INVOLVE","PED","PRIMARYRD","SECONDRD","DISTANCE","DIRECT","INTERSECT_","PROCDATE","JURIS","DATE_","TIME_","BADGE","JURIDIST","SHIFT","POP","SPECIAL","BEATTYPE","LAPDDIV","BEATCLAS","BEATNUMB","WEATHER2","STATEHW","CALTRANC","CALTRAND","STROUTE","ROUTESUF","POSTPRE","POSTMILE","LOCATYPE","RAMP","SIDEHW","TOWAWAY","PARTIES","PCF","VIOLCODE","VIOL","VIOLSUB","HITRUN","ROADSURF","RDCOND1","RDCOND2","LIGHTING","RIGHTWAY","CHPRDTYP","NOTPRIV","STFAULT","CHPFAULT","SEVINJ","OTHERINJ","COP","PEDKILL","PEDINJ","BICKILL","BICINJ","MCKILL","MCINJURE","RAMP1","RAMP2","CITY","COUNTY","STATE","X_CHP","Y_CHP"
"3366895",-122.272895747,37.8485221863,2007,"0103","0","2","4","03",0,1,"A",,,,,,1500,8,"C","C","A","ALCATRAZ AV","ELLIS ST",71,"W","N","2008-02-05",103,"2007-08-28",1220,"BPD","39","5","6","0","0",,"0","011","-","N",,0,0,,,0,,,,"Y",3,"A","-",22350,,"F","A","H","-","A","A","0","Y","-","-",0,0,1,0,0,0,0,0,0,"-","-","BERKELEY","ALAMEDA","CA",0,0
"3366899",-122.294888483,37.877656309,2007,"0103","0","3","4","09",0,1,"A",,"Y",,,,1200,8,"D","G","A","RT 123","PAGE ST",0,,"Y","2008-02-13",103,"2007-08-15",1158,"6","19","5","6","0","0",,"0","017","-","Y","ALA",4,123,"-","-",3.77,"I","6","N","N",2,"A","-",21804,"A","N","A","H","-","A","A","0","Y","L","04",0,0,1,0,0,0,1,0,0,"-","-","BERKELEY","ALAMEDA","CA",0,0
"3366907",-122.295777572,37.880400989,2007,"0103","0","2","4","03",0,2,"A",,,,,,1800,8,"C","C","A","RT 123","GILMAN ST",0,"S","N","2008-02-13",103,"2007-08-14",1505,"6","20","5","6","0","0",,"0","017","-","Y","ALA",4,123,"-","-",3.97,"H","-","N","N",4,"A","-",22350,,"N","A","H","-","A","A","0","Y","D","22",0,0,2,0,0,0,0,0,0,"-","-","BERKELEY","ALAMEDA","CA",0,0
"3366919",-122.265350998,37.8742790222,2007,"0103","0","1","4","03",0,3,"A",,,,,,1200,8,"C","C","A","HEARST AV","SPRUCE ST",30,"E","N","2008-02-05",103,"2007-08-27",1049,"6","26","5","6","0","0",,"0","002","-","N",,0,0,,,0,,,,"Y",3,"A","-",22350,,"N","A","H","-","A","A","0","Y","D","22",0,0,3,0,0,0,0,0,0,"-","-","BERKELEY","ALAMEDA","CA",0,0
"3366931",-122.252690263,37.857060532,2007,"0103","0","4","4","03",0,1,"A",,,,,,1500,8,"C","C","A","COLLEGE AV","RT 13",70,"S","-","2008-02-28",103,"2007-08-16",1202,"143","39","5","6","0","0",,"0","009","-","Y","ALA",4,13,"-","-",11.23,"I","6","S","N",2,"A","-",22350,,"N","A","H","-","A","A","0","Y","A","08",0,0,1,0,0,0,0,0,0,"-","-","BERKELEY","ALAMEDA","CA",0,0
"3366948",-122.283086117,37.8703193665,2007,"0103","0","2","3","18",0,1,"A",,"Y",,,,1500,8,"E","I","A","UNIVERSITY AV","SACRAMENTO ST",293,"W","N","2008-02-05",103,"2007-08-14",1209,"83","31","5","6","0","0",,"0","018","-","N",,0,0,,,0,,,,"N",1,"C","-",0,,"N","A","A","-","A","D","0","Y","-","-",0,1,0,0,0,0,1,0,0,"-","-","BERKELEY","ALAMEDA","CA",0,0
"3366959",-122.26068662,37.8657569885,2007,"0103","0","1","2","11",0,1,"A","Y",,,,,2400,8,"G","B","E","HASTE ST","DANA ST",72,"E","N","2008-02-05",103,"2007-08-27",2134,"130","28","5","6","0","0",,"0","006","-","N",,0,0,,,0,,,,"N",2,"A","-",21956,,"N","A","H","-","C","D","0","Y","N","60",1,0,0,0,1,0,0,0,0,"-","-","BERKELEY","ALAMEDA","CA",0,0
"3366960",-122.252738976,37.8906364441,2007,"0103","0","2","4","03",0,1,"A",,,,,,1500,8,"C","E","A","GRIZZLY PEAK BL","SHASTA AV",135,"N","N","2008-02-25",103,"2007-08-14",1430,"17","15","5","6","0","0",,"0","002","-","N",,0,0,,,0,,,,"Y",2,"A","-",22350,,"N","A","H","-","A","A","0","Y","A","01",0,0,1,0,0,0,0,0,0,"-","-","BERKELEY","ALAMEDA","CA",0,0
"3367926",-122.294067386,37.8637008667,2007,"0103","0","4","4","08",0,1,"A",,,,,,1500,8,"B","C","A","8TH ST","BANCROFT WY",92,"S","N","2008-02-13",103,"2007-08-02",1453,"39","32","5","6","0","0",,"0","015","-","N",,0,0,,,0,,,,"N",2,"A","-",22107,,"N","A","H","-","A","D","0","Y","A","01",0,0,1,0,0,0,0,0,0,"-","-","BERKELEY","ALAMEDA","CA",0,0
"3367927",0,0,2007,"0103","0","4","3","03",0,1,"A",,,,,,600,8,"D","C","A","EAST SHORE HWY","HEARST ST",0,,"Y","2008-02-14",103,"2007-08-02",552,"116","20","5","6","0","0",,"0","016","-","N",,0,0,,,0,,,,"Y",2,"A","-",22350,,"N","A","H","-","B","A","0","Y","A","01",0,1,0,0,0,0,0,0,0,"-","-","BERKELEY","ALAMEDA","CA",0,0
"3367932",-122.291803156,37.8736839294,2007,"0103","0","2","3","12",0,1,"B",,"Y",,,,2100,8,"A","G","A","VIRGINIA ST","STANNAGE AV",0,,"Y","2008-02-14",103,"2007-08-07",2013,"55","22","5","6","0","0",,"0","018","-","N",,0,0,,,0,,,,"N",2,"A","-",22450,"A","N","A","H","-","B","A","0","Y","L","04",0,1,0,0,0,0,1,0,0,"-","-","BERKELEY","ALAMEDA","CA",0,0
"3367934",-122.257260993,37.856507961,2007,"0103","0","4","4","08",0,1,"A",,,"Y",,,2100,8,"B","C","A","RT 13","FLORENCE",10,"E","N","2008-03-13",103,"2007-08-02",1834,"154","36","5","6","0","0",,"0","009","-","Y","ALA",4,13,"-","-",11.53,"I","5","N","N",3,"A","-",22107,,"N","A","H","-","A","D","0","Y","A","01",0,0,1,0,0,0,0,0,1,"-","-","BERKELEY","ALAMEDA","CA",0,0
"3367936",-122.275047306,37.853790631,2007,"0103","0","3","4","03",0,1,"A",,,"Y",,,1500,8,"C","C","A","RT 13","KING ST",170,"W","N","2008-03-04",103,"2007-08-08",1354,"143","40","5","6","0","0",,"0","011","-","Y","ALA",4,13,"-","-",12.53,"H","-","N","Y",2,"A","-",22350,,"N","A","H","-","A","D","0","Y","-","-",0,0,1,0,0,0,0,0,1,"-","-","BERKELEY","ALAMEDA","CA",0,0
"3367939",-122.259376415,37.856229823,2007,"0103","0","5","4","03",0,1,"A",,,,,,1200,8,"C","C","A","TELEGRAPH AV","RT 13",38,"N","N","2008-03-04",103,"2007-08-10",1159,"23","36","5","6","0","0",,"0","009","-","Y","ALA",4,13,"-","-",11.61,"I","6","S","N",2,"A","-",22350,,"N","A","H","-","A","A","0","Y","A","01",0,0,1,0,0,0,0,0,0,"-","-","BERKELEY","ALAMEDA","CA",0,0
"3367944",-122.294150733,37.87531821,2007,"0103","0","3","4","09",0,1,"B",,"Y",,,,1800,8,"B","G","A","CEDAR ST","RT 123",5,"E","N","2008-02-29",103,"2007-08-08",1706,"55","19","5","6","0","0",,"0","018","-","Y","ALA",4,123,"-","-",3.6,"I","6","N","N",2,"A","-",21804,"A","N","A","H","-","A","A","0","Y","L","04",0,0,1,0,0,0,1,0,0,"-","-","BERKELEY","ALAMEDA","CA",0,0
"3367948",-122.293658045,37.873808865,2007,"0103","0","7","4","21",0,1,"B",,,,,,1200,8,"D","C","A","RT 123","VIRGINIA ST",112,"N","N","2008-02-29",103,"2007-08-05",1025,"64","22","5","6","0","0",,"0","018","-","Y","ALA",4,123,"-","-",3.49,"H","-","N","N",2,"A","-",22106,,"N","A","H","-","A","D","0","Y","A","01",0,0,1,0,0,0,0,0,0,"-","-","BERKELEY","ALAMEDA","CA",0,0
"3367955",-122.253168019,37.8580513,2007,"0103","0","6","3","17",0,1,"A",,"Y",,,,2100,8,"H","G","A","COLLEGE AV","RUSSELL ST",154,"S","N","2008-02-22",103,"2007-08-11",1832,"110","37","5","6","0","0",,"0","008","-","N",,0,0,,,0,,,,"N",3,"A","-",22517,,"N","A","H","-","A","D","0","Y","A","01",0,1,0,0,0,0,1,0,0,"-","-","BERKELEY","ALAMEDA","CA",0,0
"3367974",-122.277084163,37.853529351,2007,"0103","0","5","2","11",0,1,"A","Y",,,,"Y",2400,8,"G","B","B","RT 13","CALIFORNIA ST",0,,"Y","2008-03-13",103,"2007-08-03",2159,"87","40","5","6","0","0",,"0","011","-","Y","ALA",4,13,"-","-",12.63,"H","-","S","N",2,"A","-",21950,"B","N","A","H","-","C","A","0","Y","N","60",1,0,0,0,1,0,0,0,0,"-","-","BERKELEY","ALAMEDA","CA",0,0
"3367975",-122.277583153,37.8710136414,2007,"0103","0","1","4","21",0,1,"A","Y",,,,"Y",1500,8,"G","B","B","UNIVERSITY AV","MCGEE AV",0,,"Y","2008-02-22",103,"2007-08-13",1356,"128","30","5","6","0","0",,"0","004","-","N",,0,0,,,0,,,,"N",2,"A","-",22106,,"F","A","H","-","A","D","0","Y","D","22",0,0,1,0,1,0,0,0,0,"-","-","BERKELEY","ALAMEDA","CA",0,0
"3367979",-122.281273153,37.8621635437,2007,"0103","0","7","4","09",0,1,"A",,,,,,1200,8,"D","C","A","SACRAMENTO ST","DWIGHT WY",0,,"Y","2008-02-13",103,"2007-08-12",1127,"131","C31","5","6","0","0",,"0","B14","-","N",,0,0,,,0,,,,"Y",2,"A","-",21801,"A","N","-","H","-","A","A","0","Y","A","01",0,0,1,0,0,0,0,0,0,"-","-","BERKELEY","ALAMEDA","CA",0,0
"3367980",-122.274433152,37.8630561829,2007,"0103","0","5","4","09",0,2,"A",,,,,,2100,8,"D","C","A","DWIGHT WY","GRANT ST",0,,"Y","2008-02-14",103,"2007-08-10",1828,"4","30","5","6","0","0",,"0","005","-","N",,0,0,,,0,,,,"Y",2,"A","-",21802,,"N","A","H","-","A","A","0","Y","A","01",0,0,2,0,0,0,0,0,0,"-","-","BERKELEY","ALAMEDA","CA",0,0
"3367983",-122.302332658,37.8684616089,2007,"0103","0","5","4","09",0,1,"A",,,,,,1200,8,"D","C","A","HEARST ST","2ND ST",75,"E","N","2008-02-22",103,"2007-08-03",1100,"112","20","5","6","0","0",,"0","016","-","N",,0,0,,,0,,,,"Y",2,"A","-",21801,"A","N","A","H","-","A","D","0","Y","A","01",0,0,1,0,0,0,0,0,0,"-","-","BERKELEY","ALAMEDA","CA",0,0
"3367984",-122.289748025,37.851531569,2007,"0103","0","5","4","03",0,1,"A",,,,,,2100,8,"C","C","A","RT 13","7TH ST",163,"E","N","2008-03-04",103,"2007-08-10",1830,"137","20","5","6","0","0",,"0","015","-","Y","ALA",4,13,"-","-",13.41,"H","-","N","N",2,"A","-",22350,,"N","A","H","-","A","A","0","Y","A",,0,0,1,0,0,0,0,0,0,"-","-","BERKELEY","ALAMEDA","CA",0,0
"3367991",-122.263012559,37.8644485474,2007,"0103","0","5","3","03",0,1,"A",,"Y",,,,1800,8,"E","-","A","ELLSWORTH ST","DWIGHT WY",36,"S","N","2008-02-14",103,"2007-08-03",1552,"23","28","5","6","0","0",,"0","006","-","N",,0,0,,,0,,,,"N",1,"A","-",22350,,"N","A","H","-","A","A","0","Y","L","04",0,1,0,0,0,0,1,0,0,"-","-","BERKELEY","ALAMEDA","CA",0,0
"3367992",-122.292626742,37.870652345,2007,"0103","0","6","4","03",0,2,"A",,,,,,1500,8,"C","C","A","RT 123","HEARST AV",100,"N","N","2008-02-29",103,"2007-08-04",1242,"45","21","5","6","0","0",,"0","016","-","Y","ALA",4,123,"-","-",3.26,"H","-","N","N",2,"A","-",22350,,"N","A","H","-","A","D","0","Y","A","01",0,0,2,0,0,0,0,0,0,"-","-","BERKELEY","ALAMEDA","CA",0,0
"3367996",-122.268463152,37.872215271,2007,"0103","0","6","4","07",0,1,"A",,,,,,1800,8,"B","C","A","SHATTUCK AV","UNIVERSITY AV",0,"N","N","2008-02-14",103,"2007-08-04",1519,"8","24","5","6","0","0",,"0","002","-","N",,0,0,,,0,,,,"N",2,"A","-",21658,"A","N","A","H","-","A","D","0","Y","A","01",0,0,1,0,0,0,0,0,0,"-","-","BERKELEY","ALAMEDA","CA",0,0
"3368005",-122.265503151,37.865146637,2007,"0103","0","6","3","12",0,1,"A",,,,,,1200,8,"D","C","A","FULTON ST","HASTE ST",0,,"Y","2008-02-14",103,"2007-08-18",1018,"147","29","5","6","0","0",,"0","006","-","N",,0,0,,,0,,,,"Y",2,"A","-",21453,"A","N","A","H","-","A","A","0","Y","-","-",0,1,0,0,0,0,0,0,0,"-","-","BERKELEY","ALAMEDA","CA",0,0
"3368013",-122.292283155,37.869125004,2007,"0103","0","7","3","17",0,1,"A",,"Y",,,,1500,8,"D","G","A","UNIVERSITY AV","RT 123",0,,"Y","2008-02-25",103,"2007-08-19",1402,"44","21","5","6","0","0",,"0","016","-","Y","ALA",4,123,"-","-",3.15,"I","5","S","N",2,"A","-",21451,"A","N","A","H","-","A","A","0","Y","L","04",0,1,0,0,0,0,1,0,0,"-","-","BERKELEY","ALAMEDA","CA",0,0
"3368025",-122.274953155,37.8854255676,2007,"0103","0","1","4","09",0,1,"A",,,,,,1800,8,"D","C","A","THE ALAMEDA","HOPKINS ST",0,,"Y","2008-02-14",103,"2007-08-20",1642,"128","13","5","6","0","0",,"0","001","-","N",,0,0,,,0,,,,"Y",2,"A","-",21801,"A","N","A","H","-","A","A","0","Y","A","01",0,0,1,0,0,0,0,0,0,"-","-","BERKELEY","ALAMEDA","CA",0,0
"3368029",-122.268246192,37.869354248,2007,"0103","0","1","4","21",0,2,"A",,,,,,1800,8,"B","C","A","ALLSTON WY","SHATTUCK AV",42,"W","N","2008-02-14",103,"2007-08-20",1710,"136","20","5","6","0","0",,"0","004","-","N",,0,0,,,0,,,,"N",2,"A","-",22106,,"N","A","H","-","A","D","0","Y","A","01",0,0,2,0,0,0,0,0,0,"-","-","BERKELEY","ALAMEDA","CA",0,0
"3368037",-122.293613482,37.873671611,2007,"0103","0","4","4","09",0,1,"A",,,,,,1800,8,"D","C","A","SAN PABLO AV","VIRGINIA ST",15,"N","N","2008-02-25",103,"2007-08-16",1622,"38","22","5","6","0","0",,"0","018","-","Y","ALA",4,123,"-","-",3.48,"H","-","N","N",3,"A","-",21802,"A","N","A","H","-","A","A","0","Y","A","01",0,0,1,0,0,0,0,0,0,"-","-","BERKELEY","ALAMEDA","CA",0,0
"3368042",-122.243496171,37.857965871,2007,"0103","0","3","4","09",0,1,"A",,,,,,2100,8,"A","C","A","RT 13","CLAREMONT AV",168,"E","N","2008-03-03",103,"2007-08-22",1916,"55","37","5","6","0","0",,"0","008","-","Y","ALA",4,13,"-","-",10.76,"H","-","N","Y",2,"A","-",21804,"A","N","A","H","-","A","D","0","Y","-","-",0,0,1,0,0,0,0,0,0,"-","-","BERKELEY","ALAMEDA","CA",0,0
"3368045",-122.267803151,37.8666763306,2007,"0103","0","5","4","03",0,2,"A",,,,,,1500,8,"C","C","A","SHATTUCK AV","DURANT AV",0,,"Y","2008-02-14",103,"2007-08-17",1318,"8",,"5","6","0","0",,"0","005","-","N",,0,0,,,0,,,,"N",2,"A","-",22350,,"N","A","H","-","A","A","0","Y","-","-",0,0,2,0,0,0,0,0,0,"-","-","BERKELEY","ALAMEDA","CA",0,0
"3368046",-122.306483159,37.878326416,2007,"0103","0","4","4","09",0,2,"A",,,,,,1200,8,"A","C","A","GILMAN ST","EASTSHORE HWY",0,,"Y","2008-02-14",103,"2007-08-23",1000,"83","20","5","6","0","0",,"0","017","-","N",,0,0,,,0,,,,"Y",2,"A","-",21802,"A","N","A","H","-","A","A","0","Y","A","01",0,0,2,0,0,0,0,0,0,"-","-","BERKELEY","ALAMEDA","CA",0,0
"3368057",-122.271333151,37.8561248779,2007,"0103","0","3","4","03",0,2,"A",,,,,,2400,8,"C","C","A","MARTIN LUTHER KING JR WY","RUSSELL ST",0,,"Y","2008-02-13",103,"2007-08-08",2240,"43","315","5","6","0","0",,"0","010","-","N",,0,0,,,0,,,,"N",2,"A","-",22350,,"N","A","H","-","A","A","0","Y","A","01",0,0,2,0,0,0,0,0,0,"-","-","BERKELEY","ALAMEDA","CA",0,0
"3368061",-122.268003152,37.8684959412,2007,"0103","0","3","4","06",0,1,"A",,"Y",,,,2100,8,"D","G","A","SHATTUCK AV","KITTREDGE ST",0,,"Y","2008-02-13",103,"2007-08-08",1927,"136","1440","5","6","0","0",,"0","004","-","N",,0,0,,,0,,,,"N",2,"A","-",21750,,"F","A","H","-","A","A","0","Y","L","04",0,0,1,0,0,0,1,0,0,"-","-","BERKELEY","ALAMEDA","CA",0,0
"3368065",-122.299693157,37.8741035461,2007,"0103","0","4","4","12",0,1,"A",,,,,,900,8,"D","C","A","6TH ST","CEDAR ST",0,,"Y","2008-02-13",103,"2007-08-09",732,"83","21","5","6","0","0",,"0","017","-","N",,0,0,,,0,,,,"Y",2,"A","-",21453,"A","N","A","H","-","A","A","0","Y","I","09",0,0,1,0,0,0,0,0,0,"-","-","BERKELEY","ALAMEDA","CA",0,0
"3368069",-122.259702174,37.8563232422,2007,"0103","0","4","4","03",0,2,"A",,,,,,1200,8,"C","C","A","TELEGRAPH AV","ASHBY AV",50,"N","N","2008-04-28",103,"2007-08-09",900,"112","36","5","6","0","0",,"0","009","-","N",,0,0,,,0,,,,"N",3,"A","-",22350,,"N","A","H","-","A","A","0","Y","A","01",0,0,2,0,0,0,0,0,0,"-","-","BERKELEY","ALAMEDA","CA",0,0
"3368073",-122.294422459,37.876140734,2007,"0103","0","4","4","03",0,1,"A",,,,"Y",,1500,8,"C","C","A","SAN PABLO AV","JONES ST",128,"S","N","2008-02-25",103,"2007-08-09",1309,"157","21","5","6","0","0",,"0","017","-","Y","ALA",4,123,"-","-",3.66,"H","-","N","N",4,"A","-",22350,,"N","A","H","-","A","A","0","Y","F","26",0,0,1,0,0,0,0,0,0,"-","-","BERKELEY","ALAMEDA","CA",0,0
"3368078",-122.290812069,37.864641295,2007,"0103","0","2","4","09",0,3,"A",,,,,,1500,8,"D","C","A","RT 123","BANCROFT WY",0,,"Y","2008-02-25",103,"2007-08-21",1307,"6","32","5","6","0","0",,"0","016","-","Y","ALA",4,123,"-","-",2.83,"I","5","S","Y",2,"A","-",21802,"A","N","A","H","-","A","A","0","Y","A","01",0,0,3,0,0,0,0,0,0,"-","-","BERKELEY","ALAMEDA","CA",0,0
"3374886",-122.268083152,37.8703346252,2007,"0103","0","2","3","17",0,1,"A",,"Y",,,,1200,7,"D","G","A","CENTER ST","SHATTUCK AV",0,,"Y","2007-12-14",103,"2007-07-24",906,"143","29","5","6","0","0",,"0","004","-","N",,0,0,,,0,,,,"N",2,"A","-",21451,"A","N","A","H","-","A","A","0","Y","A","01",0,1,0,0,0,0,1,0,0,"-","-","BERKELEY","ALAMEDA","CA",0,0
"3374894",-122.243883147,37.8580741882,2007,"0103","0","1","4","03",0,1,"A",,,,,,900,7,"B","C","A","TUNNEL RD","DOMINGO",0,"E","N","2007-12-28",103,"2007-07-30",719,"5","38","5","6","0","0",,"0","008","-","N",,0,0,,,0,,,,"Y",2,"A","-",22350,,"N","A","H","-","A","A","0","Y","A","01",0,0,1,0,0,0,0,0,0,"-","-","BERKELEY","ALAMEDA","CA",0,0
"3374906",-122.266372466,37.8705368042,2007,"0103","0","2","4","17",0,1,"A",,"Y",,,,1200,7,"H","G","A","CENTER ST","OXFORD ST",110,"W","N","2007-12-14",103,"2007-07-31",1135,"112","29","5","6","0","0",,"0","004","-","N",,0,0,,,0,,,,"N",2,"A","-",22517,,"F","A","H","-","A","D","0","Y","A","01",0,0,1,0,0,0,1,0,0,"-","-","BERKELEY","ALAMEDA","CA",0,0
"3374941",-122.280463153,37.8595848083,2007,"0103","0","4","3","03",0,1,"A",,"Y",,,"Y",1500,7,"H","G","A","SACRAMENTO ST","CARLETON ST",0,,"Y","2007-12-14",103,"2007-07-19",1400,"84","30","5","6","0","0",,"0","014","-","N",,0,0,,,0,,,,"N",1,"A","-",22350,,"N","A","H","-","A","-","0","Y","L","04",0,1,0,0,0,0,1,0,0,"-","-","BERKELEY","ALAMEDA","CA",0,0
"3374945",0,0,2007,"0103","0","3","3","00",0,1,"-","Y",,,,,2400,7,"G","B","B","UNIVERSITY AV","GRAND ST",0,,"Y","2007-12-14",103,"2007-07-18",2256,"126","23","5","6","0","0",,"0","005","-","N",,0,0,,,0,,,,"N",2,"D","-",0,,"N","A","H","-","C","A","0","Y","-","-",0,1,0,0,1,0,0,0,0,"-","-","BERKELEY","ALAMEDA","CA",0,0
"3374949",-122.271833149,37.8475074768,2007,"0103","0","3","4","03",0,2,"A",,,,,,1500,7,"C","C","A","ADELINE  ST","MARTIN LUTHER KING JR WY",5,"S","N","2007-12-14",103,"2007-07-18",1300,"143","39","5","6","0","0",,"0","011","-","N",,0,0,,,0,,,,"N",2,"A","-",22350,,"N","A","H","-","A","B","0","Y","D","22",0,0,2,0,0,0,0,0,0,"-","-","BERKELEY","ALAMEDA","CA",0,0
"3374953",-122.25657315,37.8672065735,2007,"0103","0","1","4","12",0,1,"A",,,,"Y",,900,7,"D","C","A","CHANNING","BOWDITCH",0,,"N","2007-12-14",103,"2007-07-16",701,"5","28","5","6","0","0",,"0","007","-","N",,0,0,,,0,,,,"N",2,"A","-",22450,,"N","A","H","-","A","A","0","Y","G","25",0,0,1,0,0,0,0,0,0,"-","-","BERKELEY","ALAMEDA","CA",0,0
"3374957",-122.272326512,37.8780059814,2007,"0103","0","4","4","21",0,1,"A",,,,,,900,7,"D","C","A","CEDAR ST","BONITA ST",75,"E","N","2007-12-14",103,"2007-07-05",828,"84","24","5","6","0","0",,"0","003","-","N",,0,0,,,0,,,,"N",2,"A","-",22106,,"N","A","H","-","A","D","0","Y","A","07",0,0,1,0,0,0,0,0,0,"-","-","BERKELEY","ALAMEDA","CA",0,0
"3376877",-122.297717651,37.843002342,2007,"0103","1","2","4","03",0,1,"A",,,,,,1800,9,"C","C","A","RT 80","WEST ASHBY AV",1056,"W","N","2008-02-22",9370,"2007-09-18",1500,"01396",,"2","6","0","1",,"2","081","-","Y","ALA",4,80,"-","-",4.25,"H","-","W","N",2,"A","-",22350,,"N","A","H","-","A","D","6","Y","A","08",0,0,1,0,0,0,0,0,0,"-","-","BERKELEY","ALAMEDA","CA",0,0
"3376941",-122.308102483,37.880963869,2007,"0103","1","5","4","03",0,1,"A",,,,,,1800,9,"C","C","A","RT 80","GILMAN ST",528,"E","N","2008-02-22",9370,"2007-09-07",1520,"01396",,"2","6","0","1",,"2","081","-","Y","ALA",4,80,"-","-",6.78,"H","-","W","N",2,"A","-",22350,,"N","A","H","-","A","D","6","Y","D","22",0,0,1,0,0,0,0,0,0,"-","-","BERKELEY","ALAMEDA","CA",0,0
"3378459",-122.279833154,37.8707351685,2007,"0103","0","4","2","10",0,1,"A","Y",,,"Y",,1500,9,"A","B","B","UNIVERSITY AV","CALIFORNIA ST",0,,"Y","2008-03-01",103,"2007-09-06",1255,"112","33","5","6","0","0",,"0","004","-","N",,0,0,,,0,,,,"N",2,"A","-",21950,"A","N","A","H","-","A","A","0","Y","F","26",1,0,0,0,1,0,0,0,0,"-","-","BERKELEY","ALAMEDA","CA",0,0
"3378533",-122.278263156,37.8914146423,2007,"0103","0","7","1","01",1,0,"B","Y",,,,"Y",2400,6,"D","B","B","SOLANO AV","FRESNO AV",0,,"Y","2008-07-08",103,"2007-06-03",2251,"143","13","5","6","0","0",,"0","001","-","N",,0,0,,,0,,,,"Y",2,"A","-",23153,"A","N","A","H","-","C","A","0","Y","A","08",0,0,0,1,0,0,0,0,0,"-","-","BERKELEY","ALAMEDA","CA",0,0
"3390883",-122.306015365,37.874447454,2007,"0103","1","3","4","03",0,1,"A",,,,,,1800,9,"C","A","A","RT 80","GILMAN ST",528,"W","N","2008-03-11",9370,"2007-09-19",1535,"01793",,"2","6","0","1",,"2","081","-","Y","ALA",4,80,"-","-",6.47,"H","-","E","Y",3,"A","-",22350,,"M","A","H","-","A","D","6","Y","A","01",0,0,1,0,0,0,0,0,0,"-","-","BERKELEY","ALAMEDA","CA",0,0
"3391173",-122.298172672,37.845024938,2007,"0103","1","6","4","03",0,4,"A",,,,,,1800,9,"C","C","A","RT 80","ASHBY AV",200,"W","N","2008-02-28",9370,"2007-09-22",1715,"01850",,"2","6","0","1",,"2","080","-","Y","ALA",4,80,"-","-",4.41,"H","-","W","Y",3,"A","-",22350,,"N","A","H","-","A","D","6","Y","A","01",0,0,4,0,0,0,0,0,0,"-","-","BERKELEY","ALAMEDA","CA",0,0
"3391194",-122.299736333,37.851824082,2007,"0103","1","3","4","07",0,2,"A",,,,,,1800,9,"B","C","A","RT 80","ASHBY AV",800,"E","N","2008-02-28",9370,"2007-09-05",1535,"01812",,"2","6","0","1",,"2","005","-","Y","ALA",4,80,"-","-",4.73,"H","-","W","Y",2,"A","-",21658,"A","F","A","H","-","A","D","6","Y","A","01",0,0,2,0,0,0,0,0,0,"-","-","BERKELEY","ALAMEDA","CA",0,0
"3391196",-122.303912083,37.867526157,2007,"0103","1","2","4","03",0,1,"B",,,,,,2100,9,"C","C","A","RT 80","UNIVERSITY AV",200,"E","N","2008-02-22",9370,"2007-09-25",1817,"01353",,"2","6","0","1",,"2","081","-","Y","ALA",4,80,"-","-",5.88,"H","-","E","N",2,"A","-",22350,,"N","A","H","-","A","D","6","Y","A","01",0,0,1,0,0,0,0,0,0,"-","-","BERKELEY","ALAMEDA","CA",0,0
"3398137",-122.300750143,37.856191438,2007,"0103","1","2","3","07",0,1,"A",,,,"Y",,300,10,"C","C","A","RT 80","ASHBY AV",2640,"E","N","2008-04-09",9370,"2007-10-16",229,"01748",,"3","6","0","1",,"2","081","-","Y","ALA",4,80,"-","-",5.08,"H","-","E","Y",2,"A","-",21658,"A","M","A","H","-","D","D","6","Y","A","01",0,1,0,0,0,0,0,0,0,"-","-","BERKELEY","ALAMEDA","CA",0,0
"3405895",0,0,2007,"0103","0","6","3","03",0,1,"A",,,"Y",,,2100,9,"H","J","A","UNIVERSITY AV","MARINA BL",707,"E","N","2008-03-10",103,"2007-09-01",2037,"101","0142","5","6","0","0",,"0","016","-","N",,0,0,,,0,,,,"Y",1,"A","-",22350,,"N","A","G","-","C","D","0","Y","C","02",0,1,0,0,0,0,0,0,1,"-","-","BERKELEY","ALAMEDA","CA",0,0
"3409048",-122.294150733,37.87531821,2007,"0103","0","1","4","09",0,1,"A",,,,,,1500,9,"D","C","A","RT 123","CEDAR ST",0,,"Y","2008-03-17",103,"2007-09-10",1356,"108","20","5","6","0","0",,"0","017","-","Y","ALA",4,123,"-","-",3.6,"I","5","N","Y",2,"A","-",21801,"A","N","A","H","-","A","A","0","Y","A","01",0,0,1,0,0,0,0,0,0,"-","-","BERKELEY","ALAMEDA","CA",0,0