"CASEID","POINT_X","POINT_Y","YEAR_","LOCATION","CHPTYPE","DAYWEEK","CRASHSEV","VIOLCAT","KILLED","INJURED","WEATHER1","PEDCOL","BICCOL","MCCOL","TRUCKCOL","ETOH","TIMECAT","MONTH_","CRASHTYP","INVOLVE","PED","PRIMARYRD","SECONDRD","DISTANCE","DIRECT","INTERSECT_","PROCDATE","JURIS","DATE_","TIME_","BADGE","JURIDIST","SHIFT","POP","SPECIAL","BEATTYPE","LAPDDIV","BEATCLAS","BEATNUMB","WEATHER2","STATEHW","CALTRANC","CALTRAND","STROUTE","ROUTESUF","POSTPRE","POSTMILE","LOCATYPE","RAMP","SIDEHW","TOWAWAY","PARTIES","PCF","VIOLCODE","VIOL","VIOLSUB","HITRUN","ROADSURF","RDCOND1","RDCOND2","LIGHTING","RIGHTWAY","CHPRDTYP","NOTPRIV","STFAULT","CHPFAULT","SEVINJ","OTHERINJ","COP","PEDKILL","PEDINJ","BICKILL","BICINJ","MCKILL","MCINJURE","RAMP1","RAMP2","CITY","COUNTY","STATE","X_CHP","Y_CHP"
"3409052",-122.249658269,37.857781969,2007,"0103","0","1","4","03",0,1,"A",,,,,,2100,9,"E","I","A","ASHBY AV","PIEDMONT AV",38,"E","N","2008-03-18",103,"2007-09-24",1928,"127","37","5","6","0","0",,"0","008","-","Y","ALA",4,13,"-","-",11.1,"H","-","N","N",1,"A","-",22350,,"N","A","H","-","C","D","0","Y","-","-",0,0,1,0,0,0,0,0,0,"-","-","BERKELEY","ALAMEDA","CA",0,0
"3409056",-122.283325641,37.852815774,2007,"0103","0","1","4","09",0,2,"A",,,,,,2100,9,"B","C","A","RT 13","MABEL ST",183,"E","N","2008-05-08",103,"2007-09-24",1842,"100","33","5","6","0","0",,"0","013","-","Y","ALA",4,13,"-","-",12.99,"H","-","N","Y",2,"A","-",21804,"A","N","A","H","-","-","A","0","Y","A","01",0,0,2,0,0,0,0,0,0,"-","-","BERKELEY","ALAMEDA","CA",0,0
"3409068",-122.266871464,37.8577384949,2007,"0103","0","1","4","03",0,1,"A",,,,,,1200,9,"C","E","A","SHATTUCK AV","OREGON ST",42,"N","N","2008-02-28",103,"2007-09-24",1117,"56","35","5","6","0","0",,"0","010","-","N",,0,0,,,0,,,,"N",2,"A","-",22350,,"N","A","H","-","A","D","0","Y","A","01",0,0,1,0,0,0,0,0,0,"-","-","BERKELEY","ALAMEDA","CA",0,0
"3409076",-122.268343152,37.8711853027,2007,"0103","0","1","3","09",0,1,"A",,"Y",,,,2100,9,"H","G","A","ADDISON ST","SHATTUCK AV",0,,"Y","2008-02-28",103,"2007-09-24",2016,"154","29","5","6","0","0",,"0","004","-","N",,0,0,,,0,,,,"N",2,"A","-",21801,"A","N","A","H","-","C","A","0","Y","A","01",0,1,0,0,0,0,1,0,0,"-","-","BERKELEY","ALAMEDA","CA",0,0
"3409686",-122.242337586,37.857574489,2007,"0103","0","4","4","21",0,1,"A",,,,,,1800,8,"C","C","A","RT 13","DOMINGO AV",300,"E","N","2008-03-25",103,"2007-08-30",1745,"134","37","5","6","0","0",,"0","008","-","Y","ALA",4,13,"-","-",10.63,"H","-","S","Y",3,"A","-",22106,,"N","A","H","-","A","A","0","Y","A","01",0,0,1,0,0,0,0,0,0,"-","-","BERKELEY","ALAMEDA","CA",0,0
"3409690",-122.268623152,37.8738746643,2007,"0103","0","4","4","09",0,1,"A",,,"Y",,,1800,8,"D","C","A","SHATTUCK AV","HEARST AV",0,,"Y","2008-02-07",103,"2007-08-30",1603,"112","24","5","6","0","0",,"0","003","-","N",,0,0,,,0,,,,"Y",2,"A","-",21801,"A","N","A","H","-","A","A","0","Y","A","01",0,0,1,0,0,0,0,0,1,"-","-","BERKELEY","ALAMEDA","CA",0,0
"3409694",-122.305823159,37.8784637451,2007,"0103","0","3","4","03",0,1,"A",,,,,,1200,8,"C","C","A","GILMAN ST","2ND ST",0,,"Y","2008-02-07",103,"2007-08-29",1128,"143","20","5","6","0","0",,"0","017","-","N",,0,0,,,0,,,,"N",3,"A","-",22350,,"N","A","H","-","A","D","0","Y","A","01",0,0,1,0,0,0,0,0,0,"-","-","BERKELEY","ALAMEDA","CA",0,0
"3409698",-122.262063412,37.8835029602,2007,"0103","0","2","4","21",0,2,"A",,,,,,1500,8,"B","C","A","EUCLID AV","CODORNICES RD",80,"N","N","2008-02-07",103,"2007-08-28",1229,"92","16","5","6","0","0",,"0","002","-","N",,0,0,,,0,,,,"Y",4,"A","-",22106,,"N","A","H","-","A","A","0","Y","-",,0,0,2,0,0,0,0,0,0,"-","-","BERKELEY","ALAMEDA","CA",0,0
"3409702",-122.265893151,37.8669433594,2007,"0103","0","2","4","10",0,1,"A","Y",,,,,1200,8,"G","B","B","DURANT AV","FULTON ST",0,,"Y","2008-02-07",103,"2007-08-28",953,"92","29","5","6","0","0",,"0","005","-","N",,0,0,,,0,,,,"N",2,"A","-",21950,"A","N","A","H","-","A","A","0","Y","-","-",0,0,1,0,1,0,0,0,0,"-","-","BERKELEY","ALAMEDA","CA",0,0
"3409718",-122.272303152,37.8651847839,2007,"0103","0","7","3","08",0,1,"A",,"Y",,,,2100,8,"D","G","A","MARTIN LUTHER KING JR WY","CHANNING WY",0,,"Y","2008-02-07",103,"2007-08-19",1859,"8","30","5","6","0","0",,"0","005","-","N",,0,0,,,0,,,,"N",2,"A","-",22107,,"F","A","H","-","A","A","0","Y","-","99",0,1,0,0,0,0,1,0,0,"-","-","BERKELEY","ALAMEDA","CA",0,0
"3409726",-122.269774642,37.8783302307,2007,"0103","0","3","3","03",0,2,"A",,,,,,1500,8,"A","I","A","CEDAR ST","SHATTUCK AV",170,"W","N","2008-02-07",103,"2007-08-01",1358,"143","17","5","6","0","0",,"0","001","-","N",,0,0,,,0,,,,"Y",1,"A","-",22350,,"N","A","H","-","A","D","0","Y","A","01",0,1,1,0,0,0,0,0,0,"-","-","BERKELEY","ALAMEDA","CA",0,0
"3409730",-122.258701372,37.856317074,2007,"0103","0","5","4","09",0,1,"A",,"Y",,,,1200,8,"G","G","A","TELEGRAPH AV","RT 13",22,"S","N","2008-03-03",103,"2007-08-10",1143,"154","36","5","6","0","0",,"0","009","-","Y","ALA",4,13,"-","-",11.61,"I","5","N","N",2,"A","-",21801,"A","N","A","H","-","A","A","0","Y","A","07",0,0,1,0,0,0,1,0,0,"-","-","BERKELEY","ALAMEDA","CA",0,0
"3410657",-122.304145463,37.868379923,2007,"0103","1","1","3","01",0,1,"A",,,"Y",,"Y",300,10,"F","A","A","RT 80","UNIVERSITY AV",400,"E","N","2008-04-29",9370,"2007-10-08",10,"17810",,"3","6","0","1",,"2","081","-","Y","ALA",4,80,"-","-",5.92,"H","-","E","Y",1,"A","-",23152,"A","N","A","H","-","C","D","6","Y","C","02",0,1,0,0,0,0,0,0,1,"-","-","BERKELEY","ALAMEDA","CA",0,0
"3410734",-122.302904507,37.863134421,2007,"0103","1","1","4","03",0,1,"A",,,"Y",,,1800,10,"F","I","A","RT 80","UNIVERSITY AV",1056,"W","N","2008-04-29",9370,"2007-10-01",1530,"01831",,"2","6","0","1",,"2","081","-","Y","ALA",4,80,"-","-",5.6,"H","-","W","Y",1,"A","-",22350,,"N","A","H","-","A","D","6","Y","C","02",0,0,1,0,0,0,0,0,1,"-","-","BERKELEY","ALAMEDA","CA",0,0
"3416522",-122.279933152,37.8569145203,2007,"0103","0","7","4","12",0,1,"A",,,,,,1500,9,"-","C","A","SACRAMENTO ST","STUART ST",0,,"Y","2008-03-07",103,"2007-09-09",1209,"151","34","5","6","0","0",,"0","012","-","N",,0,0,,,0,,,,"Y",2,"A","-",22450,,"F","A","H","-","A","A","0","Y","-","-",0,0,1,0,0,0,0,0,0,"-","-","BERKELEY","ALAMEDA","CA",0,0
"3416532",-122.27028315,37.8518638611,2007,"0103","0","3","4","03",0,1,"A",,,,,,2100,9,"C","C","A","ADELINE","WOOLSEY",0,,"Y","2008-03-07",103,"2007-09-26",2034,"149","C39","5","6","0","0",,"0","010","-","N",,0,0,,,0,,,,"N",2,"A","-",22350,,"N","A","H","-","C","D","0","Y","A",,0,0,1,0,0,0,0,0,0,"-","-","BERKELEY","ALAMEDA","CA",0,0
"3416542",0,0,2007,"0103","0","1","3","09",0,1,"A",,"Y",,,,1800,9,"H","G","A","THE CIR","DEL NORTE ST",0,,"Y","2008-03-07",103,"2007-09-10",1609,"92","12","5","6","0","0",,"0","001","-","N",,0,0,,,0,,,,"N",2,"A","-",21802,"A","N","A","H","-","A","A","0","Y","-","-",0,1,0,0,0,0,1,0,0,"-","-","BERKELEY","ALAMEDA","CA",0,0
"3416544",-122.292962052,37.8704,2007,"0103","0","3","4","08",0,1,"A",,,,,,1500,9,"B","C","A","HEARST ST","SAN PABLO WY",126,"W","N","2008-03-24",103,"2007-09-26",1430,"61","20","5","6","0","0",,"0","016","-","Y","ALA",4,123,"-","-",3.24,"I","6","S","Y",2,"A","-",22107,,"N","A","H","-","A","D","0","Y","A","01",0,0,1,0,0,0,0,0,0,"-","-","BERKELEY","ALAMEDA","CA",0,0
"3416546",-122.292231699,37.86898667,2007,"0103","0","1","4","03",0,1,"A",,,,,,1200,9,"C","C","A","RT 123","UNIVERSITY AV",54,"S","N","2008-03-24",103,"2007-09-10",939,"143","21","5","6","0","0",,"0","016","-","Y","ALA",4,123,"-","-",3.14,"H","-","S","N",3,"A","-",22350,,"N","A","H","-","A","D","0","Y","A","07",0,0,1,0,0,0,0,0,0,"-","-","BERKELEY","ALAMEDA","CA",0,0
"3416548",-122.264583151,37.8661842346,2007,"0103","0","3","3","21",0,1,"A","Y",,,,,1800,9,"C","B","B","CHANNING WY","ATHERTON ST",0,,"Y","2008-03-07",103,"2007-09-26",1722,"130","28","5","6","0","0",,"0","006","-","N",,0,0,,,0,,,,"N",2,"A","-",22106,,"N","A","H","-","A","D","0","Y","A","01",0,1,0,0,1,0,0,0,0,"-","-","BERKELEY","ALAMEDA","CA",0,0
"3416552",-122.271313183,37.8558921814,2007,"0103","0","5","4","21",0,1,"B","Y",,,,,1200,9,"G","B","E","MARTIN LUTHER KING JR WY","RUSSELL ST",85,"S","N","2008-03-07",103,"2007-09-28",1006,"86","34","5","6","0","0",,"0","012","-","N",,0,0,,,0,,,,"Y",2,"A","-",22106,,"N","A","H","-","A","D","0","Y","A","01",0,0,1,0,1,0,0,0,0,"-","-","BERKELEY","ALAMEDA","CA",0,0
"3416558",-122.282350593,37.8726272583,2007,"0103","0","3","4","07",0,1,"B","Y",,,,,900,9,"G","B","E","SACRAMENTO ST","DELAWARE ST",164,"S","N","2008-06-17",103,"2007-09-12",823,"83","22","5","6","0","0",,"0","018","-","N",,0,0,,,0,,,,"N",2,"A","-",21658,"A","F","A","H","-","A","D","0","Y","A","01",0,0,1,0,1,0,0,0,0,"-","-","BERKELEY","ALAMEDA","CA",0,0
"3416641",-122.254008117,37.8661384583,2007,"0103","0","4","4","17",0,1,"A",,"Y",,,,2100,9,"H","G","A","COLLEGE AV","DWIGHT WY",153,"N","N","2008-03-07",103,"2007-09-13",1846,"137","27","5","6","0","0",,"0","007","-","N",,0,0,,,0,,,,"N",2,"A","-",22517,,"N","A","H","-","A","D","0","Y","A","01",0,0,1,0,0,0,1,0,0,"-","-","BERKELEY","ALAMEDA","CA",0,0
"3416653",-122.257823149,37.8554649353,2007,"0103","0","3","3","09",0,1,"A","Y",,,,,1200,9,"D","B","B","COLBY ST","WEBSTER ST",0,,"Y","2008-03-21",103,"2007-09-19",1140,"143","31","5","6","0","0",,"0","009","-","N",,0,0,,,0,,,,"N",2,"A","-",21802,"A","N","-","H","-","A","A","0","Y","-","-",0,1,0,0,1,0,0,0,0,"-","-","BERKELEY","ALAMEDA","CA",0,0
"3416665",-122.289666648,37.860987329,2007,"0103","0","4","4","09",0,1,"A",,,,,,1200,9,"D","C","A","RT 123","DWIGHT WY",0,,"Y","2008-03-24",103,"2007-09-20",1024,"6","32","5","6","0","0",,"0","015","B","Y","ALA",4,123,"-","-",2.57,"I","5","S","Y",2,"A","-",21453,"C","N","A","H","-","A","A","0","Y","A","01",0,0,1,0,0,0,0,0,0,"-","-","BERKELEY","ALAMEDA","CA",0,0
"3416673",-122.266963154,37.8924560547,2007,"0103","0","5","4","01",0,1,"A",,,,,"Y",600,9,"C","E","A","SPRUCE ST","SANTA BARBARA",239,"N","N","2008-03-07",103,"2007-09-21",342,"146","14","5","6","0","0",,"0","002","-","N",,0,0,,,0,,,,"Y",3,"A","-",23152,,"N","A","H","-","C","D","0","Y","B","01",0,0,1,0,0,0,0,0,0,"-","-","BERKELEY","ALAMEDA","CA",0,0
"3416697",-122.296088589,37.8683586121,2007,"0103","0","6","4","03",0,3,"B",,,,,"Y",1500,9,"C","C","A","UNIVERSITY AV","8TH ST",151,"W","N","2008-03-07",103,"2007-09-22",1240,"147","22","5","6","0","0",,"0","016","-","N",,0,0,,,0,,,,"Y",3,"A","-",22350,,"N","B","H","-","A","A","0","Y","-","-",0,0,3,0,0,0,0,0,0,"-","-","BERKELEY","ALAMEDA","CA",0,0
"3416713",-122.299153157,37.8723564148,2007,"0103","0","5","4","08",0,1,"A",,"Y",,,,2100,9,"D","G","A","6TH ST","VIRGINIA ST",0,,"Y","2008-03-07",103,"2007-09-07",1811,"101","0142","5","6","0","0",,"0","016","-","N",,0,0,,,0,,,,"N",2,"A","-",22107,,"F","A","H","-","A","A","0","Y","A","01",0,0,1,0,0,0,1,0,0,"-","-","BERKELEY","ALAMEDA","CA",0,0
"3416961",-122.278923156,37.8895568848,2007,"0103","0","4","3","00",0,1,"A",,"Y",,,,900,9,"D","G","A","MARIN AV","COLUSA AV",0,,"-","2008-03-10",103,"2007-09-13",725,"16","13","5","6","0","0",,"0","001","-","N",,0,0,,,0,,,,"N",2,"D","-",0,,"N","A","H","-","A","-","0","Y","-","-",0,1,0,0,0,0,1,0,0,"-","-","BERKELEY","ALAMEDA","CA",0,0
"3416997",-122.269840636,37.869140625,2007,"0103","0","3","3","11",0,1,"A","Y",,,,,900,9,"G","B","B","ALLSTON WY","HAROLD WY",8,"W","N","2008-03-10",103,"2007-09-05",814,"6","29","5","6","0","0",,"0","004","-","N",,0,0,,,0,,,,"N",2,"A","-",21950,"B","N","A","H","-","A","D","0","Y","N","60",0,1,0,0,1,0,0,0,0,"-","-","BERKELEY","ALAMEDA","CA",0,0
"3417005",-122.297297681,37.8666267395,2007,"0103","0","3","4","03",0,1,"-",,,,,,1800,9,"C","C","A","6TH ST","ADDISON ST",30,"S","N","2008-03-10",103,"2007-09-05",1711,"72","32","5","6","0","0",,"0","016","-","N",,0,0,,,0,,,,"N",2,"A","-",22350,,"N","A","H","-","A","D","0","Y","A","01",0,0,1,0,0,0,0,0,0,"-","-","BERKELEY","ALAMEDA","CA",0,0
"3417029",-122.279513152,37.8548851013,2007,"0103","0","4","4","21",0,1,"B",,"Y",,,,2100,9,"E","G","A","SACRAMENTO ST","RUSSELL ST",0,,"Y","2008-04-08",103,"2007-09-06",2027,"119","34","5","6","0","0",,"0","012","-","N",,0,0,,,0,,,,"N",2,"A","-",22106,,"M","A","H","-","A","D","0","Y","A","01",0,0,1,0,0,0,1,0,0,"-","-","BERKELEY","ALAMEDA","CA",0,0
"3417856",-122.306104426,37.873514835,2007,"0103","1","2","3","07",0,2,"A",,,,,,1800,9,"B","C","A","RT 80","GILMAN ST",1131,"W","N","2008-03-14",9370,"2007-09-25",1520,"01396",,"2","6","0","1",,"2","081","-","Y","ALA",4,80,"-","-",6.41,"H","-","W","Y",4,"A","-",21658,"A","N","A","H","-","A","D","6","Y","A","07",0,1,1,0,0,0,0,0,0,"-","-","BERKELEY","ALAMEDA","CA",0,0
"3422585",-122.306043158,37.874535003,2007,"0103","1","4","4","18",0,1,"A",,,,,,2100,10,"E","I","A","RT 80","GILMAN ST",400,"W","N","2008-04-29",9370,"2007-10-04",2052,"01845",,"2","6","0","1",,"2","081","-","Y","ALA",4,80,"-","-",6.479,"R","1","E","N",1,"C","-",0,,"N","A","H","-","A","D","6","Y","-","-",0,0,1,0,0,0,0,0,0,"T","-","BERKELEY","ALAMEDA","CA",0,0
"3427879",-122.301779769,37.859910146,2007,"0103","1","6","1","08",1,0,"A",,,"Y",,"Y",1500,9,"E","I","A","RT 80","UNIVERSITY AV",2277,"W","N","2008-07-07",9370,"2007-09-15",1345,"01847",,"1","6","0","1",,"2","081","-","Y","ALA",4,80,"-","-",5.38,"H","-","E","Y",3,"A","-",22107,,"N","A","H","-","A","D","6","Y","C","02",0,0,0,0,0,0,0,1,0,"-","-","BERKELEY","ALAMEDA","CA",0,0
"3445601",-122.299096774,37.849062669,2007,"0103","1","6","4","03",0,1,"A",,,,,,1500,10,"C","C","A","RT 80","ASHBY AV",128,"E","N","2008-05-09",9370,"2007-10-20",1330,"01847",,"1","6","0","1",,"2","081","-","Y","ALA",4,80,"-","-",4.6,"H","-","W","Y",4,"A","-",22350,,"N","A","H","-","A","D","6","Y","D","22",0,0,1,0,0,0,0,0,0,"-","-","BERKELEY","ALAMEDA","CA",0,0
"3445621",-122.300045974,37.853715249,2007,"0103","1","4","4","01",0,1,"A",,,,,"Y",2100,10,"C","C","A","RT 80","ASHBY AV EAST",1584,"E","N","2008-05-07",9370,"2007-10-18",1930,"18317",,"2","6","0","1",,"2","081","-","Y","ALA",4,80,"-","-",4.88,"H","-","E","Y",3,"A","-",23152,"A","N","A","H","-","B","D","6","Y","A","01",0,0,1,0,0,0,0,0,0,"-","-","BERKELEY","ALAMEDA","CA",0,0
"3470482",-122.273923154,37.8796234131,2007,"0103","0","2","4","09",0,2,"B",,,,,,1800,10,"D","C","A","MARTIN LUTHER KING JR WY","VINE ST",0,,"Y","2008-04-14",103,"2007-10-16",1529,"117","17","5","6","0","0",,"0","001","-","N",,0,0,,,0,,,,"Y",2,"A","-",21802,,"N","B","H","-","A","A","0","Y","A","01",0,0,2,0,0,0,0,0,0,"-","-","BERKELEY","ALAMEDA","CA",0,0
"3470486",-122.292123156,37.869145004,2007,"0103","0","2","4","04",0,1,"C",,,,,,1200,10,"C","C","A","UNIVERSITY AV","RT 123",79,"E","N","2008-05-02",103,"2007-10-16",1023,"66","22","5","6","0","0",,"0","018","-","Y","ALA",4,123,"-","-",3.15,"I","6","N","N",2,"A","-",21703,,"N","B","H","-","A","A","0","Y","D","22",0,0,1,0,0,0,0,0,0,"-","-","BERKELEY","ALAMEDA","CA",0,0
"3470487",-122.270803153,37.8719139099,2007,"0103","0","1","4","09",0,2,"A",,,,,,1200,10,"-","C","A","UNIVERSITY AV","MILVIA ST",0,,"Y","2008-04-14",103,"2007-10-08",1030,"66","24","5","6","0","0",,"0","004","-","N",,0,0,,,0,,,,"Y",2,"A","-",21801,"A","N","A","H","-","A","A","0","Y","A",,0,0,2,0,0,0,0,0,0,"-","-","BERKELEY","ALAMEDA","CA",0,0
"3470490",-122.266423152,37.8741455078,2007,"0103","0","2","3","10",0,1,"B","Y",,,,,1200,10,"G","B","B","HEARST ST","OXFORD ST",0,,"Y","2008-04-14",103,"2007-10-16",1034,"3","26","5","6","0","0",,"0","003","C","N",,0,0,,,0,,,,"N",2,"A","-",21950,"A","N","B","H","-","A","A","0","Y","A",,0,1,0,0,1,0,0,0,0,"-","-","BERKELEY","ALAMEDA","CA",0,0
"3470495",-122.271264861,37.854267616,2007,"0103","0","6","3","08",0,1,"A",,"Y",,,,1800,10,"D","G","A","ASHBY AV","MARTIN LUTHER KING JR WY",0,,"Y","2008-04-30",103,"2007-10-06",1654,"34","34","5","6","0","0",,"0","010","-","Y","ALA",4,13,"-","-",12.32,"I","5","N","N",2,"A","-",22107,,"N","A","H","-","A","A","0","Y","A","01",0,1,0,0,0,0,1,0,0,"-","-","BERKELEY","ALAMEDA","CA",0,0
"3470496",-122.279794629,37.8562583923,2007,"0103","0","3","4","03",0,1,"A",,,,,,1800,10,"C","D","A","SACRAMENTO ST","OREGON ST",90,"N","N","2008-04-14",103,"2007-10-03",1654,"34","33","5","6","0","0",,"0","013","-","N",,0,0,,,0,,,,"N",4,"A","-",22350,,"N","A","H","-","A","A","0","Y","A","01",0,0,1,0,0,0,0,0,0,"-","-","BERKELEY","ALAMEDA","CA",0,0
"3470498",-122.293960835,37.8687858582,2007,"0103","0","1","4","03",0,1,"B",,,,,,1800,10,"C","C","A","UNIVERSITY AV","10TH ST",175,"W","N","2008-04-14",103,"2007-10-15",1710,"146","21","5","6","0","0",,"0","016","-","N",,0,0,,,0,,,,"N",2,"A","-",22350,,"N","B","H","-","A","D","0","Y","A","01",0,0,1,0,0,0,0,0,0,"-","-","BERKELEY","ALAMEDA","CA",0,0
"3470499",-122.259233149,37.8595466614,2007,"0103","0","6","4","08",0,1,"A","Y",,,,,1800,10,"D","B","B","TELEGRAPH AV","STUART ST",0,,"Y","2008-04-14",103,"2007-10-06",1650,"151","36","5","6","0","0",,"0","009","-","N",,0,0,,,0,,,,"N",2,"A","-",22107,,"N","A","H","-","A","A","0","Y","-","-",0,0,1,0,1,0,0,0,0,"-","-","BERKELEY","ALAMEDA","CA",0,0
"3470500",0,0,2007,"0103","0","3","4","03",0,1,"A",,"Y",,,,1800,10,"D","G","A","SPINNAKER WY","SPINNAKER LN",615,"E","-","2008-04-30",103,"2007-10-31",1536,"10","20","5","6","0","0",,"0","019","-","N",,0,0,,,0,,,,,2,"A","-",22350,,"F","A","H","-","A","D","0","Y","-","-",0,0,1,0,0,0,1,0,0,"-","-","BERKELEY","ALAMEDA","CA",0,0
"3470510",-122.287772442,37.851930405,2007,"0103","0","1","4","01",0,1,"B",,,,,,1500,10,"E","I","A","ASHBY AV","SAN PABLO AV",335,"W","N","2008-04-28",103,"2007-10-15",1407,"3","20","5","6","0","0",,"0","015","C","Y","ALA",4,13,"-","-",13.24,"H","-","S","Y",2,"A","-",23152,"A","N","B","H","-","A","D","0","Y","A",,0,0,1,0,0,0,0,0,0,"-","-","BERKELEY","ALAMEDA","CA",0,0
"3470513",-122.295882495,37.8804244995,2007,"0103","0","2","4","03",0,1,"A",,,,,,1500,10,"C","C","A","SAN PABLO AV","GILMAN ST",15,"S","N","2008-04-14",103,"2007-10-23",1317,"135","20","5","6","0","0",,"0","017","-","N",,0,0,,,0,,,,"N",2,"A","-",22350,,"N","A","H","-","A","A","0","Y","A","01",0,0,1,0,0,0,0,0,0,"-","-","BERKELEY","ALAMEDA","CA",0,0
"3470516",-122.300363157,37.8688735962,2007,"0103","0","6","4","21",0,1,"A","Y",,,,,2400,10,"G","B","B","4TH ST","HEARST ST",0,,"Y","2008-04-14",103,"2007-10-27",2128,"146","20","5","6","0","0",,"0","016","-","N",,0,0,,,0,,,,"N",3,"A","-",22106,,"N","A","H","-","C","A","0","Y","-","-",0,0,1,0,1,0,0,0,0,"-","-","BERKELEY","ALAMEDA","CA",0,0
"3470517",-122.270927985,37.87266922,2007,"0103","0","4","3","11",0,1,"A","Y",,,,,2100,10,"D","B","D","BERKELEY WY","MILVIA ST",45,"W","N","2008-04-14",103,"2007-10-18",1835,"53","24","5","6","0","0",,"0","003","-","N",,0,0,,,0,,,,"N",2,"A","-",21954,"A","N","A","H","-","B","D","0","Y","A","01",0,1,0,0,1,0,0,0,0,"-","-","BERKELEY","ALAMEDA","CA",0,0
"3470530",-122.281273153,37.8621635437,2007,"0103","0","5","4","09",0,2,"B",,,,,,1200,10,"D","C","A","SACRAMENTO ST","DWIGHT WY",0,,"Y","2008-04-14",103,"2007-10-12",959,"6","33","5","6","0","0",,"0","013","C","N",,0,0,,,0,,,,"N",2,"A","-",21801,"A","N","B","H","-","A","A","0","Y","A","08",0,0,2,0,0,0,0,0,0,"-","-","BERKELEY","ALAMEDA","CA",0,0
"3470531",-122.295679631,37.8496742249,2007,"0103","0","6","4","08",0,1,"A",,,,,,600,10,"E","I","A","BAY ST","POTTER ST",291,"S","-","2008-04-14",103,"2007-10-06",500,"007","20","5","6","0","0",,"0","015","-","N",,0,0,,,0,,,,"Y",1,"A","-",22107,,"N","A","H","-","C","D","0","Y","A","01",0,0,1,0,0,0,0,0,0,"-","-","BERKELEY","ALAMEDA","CA",0,0
"3470533",-122.273033233,37.8716239929,2007,"0103","0","4","3","03",0,2,"A",,,,,,900,10,"C","C","A","UNIVERSITY AV","MARTIN LUTHER KING JR WY",3,"W","N","2008-04-14",103,"2007-10-18",621,"117","24","5","6","0","0",,"0","003","-","N",,0,0,,,0,,,,"Y",2,"A","-",22350,,"N","A","H","-","C","A","0","Y","A","01",0,1,1,0,0,0,0,0,0,"-","-","BERKELEY","ALAMEDA","CA",0,0
"3470534",-122.279503153,37.8679161072,2007,"0103","0","5","4","09",0,1,"B",,"Y",,,,900,10,"D","G","A","ALLSTON WY","CALIFORNIA",0,,"Y","2008-04-14",103,"2007-10-12",826,"6","30","5","6","0","0",,"0","004","C","N",,0,0,,,0,,,,"N",2,"A","-",21802,"A","N","B","H","-","A","A","0","Y","L","04",0,0,1,0,0,0,1,0,0,"-","-","BERKELEY","ALAMEDA","CA",0,0
"3470538",-122.272203152,37.8642654419,2007,"0103","0","4","4","12",0,2,"A",,,,,,1200,10,"-","C","A","MARTIN LUTHER KING JR WY","HASTE ST",0,,"Y","2008-04-14",103,"2007-10-11",1130,"6","29","5","6","0","0",,"0","005","B","N",,0,0,,,0,,,,"N",2,"A","-",21453,"A","N","A","H","-","A","A","0","Y","A","01",0,0,2,0,0,0,0,0,0,"-","-","BERKELEY","ALAMEDA","CA",0,0
"3470540",-122.281443153,37.8639945984,2007,"0103","0","4","4","-",0,1,"A","Y",,,,,1800,10,"G","B","B","SACRAMENTO ST","CHANNING WY",0,,"Y","2008-04-14",103,"2007-10-25",1706,"34","31","5","6","0","0",,"0","014","-","N",,0,0,,,0,,,,"N",2,"A","-",0,,"N","A","H","-","A","A","0","Y","A","01",0,0,1,0,1,0,0,0,0,"-","-","BERKELEY","ALAMEDA","CA",0,0
"3470543",-122.301104217,37.8673782349,2007,"0103","0","5","3","03",0,2,"A",,,,,,2100,10,"C","C","A","UNIVERSITY AV","6TH ST",1000,"W","N","2008-04-14",103,"2007-10-05",1908,"101",,"5","6","0","0",,"0","016","-","N",,0,0,,,0,,,,"Y",2,"A","-",22350,,"N","A","H","-","-","D","0","Y","A","01",0,2,0,0,0,0,0,0,0,"-","-","BERKELEY","ALAMEDA","CA",0,0
"3470546",-122.272833154,37.8797645569,2007,"0103","0","3","3","08",0,1,"A",,"Y",,,,2100,10,"A","G","A","VINE ST","BONITA AV",0,,"Y","2008-04-14",103,"2007-10-10",2050,"49","17","5","6","0","0",,"0","003","-","N",,0,0,,,0,,,,"N",2,"A","-",22103,,"N","A","H","-","C","A","0","Y","A","01",0,1,0,0,0,0,1,0,0,"-","-","BERKELEY","ALAMEDA","CA",0,0
"3470548",-122.260193151,37.8750648499,2007,"0103","0","4","2","09",0,1,"A",,"Y",,,,1500,10,"D","G","A","HEARST ST","EUCLID AV",0,,"Y","2008-04-14",103,"2007-10-25",1306,"3","25","5","6","0","0",,"0","002","-","N",,0,0,,,0,,,,"N",2,"A","-",21804,"A","N","A","H","-","A","A","0","Y","L",,1,0,0,0,0,0,1,0,0,"-","-","BERKELEY","ALAMEDA","CA",0,0
"3470549",-122.264989727,37.8652076721,2007,"0103","0","3","4","05",0,1,"C",,"Y",,,,900,10,"D","G","A","HASTE ST","FULTON ST",150,"E","N","2008-04-14",103,"2007-10-17",820,"112","28","5","6","0","0",,"0","006","-","N",,0,0,,,0,,,,"N",2,"A","-",21650,"1","N","B","H","-","A","D","0","Y","A","01",0,0,1,0,0,0,1,0,0,"-","-","BERKELEY","ALAMEDA","CA",0,0