"CASEID","POINT_X","POINT_Y","YEAR_","LOCATION","CHPTYPE","DAYWEEK","CRASHSEV","VIOLCAT","KILLED","INJURED","WEATHER1","PEDCOL","BICCOL","MCCOL","TRUCKCOL","ETOH","TIMECAT","MONTH_","CRASHTYP","INVOLVE","PED","PRIMARYRD","SECONDRD","DISTANCE","DIRECT","INTERSECT_","PROCDATE","JURIS","DATE_","TIME_","BADGE","JURIDIST","SHIFT","POP","SPECIAL","BEATTYPE","LAPDDIV","BEATCLAS","BEATNUMB","WEATHER2","STATEHW","CALTRANC","CALTRAND","STROUTE","ROUTESUF","POSTPRE","POSTMILE","LOCATYPE","RAMP","SIDEHW","TOWAWAY","PARTIES","PCF","VIOLCODE","VIOL","VIOLSUB","HITRUN","ROADSURF","RDCOND1","RDCOND2","LIGHTING","RIGHTWAY","CHPRDTYP","NOTPRIV","STFAULT","CHPFAULT","SEVINJ","OTHERINJ","COP","PEDKILL","PEDINJ","BICKILL","BICINJ","MCKILL","MCINJURE","RAMP1","RAMP2","CITY","COUNTY","STATE","X_CHP","Y_CHP"
"3470551",-122.292323462,37.85050321,2007,"0103","0","5","4","08",0,1,"A",,,,,,1500,10,"B","C","A","RT 13","7TH ST",800,"W","N","2008-04-28",103,"2007-10-05",1232,"39","20","5","6","0","0",,"0","015","-","Y","ALA",4,13,"-","-",13.59,"H","-","S","N",2,"A","-",22107,,"N","A","H","-","A","D","0","Y","D","22",0,0,1,0,0,0,0,0,0,"-","-","BERKELEY","ALAMEDA","CA",0,0
"3470553",-122.273553153,37.8760032654,2007,"0103","0","2","3","06",0,1,"A",,,"Y",,,1800,10,"A","C","A","MARTIN LUTHER KING JR WY","VIRGINIA",0,,"Y","2008-04-14",103,"2007-10-16",1711,"149","C24","5","6","0","0",,"0","003","-","N",,0,0,,,0,,,,"N",2,"A","-",21755,,"N","A","H","-","A","D","0","Y","C","03",0,1,0,0,0,0,0,0,1,"-","-","BERKELEY","ALAMEDA","CA",0,0
"3470554",-122.259716857,37.8562240601,2007,"0103","0","3","3","08",0,1,"B",,,"Y",,,1500,10,"H","C","A","TELEGRAPH AV","ASHBY AV",15,"N","-","2008-04-14",103,"2007-10-10",1213,"70","36","5","6","0","0",,"0","009","-","N",,0,0,,,0,,,,"N",2,"A","-",22107,,"N","A","H","-","A","A","0","Y","A","01",0,1,0,0,0,0,0,0,1,"-","-","BERKELEY","ALAMEDA","CA",0,0
"3470559",-122.281329738,37.853205959,2007,"0103","0","4","4","03",0,2,"A",,,,,,1800,10,"C","C","A","RT 13","DOHR ST",15,"W","N","2008-04-28",103,"2007-10-04",1534,"39","33","5","6","0","0",,"0","013","-","Y","ALA",4,13,"-","-",12.87,"H","-","S","Y",2,"A","-",22350,,"N","A","H","-","A","D","0","Y","A","01",0,0,2,0,0,0,0,0,0,"-","-","BERKELEY","ALAMEDA","CA",0,0
"3470560",-122.299087606,37.8677482605,2007,"0103","0","3","4","-",0,1,"A",,,,,,2100,10,"C","C","A","UNIVERSITY AV","6TH ST",402,"W","-","2008-04-14",103,"2007-10-24",2043,"10","16","5","6","0","0",,"0",,"-","N",,0,0,,,0,,,,"N",2,"A","-",0,,"N","A","H","-","C","D","0","Y","A","01",0,0,1,0,0,0,0,0,0,"-","-","BERKELEY","ALAMEDA","CA",0,0
"3470571",-122.271150861,37.8908843994,2007,"0103","0","6","3","03",0,3,"A",,,,,"Y",600,10,"A","I","A","SHATTUCK AV","MARIN AV",15,"S","N","2008-04-11",103,"2007-10-20",335,"49","14","5","6","0","0",,"0","002","-","N",,0,0,,,0,,,,"Y",1,"A","-",22350,,"N","A","H","-","C","A","0","Y","A","07",0,1,2,0,0,0,0,0,0,"-","-","BERKELEY","ALAMEDA","CA",0,0
"3470575",-122.290223154,37.8590965271,2007,"0103","0","6","3","01",0,1,"A",,,,,"Y",300,10,"C","C","A","PARKER ST","10TH ST",0,,"Y","2008-04-11",103,"2007-10-20",45,"12","20","5","6","0","0",,"0","015","-","N",,0,0,,,0,,,,"Y",2,"A","-",23152,,"M","A","H","-","C","D","0","Y","-","-",0,1,0,0,0,0,0,0,0,"-","-","BERKELEY","ALAMEDA","CA",0,0
"3470577",-122.277143156,37.8914756775,2007,"0103","0","3","4","12",0,1,"A",,,"Y",,,1200,10,"D","C","A","SOLANO AV","THE ALAMEDA",0,,"Y","2008-04-14",103,"2007-10-24",925,"112","13","5","6","0","0",,"0","001","-","N",,0,0,,,0,,,,"N",2,"A","-",21453,"A","N","-","H","-","A","A","0","Y","C","02",0,0,1,0,0,0,0,0,1,"-","-","BERKELEY","ALAMEDA","CA",0,0
"3470579",-122.29639956,37.882171771,2007,"0103","0","5","4","10",0,1,"B","Y",,,,,1800,10,"G","B","B","SAN PABLO AV","HARRISON ST",6,"S","N","2008-04-24",103,"2007-10-19",1653,"53","20","5","6","0","0",,"0","017","-","Y","ALA",4,123,"-","-",4.1,"H","-","S","N",3,"A","-",21950,"A","N","A","H","-","A","D","0","Y","A","01",0,0,1,0,1,0,0,0,0,"-","-","BERKELEY","ALAMEDA","CA",0,0
"3470630",-122.252475152,37.8511581421,2007,"0103","0","7","4","08",0,1,"A",,"Y",,,,2100,10,"D","G","A","COLLEGE AV","ALCATRAZ AV",35,"S","N","2008-04-11",103,"2007-10-21",1840,"ROE 8","39","5","6","0","0",,"0","009","-","N",,0,0,,,0,,,,"N",2,"A","-",22107,,"N","A","H","-","B","A","0","Y","A","01",0,0,1,0,0,0,1,0,0,"-","-","BERKELEY","ALAMEDA","CA",0,0
"3470634",-122.297442772,37.8680915833,2007,"0103","0","7","4","03",0,1,"A",,,,,,1800,10,"C","C","A","UNIVERSITY AV","6TH ST",89,"E","N","2008-04-16",103,"2007-10-21",1653,"10","2116","5","6","0","0",,"0",,"-","N",,0,0,,,0,,,,"Y",2,"A","-",22350,,"N","A","H","-","A","D","0","Y","A","01",0,0,1,0,0,0,0,0,0,"-","-","BERKELEY","ALAMEDA","CA",0,0
"3470638",-122.25864315,37.8660163879,2007,"0103","0","6","4","-",0,1,"A",,,,,,1500,10,"D","C","A","TELEGRAPH AV","HASTE AV",0,,"Y","2008-04-11",103,"2007-10-20",1409,"17","28","5","6","0","0",,"0","007","-","N",,0,0,,,0,,,,"Y",2,"A","-",0,,"N","A","H","-","A","A","0","Y","A","08",0,0,1,0,0,0,0,0,0,"-","-","BERKELEY","ALAMEDA","CA",0,0
"3473611",-122.245353147,37.8589439392,2007,"0103","0","4","4","09",0,1,"A",,,,,,2100,11,"D","C","A","CLAREMONT BL","RUSSELL ST",0,,"Y","2008-03-07",103,"2007-11-29",1808,"99999",,"5","6","0","0",,"0",,"-","N",,0,0,,,0,,,,"N",2,"A","-",21801,"A","N","A","H","-","A","D","0","Y","A","07",0,0,1,0,0,0,0,0,0,"-","-","BERKELEY","ALAMEDA","CA",0,0
"3486496",-122.299393645,37.851360669,2007,"0103","1","3","4","03",0,2,"A",,,,,,2100,11,"C","C","A","RT 80","ASHBY AV",600,"E","N","2008-06-11",9370,"2007-11-14",1850,"17424",,"2","6","0","1",,"2","081","-","Y","ALA",4,80,"-","-",4.69,"H","-","E","Y",3,"A","-",22350,,"N","A","H","-","C","D","6","Y","A","07",0,0,2,0,0,0,0,0,0,"-","-","BERKELEY","ALAMEDA","CA",0,0
"3486534",-122.308325299,37.881901719,2007,"0103","1","6","4","01",0,1,"A",,,,,"Y",2100,11,"C","C","A","RT 80","BUCHANAN ST",528,"W","N","2008-06-26",9370,"2007-11-17",1830,"01826",,"2","6","0","1",,"2","081","-","Y","ALA",4,80,"-","R",7.01,"H","-","W","Y",2,"A","-",23152,"A","N","A","H","-","C","D","6","Y","A","01",0,0,1,0,0,0,0,0,0,"-","-","BERKELEY","ALAMEDA","CA",0,0
"3486613",-122.306420412,37.875660834,2007,"0103","1","4","4","03",0,1,"A",,,,,,1800,11,"C","C","A","RT 80","GILMAN ST",500,"W","N","2008-06-26",9370,"2007-11-15",1640,"17424",,"2","6","0","1",,"2","081","-","Y","ALA",4,80,"-","-",6.53,"H","-","E","Y",3,"A","-",22350,,"N","A","H","-","A","D","6","Y","A","01",0,0,1,0,0,0,0,0,0,"-","-","BERKELEY","ALAMEDA","CA",0,0
"3489395",-122.30035077,37.853987878,2007,"0103","1","5","4","03",0,1,"A",,,,,,2100,11,"C","C","A","RT 80","ASHBY AV",1584,"E","N","2008-06-11",9370,"2007-11-16",1800,"01396",,"2","6","0","1",,"2","081","-","Y","ALA",4,80,"-","-",4.88,"H","-","W","N",2,"A","-",22350,,"N","A","H","-","D","D","6","Y","A","01",0,0,1,0,0,0,0,0,0,"-","-","BERKELEY","ALAMEDA","CA",0,0
"3497684",-122.305926738,37.8787765503,2007,"0103","0","6","4","08",0,1,"A",,,,,,1500,10,"B","C","A","2ND ST","GILMAN ST",117,"N","N","2008-04-15",103,"2007-10-06",1353,"137","21","5","6","0","0",,"0","017","-","N",,0,0,,,0,,,,"N",2,"A","-",22107,,"N","A","H","-","A","D","0","Y","A","01",0,0,1,0,0,0,0,0,0,"-","-","BERKELEY","ALAMEDA","CA",0,0
"3497688",-122.26409961,37.855598983,2007,"0103","0","6","4","03",0,3,"A",,,,,,1500,10,"C","C","A","RT 13","WHEELER ST",0,,"Y","2008-04-28",103,"2007-10-06",1201,"99","35","5","6","0","0",,"0","010","-","Y","ALA",4,13,"-","-",11.91,"I","5","N","N",3,"A","-",22350,,"N","A","H","-","A","D","0","Y","D","22",0,0,3,0,0,0,0,0,0,"-","-","BERKELEY","ALAMEDA","CA",0,0
"3497716",-122.254613149,37.8599357605,2007,"0103","0","3","4","12",0,1,"A",,"Y",,,,900,10,"D","G","A","BENVENUE AV","STUART ST",0,,"Y","2008-04-15",103,"2007-10-03",828,"56","36","5","6","0","0",,"0","009","-","N",,0,0,,,0,,,,"N",2,"A","-",22450,,"N","A","H","-","A","A","0","Y","L","04",0,0,1,0,0,0,1,0,0,"-","-","BERKELEY","ALAMEDA","CA",0,0
"3497724",-122.263763151,37.868144989,2007,"0103","0","2","3","12",0,1,"A",,"Y",,,,2100,10,"D","G","A","BANCROFT WY","ELLSWORTH ST",0,,"Y","2008-04-15",103,"2007-10-02",1806,"130","28","5","6","0","0",,"0","006","-","N",,0,0,,,0,,,,"N",2,"A","-",22450,,"N","A","H","-","A","D","0","Y","L","04",0,1,0,0,0,0,1,0,0,"-","-","BERKELEY","ALAMEDA","CA",0,0
"3497736",-122.308303159,37.881815003,2007,"0103","0","2","4","03",0,1,"A",,,,,,900,10,"-","-","A","RT 80","GILMAN ST",0,,"Y","2008-05-14",103,"2007-10-02",848,"143","20","5","6","0","0",,"0","017","-","Y","ALA",4,80,"-","-",6.822,"R","1","W","N",2,"A","-",22350,,"N","A","H","-","A","A","0","Y","D","22",0,0,1,0,0,0,0,0,0,"W","-","BERKELEY","ALAMEDA","CA",0,0
"3497759",-122.253540997,37.8883171082,2007,"0103","0","6","2","03",0,1,"A",,"Y",,,,1500,10,"A","G","A","SHASTA RD","QUEENS RD",51,"N","N","2008-04-15",103,"2007-10-06",1437,"17","16","5","6","0","0",,"0","002","-","N",,0,0,,,0,,,,"Y",2,"A","-",22350,,"N","A","E","-","A","D","0","Y","L","04",1,0,0,0,0,0,1,0,0,"-","-","BERKELEY","ALAMEDA","CA",0,0
"3503334",-122.306104426,37.873514835,2007,"0103","1","2","4","03",0,2,"A",,,,,,2100,11,"C","C","A","RT 80","GILMAN ST",1100,"W","N","2008-06-23",9370,"2007-11-20",1830,"18260",,"2","6","0","1",,"2","081","-","Y","ALA",4,80,"-","-",6.41,"H","-","W","Y",3,"A","-",22350,,"N","A","H","-","D","D","6","Y","A","01",0,0,2,0,0,0,0,0,0,"-","-","BERKELEY","ALAMEDA","CA",0,0
"3503880",-122.303415523,37.865048134,2007,"0103","1","3","4","03",0,1,"A",,,,,,900,11,"C","C","A","RT 80","UNIVERSITY AV",500,"W","N","2008-05-30",9370,"2007-11-28",611,"01052",,"1","6","0","1",,"2","081","-","Y","ALA",4,80,"-","-",5.75,"H","-","W","N",2,"A","-",22350,,"N","A","H","-","A","D","6","Y","D","22",0,0,1,0,0,0,0,0,0,"-","-","BERKELEY","ALAMEDA","CA",0,0
"3503998",-122.305008192,37.871037496,2007,"0103","1","2","4","03",0,1,"A",,,,,,2100,11,"C","C","A","RT 80","GILMAN ST",2640,"W","N","2008-08-28",9370,"2007-11-27",1815,"01396",,"2","6","0","1",,"2","081","-","Y","ALA",4,80,"-","-",6.12,"H","-","E","N",2,"A","-",22350,,"N","A","H","-","D","D","6","Y","A","01",0,0,1,0,0,0,0,0,0,"-","-","BERKELEY","ALAMEDA","CA",0,0
"3508007",-122.26635315,37.8538246155,2007,"0103","0","5","3","09",0,1,"A",,"Y",,,,300,9,"D","G","A","SHATTUCK AV","ESSEX ST",0,,"Y","2008-03-18",103,"2007-09-07",34,"126","39","5","6","0","0",,"0","010","-","N",,0,0,,,0,,,,"Y",2,"A","-",21802,"A","N","A","H","-","C","A","0","Y","L","04",0,1,0,0,0,0,1,0,0,"-","-","BERKELEY","ALAMEDA","CA",0,0
"3508008",-122.274433152,37.8630561829,2007,"0103","0","6","4","10",0,1,"A","Y",,,,,2400,9,"H","B","B","DWIGHT WY","GRANT ST",0,,"Y","2008-03-18",103,"2007-09-22",2245,"70","30","5","6","0","0",,"0","005","-","N",,0,0,,,0,,,,"N",3,"A","-",21950,"A","N","A","H","-","C","D","0","Y","A","01",0,0,1,0,1,0,0,0,0,"-","-","BERKELEY","ALAMEDA","CA",0,0
"3508024",-122.268050414,37.8702926636,2007,"0103","0","7","3","08",0,1,"A",,"Y",,,,2100,9,"B","G","A","SHATTUCK AV","CENTER ST",18,"S","N","2008-03-18",103,"2007-09-16",1831,"136","29","5","6","0","0",,"0","004","-","N",,0,0,,,0,,,,"N",2,"A","-",22107,,"N","A","H","-","A","D","0","Y","A","01",0,1,0,0,0,0,1,0,0,"-","-","BERKELEY","ALAMEDA","CA",0,0
"3508051",-122.287832661,37.880897522,2007,"0103","0","7","3","06",0,1,"A",,,"Y",,,1500,9,"B","C","A","GILMAN ST","PERALTA AV",15,"W","N","2008-03-17",103,"2007-09-30",1257,"64","19","5","6","0","0",,"0","018","-","N",,0,0,,,0,,,,"N",2,"A","-",21755,,"N","A","H","-","A","D","0","Y","C","03",0,1,0,0,0,0,0,0,1,"-","-","BERKELEY","ALAMEDA","CA",0,0
"3508063",-122.273934175,37.8686485291,2007,"0103","0","4","4","03",0,2,"A",,,,,,2100,9,"A","I","A","ALLSTON WY","MCKINLEY ST",12,"W","N","2008-03-17",103,"2007-09-27",1815,"90","30","5","6","0","0",,"0","004","F","N",,0,0,,,0,,,,"Y",1,"A","-",22350,,"N","A","-","-","A","D","0","Y","-","-",0,0,2,0,0,0,0,0,0,"-","-","BERKELEY","ALAMEDA","CA",0,0
"3508071",-122.25815315,37.856385005,2007,"0103","0","4","4","03",0,1,"A",,,,,"Y",1800,9,"C","C","A","RT 13","COLBY ST",94,"W","N","2008-04-07",103,"2007-09-27",1745,"143","39","5","6","0","0",,"0","009","-","Y","ALA",4,13,"-","-",11.54,"H","-","S","N",2,"A","-",22350,,"M","A","H","-","A","A","0","Y","A","01",0,0,1,0,0,0,0,0,0,"-","-","BERKELEY","ALAMEDA","CA",0,0
"3508075",-122.284323154,37.8701667786,2007,"0103","0","3","3","-",0,1,"A",,"Y",,,,2400,9,"C","G","A","UNIVERSITY AV","ACTON ST",0,,"Y","2008-03-17",103,"2007-09-26",2255,"146","31","5","6","0","0",,"0","014","-","N",,0,0,,,0,,,,"N",2,"A","-",0,,"N","A","H","-","C","A","0","Y","L","04",0,1,0,0,0,0,1,0,0,"-","-","BERKELEY","ALAMEDA","CA",0,0
"3509048",-122.303613158,37.8789253235,2007,"0103","0","1","4","03",0,1,"B",,,,"Y",,1800,11,"A","I","A","GILMAN ST","4TH ST",0,,"Y","2008-06-12",103,"2007-11-12",1622,"64","20","5","6","0","0",,"0","017","-","N",,0,0,,,0,,,,"Y",2,"A","-",22350,,"N","A","H","-","A","A","0","Y","A","07",0,0,1,0,0,0,0,0,0,"-","-","BERKELEY","ALAMEDA","CA",0,0
"3509366",-122.259577153,37.8761062622,2007,"0103","0","3","3","09",0,1,"A",,"Y",,,,2100,11,"D","G","A","RIDGE RD","EUCLID AV",224,"E","N","2008-06-14",103,"2007-11-07",1838,"42","25","5","6","0","0",,"0","002","-","N",,0,0,,,0,,,,"N",2,"A","-",21802,"A","N","A","H","-","C","D","0","Y","A","01",0,1,0,0,0,0,1,0,0,"-","-","BERKELEY","ALAMEDA","CA",0,0
"3509378",-122.27183315,37.8474960327,2007,"0103","0","3","4","09",0,1,"B",,,,,,900,11,"B","C","A","ADELINE ST","STANFORD ST",0,,"Y","2008-06-14",103,"2007-11-07",814,"32","40","5","6","0","0",,"0","011","-","N",,0,0,,,0,,,,"Y",2,"A","-",21802,"A","N","A","H","-","A","D","0","Y","A","08",0,0,1,0,0,0,0,0,0,"-","-","BERKELEY","ALAMEDA","CA",0,0
"3509397",-122.278033153,37.8644447327,2007,"0103","0","1","4","09",0,1,"A",,"Y",,,,1800,11,"D","G","A","JEFFERSON AV","CHANNING WY",0,,"Y","2008-06-14",103,"2007-11-05",1704,"106","30","5","6","0","0",,"0","005","-","N",,0,0,,,0,,,,"N",2,"A","-",21802,"A","N","A","H","-","B","A","0","Y","A","01",0,0,1,0,0,0,1,0,0,"-","-","BERKELEY","ALAMEDA","CA",0,0
"3509398",-122.271634863,37.854231684,2007,"0103","0","1","4","12",0,1,"A",,,,,,900,11,"D","D","A","RT 13","MARTIN LUTHER KING JR WY",0,,"Y","2008-06-27",103,"2007-11-12",721,"56","34","5","6","0","0",,"0","012","-","Y","ALA",4,13,"-","-",12.32,"I","5","S","Y",2,"A","-",21453,"A","N","A","H","-","A","A","0","Y","D",,0,0,1,0,0,0,0,0,0,"-","-","BERKELEY","ALAMEDA","CA",0,0
"3509401",-122.278936243,37.8524093628,2007,"0103","0","1","3","05",0,1,"A",,"Y",,,,1800,11,"D","G","A","TYLER ST","SACRAMENTO ST",5,"E","N","2008-06-14",103,"2007-11-05",1658,"057","40","5","6","0","0",,"0","011","-","N",,0,0,,,0,,,,"N",2,"A","-",21650,"1","N","A","H","-","B","A","0","Y","L","04",0,1,0,0,0,0,1,0,0,"-","-","BERKELEY","ALAMEDA","CA",0,0
"3509409",-122.245579848,37.8577461243,2007,"0103","0","1","4","03",0,2,"A",,,,,"Y",1800,11,"C","C","A","CLAREMONT AV","ASHBY AV",127,"S","N","2008-06-14",103,"2007-11-05",1705,"81","37","5","6","0","0",,"0","008","-","N",,0,0,,,0,,,,"Y",4,"A","-",22350,,"F","A","H","-","B","A","0","Y","-","-",0,0,2,0,0,0,0,0,0,"-","-","BERKELEY","ALAMEDA","CA",0,0
"3509414",-122.277852352,37.847869873,2007,"0103","0","6","3","10",0,1,"C","Y",,,,,1800,11,"G","B","B","ALCATRAZ AV","SACRAMENTO AV",9,"E","N","2008-06-07",103,"2007-11-10",1738,"160","40","5","6","0","0",,"0","011","-","N",,0,0,,,0,,,,"N",2,"A","-",21950,"A","N","B","H","-","C","A","0","Y","A","01",0,1,0,0,1,0,0,0,0,"-","-","BERKELEY","ALAMEDA","CA",0,0
"3509421",-122.290843153,37.850063324,2007,"0103","0","6","3","08",0,1,"A",,"Y",,,,1200,11,"B","G","A","FOLGER ST","7TH ST",0,,"Y","2008-06-14",103,"2007-11-03",1138,"39","20","5","6","0","0",,"0","015","-","N",,0,0,,,0,,,,"N",2,"A","-",22107,,"N","A","H","-","A","D","0","Y","L","04",0,1,0,0,0,0,1,0,0,"-","-","BERKELEY","ALAMEDA","CA",0,0
"3509426",-122.25677315,37.8681259155,2007,"0103","0","5","4","09",0,1,"A",,"Y",,,,1500,11,"H","G","A","DURANT AV","BOWDITCH ST",0,,"-","2008-06-07",103,"2007-11-09",1403,"134","28","5","6","0","0",,"0","007","-","N",,0,0,,,0,,,,"N",2,"A","-",21801,"A","N","A","H","-","A","A","0","Y","A","01",0,0,1,0,0,0,1,0,0,"-","-","BERKELEY","ALAMEDA","CA",0,0
"3509429",-122.279192815,37.853269693,2007,"0103","0","5","4","03",0,2,"A",,,,,,1200,11,"C","C","A","RT 13","SACRAMENTO ST",0,,"Y","2008-06-27",103,"2007-11-02",1018,"100","35","5","6","0","0",,"0","012","-","Y","ALA",4,13,"-","-",12.76,"I","5","N","Y",2,"A","-",22350,,"N","A","H","-","A","A","0","Y","A","01",0,0,2,0,0,0,0,0,0,"-","-","BERKELEY","ALAMEDA","CA",0,0
"3509430",-122.268463152,37.872215271,2007,"0103","0","5","4","12",0,1,"A",,,,"Y",,1200,11,"B","C","A","UNIVERSITY AV","SHATTUCK AV",0,,"Y","2008-06-14",103,"2007-11-09",945,"128","3","5","6","0","0",,"0","029","-","N",,0,0,,,0,,,,"Y",3,"A","-",21453,"A","N","-","H","-","A","A","0","Y","A","01",0,0,1,0,0,0,0,0,0,"-","-","BERKELEY","ALAMEDA","CA",0,0
"3509433",-122.237696349,37.855036074,2007,"0103","0","6","4","08",0,1,"A",,,,,,600,11,"E","I","A","RT 13","ALVARADO RD",168,"S","N","2008-06-27",103,"2007-11-03",440,"159","38","5","6","0","0",,"0","008","-","Y","ALA",4,13,"-","-",10.37,"H","-","N","Y",1,"A","-",22107,,"N","A","H","-","C","D","0","Y","A","01",0,0,1,0,0,0,0,0,0,"-","-","BERKELEY","ALAMEDA","CA",0,0
"3509434",-122.258237039,37.8660697937,2007,"0103","0","6","4","03",0,1,"C",,,,,,1500,11,"E","I","A","HASTE ST","TELEGRAPH AV",119,"E","-","2008-06-07",103,"2007-11-10",1325,"134","28","5","6","0","0",,"0","007","-","N",,0,0,,,0,,,,"Y",1,"A","-",22350,,"N","B","H","-","A","D","0","Y","A","01",0,0,1,0,0,0,0,0,0,"-","-","BERKELEY","ALAMEDA","CA",0,0
"3509438",-122.258727339,37.8633041382,2007,"0103","0","5","4","03",0,1,"A",,,,,,1500,11,"C","C","A","TELEGRAPH AV","PARKER ST",14,"N","N","2008-06-07",103,"2007-11-09",1445,"38","36","5","6","0","0",,"0","007","-","N",,0,0,,,0,,,,"N",2,"A","-",22350,,"N","A","H","-","A","D","0","Y","A","01",0,0,1,0,0,0,0,0,0,"-","-","BERKELEY","ALAMEDA","CA",0,0
"3509447",-122.25873315,37.8632659912,2007,"0103","0","3","4","09",0,2,"B",,,,,,2100,11,"D","C","A","TELEGRAPH AV","PARKER ST",0,,"Y","2008-06-27",103,"2007-11-21",2015,"PLEE2","36","5","6","0","0",,"0","007","-","N",,0,0,,,0,,,,"Y",2,"A","-",21801,"A","N","A","H","-","B","D","0","Y","A",,0,0,2,0,0,0,0,0,0,"-","-","BERKELEY","ALAMEDA","CA",0,0
"3509451",-122.253063148,37.8570365906,2007,"0103","0","5","4","03",0,1,"A",,,,,,1200,11,"C","C","A","COLLEGE AV","ASHBY AV",0,"S","N","2008-06-27",103,"2007-11-23",1056,"23","38","5","6","0","0",,"0","008","-","N",,0,0,,,0,,,,"N",2,"A","-",22350,,"F","A","H","-","A","A","0","Y","A","01",0,0,1,0,0,0,0,0,0,"-","-","BERKELEY","ALAMEDA","CA",0,0
"3509456",-122.271799362,37.8477363586,2007,"0103","0","4","4","03",0,1,"A",,,,,,1500,11,"C","C","A","ADELINE AV","MARTIN LUTHER KING JR WY",89,"W","N","2008-06-27",103,"2007-11-29",1247,"3","39","5","6","0","0",,"0","010","-","N",,0,0,,,0,,,,"Y",2,"A","-",22350,,"N","A","H","-","A","A","0","Y","A",,0,0,1,0,0,0,0,0,0,"-","-","BERKELEY","ALAMEDA","CA",0,0
"3509459",-122.286510184,37.852179867,2007,"0103","0","3","4","08",0,1,"A",,,,,,1500,11,"B","C","A","RT 13","RT 123",11,"E","N","2008-07-07",103,"2007-11-21",1202,"143","20","5","6","0","0",,"0","015","-","Y","ALA",4,13,"-","-",13.17,"H","-","N","N",2,"A","-",22107,,"N","A","H","-","A","A","0","Y","D","22",0,0,1,0,0,0,0,0,0,"-","-","BERKELEY","ALAMEDA","CA",0,0
"3509460",-122.264939058,37.8743247986,2007,"0103","0","3","3","08",0,1,"A",,"Y",,,,2100,11,"B","G","A","HEARST AV","SPRUCE ST",150,"E","N","2008-06-07",103,"2007-11-28",2034,"42","24","5","6","0","0",,"0","002","-","N",,0,0,,,0,,,,"N",2,"A","-",22100,"B","N","A","H","-","C","D","0","Y","A","01",0,1,0,0,0,0,1,0,0,"-","-","BERKELEY","ALAMEDA","CA",0,0
"3509462",-122.283003155,37.87890625,2007,"0103","0","4","4","12",0,2,"A",,,,,,1800,11,"A","C","A","SACRAMENTO ST","ROSE ST",0,,"Y","2008-06-27",103,"2007-11-15",1524,"17","19","5","6","0","0",,"0","018","-","N",,0,0,,,0,,,,"Y",2,"A","-",21453,"A","N","A","H","-","A","-","0","Y","A","01",0,0,2,0,0,0,0,0,0,"-","-","BERKELEY","ALAMEDA","CA",0,0
"3509465",-122.271433151,37.85704422,2007,"0103","0","1","4","09",0,1,"A",,"Y",,,,2100,11,"D","G","A","MARTIN LUTHER KING JR WY","OREGON ST",0,,"Y","2008-06-11",103,"2007-11-12",2006,"127","34","5","6","0","0",,"0","012","-","N",,0,0,,,0,,,,"N",2,"A","-",21802,,"N","A","H","-","C","D","0","Y","A","01",0,0,1,0,0,0,1,0,0,"-","-","BERKELEY","ALAMEDA","CA",0,0
"3509466",-122.263378564,37.8985519409,2007,"0103","0","4","3","08",0,2,"B",,,,,,2400,11,"A","C","A","GRIZZLY PEAK BL","SUNSET DR",417,"N","N","2008-06-11",103,"2007-11-15",2130,"49","11","5","6","0","0",,"0","001","-","N",,0,0,,,0,,,,"Y",2,"A","-",22107,,"N","A","H","-","C","A","0","Y","A","07",0,1,1,0,0,0,0,0,0,"-","-","BERKELEY","ALAMEDA","CA",0,0
"3509468",-122.267283151,37.8621444702,2007,"0103","0","4","4","12",0,1,"A",,,"Y",,,900,11,"H","A","A","SHATTUCK AV","PARKER ST",0,,"-","2008-06-07",103,"2007-11-29",808,"94","35","5","6","0","0",,"0","005","-",,,0,0,,,0,,,,"N",2,"A","-",22450,,"F","A","H","-","A","A","0","Y","-","99",0,0,1,0,0,0,0,0,1,"-","-","BERKELEY","ALAMEDA","CA",0,0
"3509472",-122.290000443,37.851444213,2007,"0103","0","4","4","-",0,1,"A",,,,,,900,11,"C","C","A","RT 13","7TH ST",0,,"Y","2008-07-07",103,"2007-11-29",716,"66","20","5","6","0","0",,"0","015","-","Y","ALA",4,13,"-","-",13.43,"H","-","N","N",2,"-","-",0,,"N","A","H","-","A","A","0","Y","-","-",0,0,1,0,0,0,0,0,0,"-","-","BERKELEY","ALAMEDA","CA",0,0
"3509474",-122.267933151,37.8583831787,2007,"0103","0","2","4","09",0,1,"A",,,,,,1200,11,"D","C","A","ADELINE ST","STUART ST",0,,"Y","2008-06-11",103,"2007-11-20",1150,"56","35","5","6","0","0",,"0","010","-","N",,0,0,,,0,,,,"N",3,"A","-",21802,"A","N","A","H","-","A","A","0","Y","A","01",0,0,1,0,0,0,0,0,0,"-","-","BERKELEY","ALAMEDA","CA",0,0