"CASEID","POINT_X","POINT_Y","YEAR_","LOCATION","CHPTYPE","DAYWEEK","CRASHSEV","VIOLCAT","KILLED","INJURED","WEATHER1","PEDCOL","BICCOL","MCCOL","TRUCKCOL","ETOH","TIMECAT","MONTH_","CRASHTYP","INVOLVE","PED","PRIMARYRD","SECONDRD","DISTANCE","DIRECT","INTERSECT_","PROCDATE","JURIS","DATE_","TIME_","BADGE","JURIDIST","SHIFT","POP","SPECIAL","BEATTYPE","LAPDDIV","BEATCLAS","BEATNUMB","WEATHER2","STATEHW","CALTRANC","CALTRAND","STROUTE","ROUTESUF","POSTPRE","POSTMILE","LOCATYPE","RAMP","SIDEHW","TOWAWAY","PARTIES","PCF","VIOLCODE","VIOL","VIOLSUB","HITRUN","ROADSURF","RDCOND1","RDCOND2","LIGHTING","RIGHTWAY","CHPRDTYP","NOTPRIV","STFAULT","CHPFAULT","SEVINJ","OTHERINJ","COP","PEDKILL","PEDINJ","BICKILL","BICINJ","MCKILL","MCINJURE","RAMP1","RAMP2","CITY","COUNTY","STATE","X_CHP","Y_CHP"
"3509495",-122.259376415,37.856229823,2007,"0103","0","7","4","08",0,2,"A",,,,,,1500,11,"D","C","A","TELEGRAPH AV","RT 13",151,"N","N","2008-07-07",103,"2007-11-25",1340,"151","36","5","6","0","0",,"0","009","-","Y","ALA",4,13,"-","-",11.61,"I","6","S","Y",2,"A","-",22107,,"N","A","H","-","A","A","0","Y","A","01",0,0,2,0,0,0,0,0,0,"-","-","BERKELEY","ALAMEDA","CA",0,0
"3509496",-122.255273149,37.8655357361,2007,"0103","0","4","4","-",0,1,"A","Y",,,,,2100,11,"G","B","B","BENVENUE AV","DWIGHT WY",0,,"Y","2008-06-07",103,"2007-11-29",1845,"159","36","5","6","0","0",,"0","007","-","N",,0,0,,,0,,,,"N",2,"A","-",0,,"F","A","H","-","C","A","0","Y","-","99",0,0,1,0,1,0,0,0,0,"-","-","BERKELEY","ALAMEDA","CA",0,0
"3509502",-122.256468906,37.8662948608,2007,"0103","0","1","3","10",0,1,"A","Y",,,,,1800,11,"G","B","B","HASTE ST","BOWDITCH AV",25,"W","N","2008-06-11",103,"2007-11-19",1729,"110","28","5","6","0","0",,"0","007","-","N",,0,0,,,0,,,,"N",2,"A","-",21950,"A","N","A","H","-","B","A","0","Y","A","07",0,1,0,0,1,0,0,0,0,"-","-","BERKELEY","ALAMEDA","CA",0,0
"3509507",-122.286688931,37.852146747,2007,"0103","0","5","4","09",0,1,"A",,"Y",,,,1500,11,"D","G","A","RT 13","RT 123",0,,"Y","2008-07-07",103,"2007-11-23",1314,"57","20","5","6","0","0",,"0","015","-","Y","ALA",4,13,"-","-",13.18,"I","5","S","N",2,"A","-",21801,"A","N","A","H","-","A","A","0","Y","A","01",0,0,1,0,0,0,1,0,0,"-","-","BERKELEY","ALAMEDA","CA",0,0
"3509510",-122.280973156,37.8897666931,2007,"0103","0","5","4","08",0,1,"B",,"Y",,,,2100,11,"D","G","A","MARIN AV","ENSENADA AV",0,,"Y","2008-06-11",103,"2007-11-16",1800,"146","13","5","6","0","0",,"0","001","-","N",,0,0,,,0,,,,"N",2,"A","-",22107,,"N","A","H","-","C","D","0","Y","A","01",0,0,1,0,0,0,1,0,0,"-","-","BERKELEY","ALAMEDA","CA",0,0
"3509511",-122.291477129,37.850855849,2007,"0103","0","4","3","08",0,1,"A",,,,,"Y",1800,11,"D","C","A","RT 13","7TH ST",557,"W","N","2008-07-07",103,"2007-11-29",1534,"39","20","5","6","0","0",,"0","015","-","Y","ALA",4,13,"-","-",13.55,"H","-","N","Y",2,"A","-",22107,,"F","A","H","-","A","D","0","Y","A","08",0,1,0,0,0,0,0,0,0,"-","-","BERKELEY","ALAMEDA","CA",0,0
"3509512",-122.299977888,37.8676719666,2007,"0103","0","4","4","-",0,1,"A",,,,,,1800,11,"B","I","A","4TH ST","UNIVERSITY AV",29,"N","N","2008-06-07",103,"2007-11-29",1608,"3","20","5","6","0","0",,"0","016","-","N",,0,0,,,0,,,,"Y",1,"-","-",0,,"N","A","H","-","B","D","0","Y","-","-",0,0,1,0,0,0,0,0,0,"-","-","BERKELEY","ALAMEDA","CA",0,0
"3509519",-122.28886202,37.851731629,2007,"0103","0","5","4","17",0,1,"A",,"Y",,,,1500,11,"B","G","A","RT 13","9TH ST",165,"E","N","2008-07-07",103,"2007-11-23",1427,"39","20","5","6","0","0",,"0","015","-","Y","ALA",4,13,"-","-",13.3,"H","-","S","N",2,"A","-",21663,,"N","A","H","-","A","D","0","Y","L","04",0,0,1,0,0,0,1,0,0,"-","-","BERKELEY","ALAMEDA","CA",0,0
"3509520",-122.28197967,37.8693809509,2007,"0103","0","4","4","03",0,2,"A",,,,,,1800,11,"C","C","A","SACRAMENTO ST","ADDISON ST",20,"S","N","2008-06-07",103,"2007-11-29",1715,"38","31","5","6","0","0",,"0","004","-","N",,0,0,,,0,,,,"N",2,"A","-",22350,,"N","A","H","-","C","D","0","Y","A","01",0,0,2,0,0,0,0,0,0,"-","-","BERKELEY","ALAMEDA","CA",0,0
"3510437",-122.307960943,37.880326886,2007,"0103","1","6","3","08",0,1,"A",,,,,,1500,12,"E","I","A","RT 80","BUCHANAN AV",1000,"W","N","2008-07-17",9370,"2007-12-15",1440,"17424",,"2","6","0","1",,"2","081","-","Y","ALA",4,80,"-","R",6.92,"H","-","W","Y",1,"A","-",22107,,"N","A","H","-","A","D","6","Y","A","01",0,1,0,0,0,0,0,0,0,"-","-","BERKELEY","ALAMEDA","CA",0,0
"3511392",-122.267803151,37.8666763306,2007,"0103","0","4","3","12",0,1,"B",,,,"Y",,1200,12,"A","C","A","SHATTUCK AV","DURANT AV",0,,"Y","2008-06-20",103,"2007-12-06",1043,"3","29","5","6","0","0",,"0","005","C","N",,0,0,,,0,,,,"Y",2,"A","-",21453,"A","N","B","H","-","A","A","0","Y","A","01",0,1,0,0,0,0,0,0,0,"-","-","BERKELEY","ALAMEDA","CA",0,0
"3512176",-122.273313153,37.8741950989,2007,"0103","0","1","4","08",0,1,"A","Y",,,,,2100,10,"G","B","B","DELAWARE ST","M L KING JR WY",0,,"N","2008-04-14",103,"2007-10-29",1930,"44","23","5","6","0","0",,"0","003","-","N",,0,0,,,0,,,,"N",2,"A","-",22107,,"N","A","H","-","C","A","0","Y","A","01",0,0,1,0,1,0,0,0,0,"-","-","BERKELEY","ALAMEDA","CA",0,0
"3512180",-122.267903152,37.8675765991,2007,"0103","0","1","4","11",0,1,"A","Y",,,,,1500,10,"D","C","D","SHATTUCK AV","BANCROFT AV",0,,"Y","2008-04-14",103,"2007-10-29",1315,"128","29","5","6","0","0",,"0","004","-","N",,0,0,,,0,,,,"N",3,"A","-",21956,"A","N","A","H","-","A","A","0","Y","N","60",0,0,1,0,0,0,0,0,0,"-","-","BERKELEY","ALAMEDA","CA",0,0
"3512184",-122.258966028,37.861415863,2007,"0103","0","4","4","06",0,1,"B",,"Y",,,,1200,10,"-","G","A","DERBY ST","TELEGRAPH AV",5,"E","N","2008-04-14",103,"2007-10-18",1041,"5","36","5","6","0","0",,"0","007","-","N",,0,0,,,0,,,,"N",2,"A","-",21755,,"N","A","H","-","A","-","0","Y","A","01",0,0,1,0,0,0,1,0,0,"-","-","BERKELEY","ALAMEDA","CA",0,0
"3512192",-122.258348786,37.8755111694,2007,"0103","0","7","4","21",0,1,"A",,"Y",,,,1500,10,"B","G","A","LEROY AV","HEARST AV",80,,"N","2008-04-14",103,"2007-10-28",1311,"75","25","5","6","0","0",,"0","002","-","N",,0,0,,,0,,,,"N",2,"A","-",22106,,"N","A","H","-","A","D","0","Y","A","01",0,0,1,0,0,0,1,0,0,"-","-","BERKELEY","ALAMEDA","CA",0,0
"3512283",-122.270693152,37.8708953857,2007,"0103","0","2","2","17",0,1,"A",,"Y",,,,1800,7,"H","G","A","MILVIA ST","ADDISON ST",0,,"Y","2008-01-19",103,"2007-07-24",1740,"84","29","5","6","0","0",,"0","004","-","N",,0,0,,,0,,,,"N",2,"A","-",22517,,"N","A","H","-","A","D","0","Y","A","01",1,0,0,0,0,0,1,0,0,"-","-","BERKELEY","ALAMEDA","CA",0,0
"3512304",-122.268713153,37.8748245239,2007,"0103","0","1","4","17",0,1,"A",,"Y",,,,2400,8,"B","G","A","SHATTUCK AV","DELAWARE ST",0,,"Y","2008-02-08",103,"2007-08-13",2130,"84","24","5","6","0","0",,"0","003","-","N",,0,0,,,0,,,,"N",2,"A","-",22517,,"N","A","H","-","C","D","0","Y","A","01",0,0,1,0,0,0,1,0,0,"-","-","BERKELEY","ALAMEDA","CA",0,0
"3512480",-122.268623152,37.8738746643,2007,"0103","0","5","4","03",0,1,"A",,,,,,1500,11,"C","-","A","HEARST","SHATTUCK",0,,"Y","2008-06-12",103,"2007-11-23",1242,"58","24","5","6","0","0",,"0","003","-","N",,0,0,,,0,,,,"Y",2,"A","-",22350,,"N","A","H","-","A","A","0","Y","A","01",0,0,1,0,0,0,0,0,0,"-","-","BERKELEY","ALAMEDA","CA",0,0
"3515119",-122.307674307,37.878932962,2007,"0103","1","6","4","04",0,1,"A",,,,,,1800,12,"C","C","A","RT 80","GILMAN ST",20,"E","N","2008-07-21",9370,"2007-12-08",1540,"17424",,"2","6","0","1",,"2","081","-","Y","ALA",4,80,"-","-",6.68,"H","-","W","N",2,"A","-",21703,,"N","A","H","-","A","D","6","Y","A","01",0,0,1,0,0,0,0,0,0,"-","-","BERKELEY","ALAMEDA","CA",0,0
"3517434",-122.302986525,37.864716067,2007,"0103","0","5","2","11",0,1,"A","Y",,,,"Y",2400,11,"G","B","E","UNIVERSITY AV","RT 80",0,,"Y","2008-03-25",103,"2007-11-02",2354,"70","22","5","6","0","0",,"0","016","-","Y","ALA",4,80,"-","-",5.747,"R","1","E","Y",2,"A","-",21956,"A","N","A","H","-","D","D","0","Y","-","-",1,0,0,0,1,0,0,0,0,"-","E","BERKELEY","ALAMEDA","CA",0,0
"3534856",-122.305566202,37.872989843,2007,"0103","1","3","4","03",0,2,"B",,,,,,1500,12,"C","C","A","RT 80","GILMAN ST",1584,"W","N","2008-07-02",9370,"2007-12-19",1445,"01856",,"2","6","0","1",,"2","081","-","Y","ALA",4,80,"-","-",6.32,"H","-","E","Y",2,"A","-",22350,,"N","A","H","-","A","D","6","Y","A","01",0,0,2,0,0,0,0,0,0,"-","-","BERKELEY","ALAMEDA","CA",0,0
"3541058",-122.307744566,37.880332041,2007,"0103","1","5","2","03",0,7,"B",,,,,,300,12,"D","C","A","RT 80","GILMAN ST",300,"E","N","2008-07-17",9370,"2007-12-07",139,"01834",,"3","6","0","1",,"2","081","C","Y","ALA",4,80,"-","-",6.74,"H","-","E","Y",3,"A","-",22350,,"M","B","H","-","C","D","6","Y","A","08",2,0,5,0,0,0,0,0,0,"-","-","BERKELEY","ALAMEDA","CA",0,0
"3541941",-122.282083154,37.8704452515,2008,"0103","0","6","4","03",0,3,"A",,,,,,900,1,"C","C","A","UNIVERSITY AV","SACRAMENTO ST",0,,"Y","2008-07-24",103,"2008-01-19",745,"128","23","5","6","0","0",,"0","004","-","N",,0,0,,,0,,,,"Y",2,"A","-",22350,,"N","A","H","-","A","A","0","Y","A","01",0,0,3,0,0,0,0,0,0,"-","-","BERKELEY","ALAMEDA","CA",0,0
"3541945",-122.258963567,37.866897583,2008,"0103","0","1","4","03",0,1,"C",,,,"Y",,1200,1,"B","E","A","CHANNING WY","TELEGRAPH AV",41,"W","N","2008-07-19",103,"2008-01-21",1136,"47","28","5","6","0","0",,"0","006","-","N",,0,0,,,0,,,,"N",2,"A","-",22350,,"N","B","H","-","A","A","0","Y","F","26",0,0,1,0,0,0,0,0,0,"-","-","BERKELEY","ALAMEDA","CA",0,0
"3561684",-122.245058779,37.858042735,2007,"0103","0","2","4","09",0,2,"B",,,,,,1500,10,"D","C","A","RT 13","CLAREMONT AV",0,,"Y","2008-04-28",103,"2007-10-16",1358,"126","37","5","6","0","0",,"0","008","-","Y","ALA",4,13,"-","-",10.79,"I","5","S","Y",2,"A","-",21801,"A","N","B","-","-","A","A","0","Y","A","01",0,0,2,0,0,0,0,0,0,"-","-","BERKELEY","ALAMEDA","CA",0,0
"3561795",-122.278408231,37.8914070129,2007,"0103","0","5","3","03",0,1,"A",,,,,,1500,11,"C","-","A","SOLANO AV","FRESNO ST",42,"W","N","2008-06-05",103,"2007-11-30",1334,"143","13","5","6","0","0",,"0","001","-","N",,0,0,,,0,,,,"Y",2,"A","-",22350,,"N","A","H","-","A","D","0","Y","A","01",0,1,0,0,0,0,0,0,0,"-","-","BERKELEY","ALAMEDA","CA",0,0
"3561803",-122.281273153,37.8621635437,2007,"0103","0","7","3","10",0,1,"A","Y",,,,,1800,11,"G","B","B","DWIGHT WY","SACRAMENTO ST",0,,"Y","2008-06-05",103,"2007-11-11",1758,"58","30","5","6","0","0",,"0","005","-","N",,0,0,,,0,,,,"N",2,"A","-",21950,"A","N","A","H","-","C","A","0","Y","A","01",0,1,0,0,1,0,0,0,0,"-","-","BERKELEY","ALAMEDA","CA",0,0
"3561807",-122.258701372,37.856317074,2007,"0103","0","6","4","09",0,1,"A",,,,,,900,11,"D","C","A","TELEGRAPH AV","RT 13",0,,"Y","2008-07-07",103,"2007-11-03",645,"9","C","5","6","0","0",,"0","009","-","Y","ALA",4,13,"-","-",11.61,"I","5","N","Y",2,"A","-",21802,"A","N","A","H","-","A","A","0","Y","A","01",0,0,1,0,0,0,0,0,0,"-","-","BERKELEY","ALAMEDA","CA",0,0
"3562002",-122.281570429,37.870513916,2007,"0103","0","4","4","03",0,1,"C",,,,,"Y",1500,12,"C","C","A","UNIVERSITY AV","SACRAMENTO ST",150,"E","N","2008-06-17",103,"2007-12-06",1427,"131","C23","5","6","0","0",,"0",,"-","N",,0,0,,,0,,,,"N",3,"A","-",22350,,"F","B","H","-","A","A","0","Y","D","22",0,0,1,0,0,0,0,0,0,"-","-","BERKELEY","ALAMEDA","CA",0,0
"3562006",-122.253573149,37.8621063232,2007,"0103","0","4","4","11",0,1,"C","Y",,,,,1800,12,"G","B","B","COLLEGE AV","DERBY ST",0,,"-","2008-06-17",103,"2007-12-06",1539,"134","37","5","6","0","0",,"0","008","-","N",,0,0,,,0,,,,"N",2,"A","-",21950,"B","N","B","H","-","A","D","0","Y","N","60",0,0,1,0,1,0,0,0,0,"-","-","BERKELEY","ALAMEDA","CA",0,0
"3562007",-122.292283155,37.869125004,2007,"0103","0","1","3","12",0,1,"A",,,,,,300,12,"D","C","A","RT 123","UNIVERSITY AV",0,,"Y","2008-07-10",103,"2007-12-10",10,"98","31","5","6","0","0",,"0","016","-","Y","ALA",4,123,"-","-",3.15,"I","5","S","Y",2,"A","-",21453,"A","F","A","H","-","C","A","0","Y","A","01",0,1,0,0,0,0,0,0,0,"-","-","BERKELEY","ALAMEDA","CA",0,0
"3562010",-122.26111315,37.8666267395,2007,"0103","0","4","4","01",0,1,"C",,"Y",,,"Y",2100,12,"A","G","A","CHANNING WY","DANA ST",0,,"Y","2008-06-17",103,"2007-12-06",1928,"38","28","5","6","0","0",,"0","006","-","N",,0,0,,,0,,,,"Y",2,"A","-",23152,"A","N","B","H","-","C","A","0","Y","A","01",0,0,1,0,0,0,1,0,0,"-","-","BERKELEY","ALAMEDA","CA",0,0
"3562012",-122.277209555,37.853513132,2007,"0103","0","4","4","03",0,2,"A",,,,,,1500,12,"C","C","A","ASHBY AV","CALIFORNIA ST",100,"W","N","2008-07-07",103,"2007-12-13",1431,"38","40","5","6","0","0",,"0","012","-","Y","ALA",4,13,"-","-",12.65,"H","-","N","N",2,"A","-",22350,,"F","A","H","-","A","A","0","Y","A","01",0,0,2,0,0,0,0,0,0,"-","-","BERKELEY","ALAMEDA","CA",0,0
"3562016",-122.294322243,37.875397722,2007,"0103","0","4","4","10",0,1,"A","Y",,,,,2100,12,"G","B","B","RT 123","CEDAR ST",0,,"Y","2008-07-25",103,"2007-12-13",1916,"137","21","5","6","0","0",,"0","017","-","Y","ALA",4,123,"-","-",3.61,"H","-","S","N",2,"A","-",21950,"A","N","A","H","-","C","A","0","Y","A","01",0,0,1,0,1,0,0,0,0,"-","-","BERKELEY","ALAMEDA","CA",0,0
"3562019",-122.271338795,37.8768463135,2007,"0103","0","1","3","08",0,1,"A",,,,,,1800,12,"E","I","A","MILVIA ST","LINCOLN ST",113,"S","N","2008-06-20",103,"2007-12-10",1528,"57","24","5","6","0","0",,"0","003","-","N",,0,0,,,0,,,,"Y",1,"A","-",22107,,"N","A","H","-","A","D","0","Y","A","08",0,1,0,0,0,0,0,0,0,"-","-","BERKELEY","ALAMEDA","CA",0,0
"3562020",-122.260543148,37.8501968384,2007,"0103","0","4","4","03",0,1,"A",,,,,,2100,12,"E","I","A","TELEGRAPH AV","ALCATRAZ AV",0,,"Y","2008-06-17",103,"2007-12-13",1917,"112",,"5","6","0","0",,"0",,"-","N",,0,0,,,0,,,,"Y",1,"A","-",22350,,"F","A","H","-","C","A","0","Y","A","01",0,0,1,0,0,0,0,0,0,"-","-","BERKELEY","ALAMEDA","CA",0,0
"3562022",-122.296355136,37.882331863,2007,"0103","0","6","4","10",0,1,"A","Y",,,,,1500,12,"G","B","B","RT 123","HARRISON ST",0,,"Y","2008-07-01",103,"2007-12-01",1432,"137","20","5","6","0","0",,"0","017","-","Y","ALA",4,123,"-","-",4.11,"I","5","N","N",2,"A","-",21950,"A","N","A","H","-","A","D","0","Y","D","22",0,0,1,0,1,0,0,0,0,"-","-","BERKELEY","ALAMEDA","CA",0,0
"3562026",-122.25882315,37.8669166565,2007,"0103","0","3","4","10",0,1,"A","Y",,,,,2100,12,"B","B","B","CHANNING WY","TELEGRAPH AV",0,,"Y","2008-06-17",103,"2007-12-05",1820,"118","28","5","6","0","0",,"0","007","-","N",,0,0,,,0,,,,"N",2,"A","-",21950,"A","N","A","H","-","A","A","0","Y","A","01",0,0,1,0,1,0,0,0,0,"-","-","BERKELEY","ALAMEDA","CA",0,0
"3562028",-122.286688931,37.852146747,2007,"0103","0","4","4","12",0,3,"A",,,,,,2100,12,"D","C","A","RT 123","ASHBY AV",0,,"Y","2008-07-25",103,"2007-12-13",1938,"34","20","5","6","0","0",,"0","013","-","Y","ALA",4,13,"-","-",13.18,"I","5","S","Y",2,"A","-",21453,"A","N","A","H","-","C","A","0","Y","D","22",0,0,3,0,0,0,0,0,0,"-","-","BERKELEY","ALAMEDA","CA",0,0
"3562031",-122.289709219,37.861128138,2007,"0103","0","1","4","03",0,1,"A",,,,,,2400,12,"C","C","A","RT 123","DWIGHT WY",25,"N","N","2008-07-10",103,"2007-12-10",2251,"98","32","5","6","0","0",,"0","015","-","Y","ALA",4,123,"-","-",2.58,"H","-","S","N",2,"A","-",22350,,"N","A","H","-","C","A","0","Y","A","01",0,0,1,0,0,0,0,0,0,"-","-","BERKELEY","ALAMEDA","CA",0,0
"3562036",-122.267880348,37.8673706055,2007,"0103","0","5","3","03",0,1,"A",,"Y",,,,1500,12,"B","G","A","SHATTUCK AV","BANCROFT WY",75,"S","-","2008-06-17",103,"2007-12-14",1245,"COBER","29","5","6","0","0",,"0","005","-","N",,0,0,,,0,,,,"N",2,"A","-",22350,,"F","A","H","-","A","D","0","Y","-","99",0,1,0,0,0,0,1,0,0,"-","-","BERKELEY","ALAMEDA","CA",0,0
"3562038",-122.286869283,37.852107528,2007,"0103","0","2","4","03",0,1,"B",,,,,,1500,12,"C","C","A","ASHBY AV","SAN PABLO AV",57,"W","N","2008-08-12",103,"2007-12-04",1342,"3","20","5","6","0","0",,"0","015","C","Y","ALA",4,13,"-","-",13.19,"H","-","S","N",2,"A","-",22350,,"N","B","H","-","A","A","0","Y","D",,0,0,1,0,0,0,0,0,0,"-","-","BERKELEY","ALAMEDA","CA",0,0
"3562043",-122.299093649,37.8792610168,2007,"0103","0","5","4","08",0,1,"A",,,,,,900,12,"A","E","A","8TH ST","GILMAN ST",200,"S","N","2008-06-17",103,"2007-12-07",730,"64","20","5","6","0","0",,"0","017","-","N",,0,0,,,0,,,,"Y",2,"A","-",22107,,"N","B","H","-","A","D","0","Y","D","22",0,0,1,0,0,0,0,0,0,"-","-","BERKELEY","ALAMEDA","CA",0,0
"3562046",-122.259503149,37.8576850891,2007,"0103","0","3","4","03",0,1,"A",,,,,,1800,12,"C","C","A","TELEGRAPH AV","RUSSELL ST",0,,"Y","2008-06-17",103,"2007-12-05",1609,"37","36","5","6","0","0",,"0","009","-","N",,0,0,,,0,,,,"Y",2,"A","-",22350,,"N","A","H","-","A","A","0","Y","A","01",0,0,1,0,0,0,0,0,0,"-","-","BERKELEY","ALAMEDA","CA",0,0
"3562047",-122.278763153,37.8624954224,2007,"0103","0","5","3","03",0,1,"A",,"Y",,,,900,12,"D","G","A","DWIGHT WY","CALIFORNIA ST",0,,"Y","2008-06-17",103,"2007-12-07",838,"3","30","5","6","0","0",,"0","005","-","N",,0,0,,,0,,,,"N",2,"A","-",22350,,"N","A","H","-","A","D","0","Y","-","-",0,1,0,0,0,0,1,0,0,"-","-","BERKELEY","ALAMEDA","CA",0,0
"3562051",-122.266259336,37.874168396,2007,"0103","0","5","2","09",0,1,"B",,"Y",,,,1200,12,"D","G","A","HEARST AV","OXFORD ST",48,"E","N","2008-06-17",103,"2007-12-07",936,"18","24","5","6","0","0",,"0","003","-","N",,0,0,,,0,,,,"N",2,"A","-",21803,"A","N","A","H","-","A","D","0","Y","A","01",1,0,0,0,0,0,1,0,0,"-","-","BERKELEY","ALAMEDA","CA",0,0
"3562056",-122.278443155,37.8872032166,2007,"0103","0","7","4","09",0,1,"A",,"Y",,,,1500,12,"D","G","A","MONTEREY AV","COLUSA AV",0,,"Y","2008-06-17",103,"2007-12-16",1442,"58","13","5","6","0","0",,"0","001","-","N",,0,0,,,0,,,,"N",2,"A","-",21800,"C","N","A","H","-","A","A","0","Y","L","04",0,0,1,0,0,0,1,0,0,"-","-","BERKELEY","ALAMEDA","CA",0,0
"3562063",-122.272303152,37.8651847839,2007,"0103","0","5","4","08",0,2,"A",,,,,,1500,12,"D","C","A","MARTIN LUTHER KING JR WY","CHANNING WY",0,,"Y","2008-06-17",103,"2007-12-07",1200,"58","30","5","6","0","0",,"0","005","-","N",,0,0,,,0,,,,"N",2,"A","-",22107,,"N","A","H","-","A","A","0","Y","A","01",0,0,2,0,0,0,0,0,0,"-","-","BERKELEY","ALAMEDA","CA",0,0
"3562066",-122.294276127,37.875255732,2007,"0103","0","6","3","10",0,1,"A","Y",,,,,1800,12,"G","B","B","RT 123","CEDAR ST",0,,"Y","2008-07-10",103,"2007-12-01",1610,"137","21","5","6","0","0",,"0","017","-","Y","ALA",4,123,"-","-",3.6,"I","6","S","N",2,"A","-",21950,"A","N","A","H","-","B","A","0","Y","A","01",0,1,0,0,1,0,0,0,0,"-","-","BERKELEY","ALAMEDA","CA",0,0
"3562068",-122.26511097,37.8615074158,2007,"0103","0","1","4","08",0,1,"A",,"Y",,,,900,12,"A","-","A","CARLETON ST","SHATTUCK AV",600,"E","N","2008-06-17",103,"2007-12-17",837,"9","35","5","6","0","0",,"0","005","-","N",,0,0,,,0,,,,"N",2,"A","-",22107,,"N","A","H","-","A","D","0","Y","L","04",0,0,1,0,0,0,1,0,0,"-","-","BERKELEY","ALAMEDA","CA",0,0
"3562070",-122.256823151,37.8754844666,2007,"0103","0","7","4","09",0,1,"B",,"Y",,,,1500,12,"D","G","A","LA LOMA AV","HEARST ST",0,,"Y","2008-06-17",103,"2007-12-02",1207,"18","25","5","6","0","0",,"0","002","-","N",,0,0,,,0,,,,"N",2,"A","-",21801,"A","N","A","H","-","A","A","0","Y","A","01",0,0,1,0,0,0,1,0,0,"-","-","BERKELEY","ALAMEDA","CA",0,0
"3562072",-122.277873154,37.8736343384,2007,"0103","0","3","4","09",0,1,"B",,,,,,900,12,"D","C","A","MCGEE ST","DELAWARE ST",0,,"Y","2008-06-17",103,"2007-12-12",838,"16","23","5","6","0","0",,"0","003","-","N",,0,0,,,0,,,,"N",2,"A","-",21801,"A","N","B","H","-","B","A","0","Y","A",,0,0,1,0,0,0,0,0,0,"-","-","BERKELEY","ALAMEDA","CA",0,0
"3562073",-122.297340051,37.8667564392,2007,"0103","0","3","4","12",0,1,"A",,,,,,2100,12,"D","C","A","6TH ST","ADDISON",20,"N","N","2008-06-17",103,"2007-12-05",2057,"10","32","5","6","0","0",,"0","016","-","N",,0,0,,,0,,,,"Y",2,"A","-",22450,,"F","A","H","-","C","D","0","Y","A","01",0,0,1,0,0,0,0,0,0,"-","-","BERKELEY","ALAMEDA","CA",0,0
"3562074",-122.289418741,37.860720965,2007,"0103","0","7","4","03",0,2,"A",,,,,,1500,12,"C","C","A","RT 123","DWIGHT WY",143,"S","N","2008-07-10",103,"2007-12-09",1338,"100","33","5","6","0","0",,"0","014","-","Y","ALA",4,123,"-","-",2.54,"H","-","N","N",2,"A","-",22350,,"F","A","H","-","A","A","0","Y","-","-",0,0,2,0,0,0,0,0,0,"-","-","BERKELEY","ALAMEDA","CA",0,0
"3562075",-122.291212095,37.8664,2007,"0103","0","5","4","09",0,1,"A",,"Y",,,,1800,12,"D","G","A","ALLSTON ST","SAN PABLO AV",0,,"Y","2008-07-17",103,"2007-12-07",1650,"150","32","5","6","0","0",,"0","016","-","Y","ALA",4,123,"-","-",2.95,"I","6","N","N",2,"A","-",21801,"A","N","A","H","-","A","A","0","Y","D","22",0,0,1,0,0,0,1,0,0,"-","-","BERKELEY","ALAMEDA","CA",0,0
"3562077",-122.253913149,37.8657264709,2007,"0103","0","4","4","12",0,3,"C","Y","Y",,,,1200,12,"D","C","B","COLLEGE AV","DWIGHT WY",0,,"Y","2008-06-17",103,"2007-12-06",1040,"112","27","5","6","0","0",,"0","007","-","N",,0,0,,,0,,,,"Y",4,"A","-",21453,"A","N","B","H","-","A","A","0","Y","A","01",0,0,3,0,1,0,1,0,0,"-","-","BERKELEY","ALAMEDA","CA",0,0
"3562078",-122.250373149,37.8641548157,2007,"0103","0","7","2","09",0,1,"A",,,"Y",,,1800,12,"H","A","A","WARRING ST","PARKER ST",0,,"Y","2008-06-17",103,"2007-12-09",1534,"134","37","5","6","0","0",,"0","008","-","N",,0,0,,,0,,,,"N",2,"A","-",21804,"A","N","A","H","-","A","D","0","Y","A","01",1,0,0,0,0,0,0,0,1,"-","-","BERKELEY","ALAMEDA","CA",0,0
"3562089",-122.295435371,37.878861027,2007,"0103","0","2","4","03",0,1,"A",,,,,,1200,12,"C","C","A","RT 123","CAMELIA ST",24,"N","N","2008-07-25",103,"2007-12-11",914,"83","21","5","6","0","0",,"0","017","-","Y","ALA",4,123,"-","-",3.86,"H","-","S","N",2,"A","-",22350,,"N","A","H","-","A","A","0","Y","A","08",0,0,1,0,0,0,0,0,0,"-","-","BERKELEY","ALAMEDA","CA",0,0
"3562093",-122.286338642,37.8725547791,2007,"0103","0","2","4","17",0,1,"A",,"Y",,,,900,12,"H","G","A","DELAWARE ST","FRANKLIN ST",159,"W","N","2008-06-17",103,"2007-12-11",840,"83","22","5","6","0","0",,"0","018","-","N",,0,0,,,0,,,,"N",2,"A","-",22517,,"N","A","H","-","A","D","0","Y","A","01",0,0,1,0,0,0,1,0,0,"-","-","BERKELEY","ALAMEDA","CA",0,0
"3562097",-122.305541909,37.8785247803,2007,"0103","0","2","3","05",0,1,"A",,"Y",,,,1200,12,"D","G","A","GILMAN ST","2ND ST",84,"E","N","2008-06-17",103,"2007-12-11",1130,"6","20","5","6","0","0",,"0","017","-","N",,0,0,,,0,,,,"N",2,"A","-",21650,,"N","A","H","-","A","D","0","Y","L","04",0,1,0,0,0,0,1,0,0,"-","-","BERKELEY","ALAMEDA","CA",0,0