"CASEID","POINT_X","POINT_Y","YEAR_","LOCATION","CHPTYPE","DAYWEEK","CRASHSEV","VIOLCAT","KILLED","INJURED","WEATHER1","PEDCOL","BICCOL","MCCOL","TRUCKCOL","ETOH","TIMECAT","MONTH_","CRASHTYP","INVOLVE","PED","PRIMARYRD","SECONDRD","DISTANCE","DIRECT","INTERSECT_","PROCDATE","JURIS","DATE_","TIME_","BADGE","JURIDIST","SHIFT","POP","SPECIAL","BEATTYPE","LAPDDIV","BEATCLAS","BEATNUMB","WEATHER2","STATEHW","CALTRANC","CALTRAND","STROUTE","ROUTESUF","POSTPRE","POSTMILE","LOCATYPE","RAMP","SIDEHW","TOWAWAY","PARTIES","PCF","VIOLCODE","VIOL","VIOLSUB","HITRUN","ROADSURF","RDCOND1","RDCOND2","LIGHTING","RIGHTWAY","CHPRDTYP","NOTPRIV","STFAULT","CHPFAULT","SEVINJ","OTHERINJ","COP","PEDKILL","PEDINJ","BICKILL","BICINJ","MCKILL","MCINJURE","RAMP1","RAMP2","CITY","COUNTY","STATE","X_CHP","Y_CHP"
"3562105",-122.276903153,37.8645935059,2007,"0103","0","2","3","09",0,1,"A",,"Y",,,,2100,12,"A","G","A","MCGEE AV","CHANNING WY",0,,"Y","2008-06-17",103,"2007-12-11",1825,"75","30","5","6","0","0",,"0","005","-","N",,0,0,,,0,,,,"N",2,"A","-",21804,,"N","-","H","-","D","D","0","Y","L","04",0,1,0,0,0,0,1,0,0,"-","-","BERKELEY","ALAMEDA","CA",0,0
"3562109",0,0,2007,"0103","0","3","4","03",0,1,"A",,,,,,2500,12,"C","C","A","GRIZZLY PEAK BL","CENTENNIAL RD",5280,"S","N","2008-06-19",103,"2007-12-12",2500,"112",,"5","6","0","0",,"0",,"-","N",,0,0,,,0,,,,"Y",2,"A","-",22350,,"N","A","H","-","A","D","0","Y","A","01",0,0,1,0,0,0,0,0,0,"-","-","BERKELEY","ALAMEDA","CA",0,0
"3562112",-122.251867184,37.857305549,2007,"0103","0","1","3","01",0,1,"A",,,,,,600,12,"C","E","A","RT 13","ELMWOOD AV",30,"E","N","2008-07-07",103,"2007-12-31",308,"110","38","5","6","0","0",,"0","008","-","Y","ALA",4,13,"-","-",11.18,"H","-","S","Y",2,"A","-",23152,,"N","A","H","-","C","A","0","Y","-","-",0,1,0,0,0,0,0,0,0,"-","-","BERKELEY","ALAMEDA","CA",0,0
"3562113",-122.276573155,37.888874054,2007,"0103","0","3","4","09",0,2,"B",,,,,,1200,12,"D","C","A","THE ALAMEDA","MARIN AV",0,,"Y","2008-06-17",103,"2007-12-12",1058,"83","13","5","6","0","0",,"0","001","-","N",,0,0,,,0,,,,"N",2,"A","-",21801,"A","N","A","H","-","A","A","0","Y","A","01",0,0,2,0,0,0,0,0,0,"-","-","BERKELEY","ALAMEDA","CA",0,0
"3562117",-122.287629731,37.855126105,2007,"0103","0","3","4","08",0,2,"B",,,,,,1800,12,"B","E","A","RT 123","OREGON ST",79,"N","N","2008-07-25",103,"2007-12-12",1628,"98","33","5","6","0","0",,"0","013","-","Y","ALA",4,123,"-","-",2.13,"H","-","N","N",2,"A","-",22107,,"N","A","H","-","B","D","0","Y","D","22",0,0,2,0,0,0,0,0,0,"-","-","BERKELEY","ALAMEDA","CA",0,0
"3562125",-122.292534334,37.870378542,2007,"0103","0","4","4","05",0,1,"A",,"Y",,,,1200,12,"D","G","A","RT 123","HEARST ST",6,"S","N","2008-07-10",103,"2007-12-13",1000,"47","19","5","6","0","0",,"0","018","-","Y","ALA",4,123,"-","-",3.24,"I","6","N","N",2,"A","-",21650,,"N","A","H","-","A","D","0","Y","L","04",0,0,1,0,0,0,1,0,0,"-","-","BERKELEY","ALAMEDA","CA",0,0
"3562140",-122.258011801,37.866104126,2007,"0103","0","3","4","11",0,1,"A","Y",,"Y",,,1800,12,"G","B","D","HASTE ST","TELEGRAPH AV",185,"E","N","2008-06-17",103,"2007-12-26",1651,"3","28","5","6","0","0",,"0","007","-","N",,0,0,,,0,,,,"N",2,"A","-",21950,"B","N","A","H","-","B","D","0","Y","N","60",0,0,1,0,1,0,0,0,0,"-","-","BERKELEY","ALAMEDA","CA",0,0
"3562148",-122.265993152,37.8705635071,2007,"0103","0","6","4","03",0,1,"C",,,,,,1500,12,"C","C","A","OXFORD ST","CENTER ST",0,,"Y","2008-06-17",103,"2007-12-29",1230,"128","29","5","6","0","0",,"0","004","-","N",,0,0,,,0,,,,"N",2,"A","-",22350,,"N","B","H","-","A","D","0","Y","A","01",0,0,1,0,0,0,0,0,0,"-","-","BERKELEY","ALAMEDA","CA",0,0
"3562155",-122.236264292,37.853941706,2007,"0103","0","2","3","01",0,1,"A",,,,,"Y",300,12,"E","I","A","TUNNEL RD","ROBLE RD",142,"E","N","2008-07-28",103,"2007-12-25",220,"110","38","5","6","0","0",,"0","008","-","Y","ALA",4,13,"-","-",10.19,"H","-","S","Y",1,"A","-",23152,"A","N","A","H","-","C","D","0","Y","-","-",0,1,0,0,0,0,0,0,0,"-","-","BERKELEY","ALAMEDA","CA",0,0
"3562160",-122.25874524,37.8553466797,2007,"0103","0","4","4","21",0,1,"B","Y",,,,,1200,12,"G","B","E","WEBSTER ST","DANA ST",20,"E","N","2008-06-17",103,"2007-12-27",943,"56","39","5","6","0","0",,"0","009","-","N",,0,0,,,0,,,,"N",2,"A","-",22106,,"F","A","H","-","A","D","0","Y","A","01",0,0,1,0,1,0,0,0,0,"-","-","BERKELEY","ALAMEDA","CA",0,0
"3562173",-122.267803151,37.8666763306,2007,"0103","0","5","4","04",0,1,"A",,,,,,1500,12,"C","C","A","SHATTUCK AV","DURRANT",0,,"Y","2008-06-17",103,"2007-12-28",1415,"PLEE","29","5","6","0","0",,"0","005","-","N",,0,0,,,0,,,,"N",2,"A","-",21703,,"N","A","H","-","A","D","0","Y","A","01",0,0,1,0,0,0,0,0,0,"-","-","BERKELEY","ALAMEDA","CA",0,0
"3562177",-122.282083154,37.8704452515,2007,"0103","0","5","3","09",0,1,"C",,,,,,2400,12,"B","C","A","UNIVERSITY AV","SACRAMENTO ST",0,,"Y","2008-06-17",103,"2007-12-28",2105,"12","31","5","6","0","0",,"0","014","-","N",,0,0,,,0,,,,"Y",2,"A","-",21802,"A","N","B","H","-","C","A","0","Y","A","01",0,1,0,0,0,0,0,0,0,"-","-","BERKELEY","ALAMEDA","CA",0,0
"3564728",-122.268962961,37.8765106201,2007,"0103","0","3","4","03",0,2,"A",,,,,,1200,12,"C","C","A","SHATTUCK AV","VIRGINIA ST",35,"S","N","2008-06-16",103,"2007-12-19",1044,"143","24","5","6","0","0",,"0","003","-","N",,0,0,,,0,,,,"N",2,"A","-",22350,,"N","A","H","-","A","A","0","Y","A","01",0,0,2,0,0,0,0,0,0,"-","-","BERKELEY","ALAMEDA","CA",0,0
"3565783",-122.304561163,37.868633022,2007,"0103","1","2","4","03",0,1,"A",,,,,,1800,6,"C","C","A","RT 80","UNIVERSITY AV",1000,"E","N","2008-03-11",9370,"2007-06-05",1650,"01430",,"2","6","0","1",,"2","081","-","Y","ALA",4,80,"-","-",6.03,"H","-","W",,2,"A","-",22350,,"N","A","H","-","A","D","6","Y","A","01",0,0,1,0,0,0,0,0,0,"-","-","BERKELEY","ALAMEDA","CA",0,0
"3565818",-122.29206314,37.868422647,2007,"0103","0","4","4","10",0,1,"B","Y",,,,,2400,1,"G","B","C","RT 123","ADDISON ST",126,"N","N","2008-03-17",103,"2007-01-04",2241,"160","32","5","6","0","0",,"0","016","-","Y","ALA",4,123,"-","-",3.1,"H","-","S","N",2,"A","-",21950,"A","N","B","H","-","C","D","0","Y","A","01",0,0,1,0,1,0,0,0,0,"-","-","BERKELEY","ALAMEDA","CA",0,0
"3566482",-122.299493155,37.850745002,2008,"0103","1","6","4","08",0,1,"A",,,"Y","Y",,2100,2,"B","C","A","RT 80","ASHBY AV",528,"E","N","2008-09-22",9370,"2008-02-09",1905,"18317",,"2","6","0","1",,"2","081","-","Y","ALA",4,80,"-","-",4.68,"H","-","W","Y",2,"A","-",22107,,"N","A","H","-","D","D","6","Y","C","02",0,0,1,0,0,0,0,0,0,"-","-","BERKELEY","ALAMEDA","CA",0,0
"3578004",-122.307460857,37.878980231,2008,"0103","1","5","2","03",0,3,"C",,,,,,1500,1,"C","C","A","RT 80","GILMAN ST",5,"E","N","2008-10-02",9370,"2008-01-25",1400,"18260",,"2","6","0","1",,"2","081","-","Y","ALA",4,80,"-","-",6.68,"H","-","E","Y",4,"A","-",22350,,"F","B","H","-","A","D","6","Y","-","99",2,1,0,0,0,0,0,0,0,"-","-","BERKELEY","ALAMEDA","CA",0,0
"3579126",-122.308490361,37.882590772,2008,"0103","1","6","4","03",0,1,"C",,,,,,1500,1,"C","C","A","RT 80","GILMAN AV",1056,"E","N","2008-09-17",9370,"2008-01-05",1230,"01827",,"1","6","0","1",,"2","081","-","Y","ALA",4,80,"-","-",6.88,"H","-","W","Y",3,"A","-",22350,,"N","B","H","-","A","D","6","Y","D","22",0,0,1,0,0,0,0,0,0,"-","-","BERKELEY","ALAMEDA","CA",0,0
"3580868",-122.306743158,37.875735004,2008,"0103","1","5","2","08",0,3,"C",,,,,,2400,1,"E","I","A","RT 80","GILMAN ST",528,"W","N","2008-09-03",9370,"2008-01-25",2220,"01847",,"3","6","0","1",,"2","081","-","Y","ALA",4,80,"-","-",6.52,"H","-","W","Y",1,"A","-",22107,,"N","B","H","-","D","D","6","Y","A","07",1,1,1,0,0,0,0,0,0,"-","-","BERKELEY","ALAMEDA","CA",0,0
"3590548",-122.306269288,37.87522032,2008,"0103","1","5","4","07",0,1,"A",,,,"Y",,1200,2,"C","C","A","RT 80","GILMAN ST",600,"W","N","2008-11-05",9370,"2008-02-15",1150,"01849",,"1","6","0","1",,"2","081","-","Y","ALA",4,80,"-","-",6.51,"H","-","E","Y",3,"A","-",21658,"A","N","A","H","-","A","D","6","Y","F","26",0,0,1,0,0,0,0,0,0,"-","-","BERKELEY","ALAMEDA","CA",0,0
"3593722",-122.303897662,37.866586041,2008,"0103","1","5","4","08",0,1,"A",,,,"Y",,2100,2,"E","I","A","RT 80","UNIVERSITY AV",150,"E","N","2008-09-22",9370,"2008-02-15",1810,"01856",,"2","6","0","1",,"2","081","-","Y","ALA",4,80,"-","-",5.87,"H","-","W","Y",2,"A","-",22107,,"N","A","H","-","A","D","6","Y","A","01",0,0,1,0,0,0,0,0,0,"-","-","BERKELEY","ALAMEDA","CA",0,0
"3593845",-122.267163151,37.8612442017,2008,"0103","0","5","3","03",0,1,"B",,,,,,900,1,"E","I","A","SHATTUCK AV","CARLETON ST",0,,"Y","2008-07-15",103,"2008-01-04",657,"128","35","5","6","0","0",,"0","005","-","N",,0,0,,,0,,,,"Y",1,"A","-",22350,,"N","B","H","-","B","D","0","Y","A","01",0,1,0,0,0,0,0,0,0,"-","-","BERKELEY","ALAMEDA","CA",0,0
"3593857",-122.269993152,37.8645553589,2008,"0103","0","5","4","09",0,1,"C",,"Y",,,,1800,1,"D","G","A","HASTE ST","MILVIA ST",0,,"Y","2008-07-15",103,"2008-01-04",1744,"58","29","5","6","0","0",,"0","005","-","N",,0,0,,,0,,,,"N",2,"A","-",21800,"B","N","B","H","-","C","A","0","Y","L","04",0,0,1,0,0,0,1,0,0,"-","-","BERKELEY","ALAMEDA","CA",0,0
"3593869",-122.267473151,37.8639564514,2008,"0103","0","1","4","01",0,1,"B",,,,,"Y",300,1,"D","C","A","SHATTUCK","DWIGHT WY",0,,"Y","2008-07-15",103,"2008-01-07",156,"24","29","5","6","0","0",,"0","005","C","N",,0,0,,,0,,,,"Y",2,"A","-",23152,,"N","B","H","-","C","A","0","Y","A",,0,0,1,0,0,0,0,0,0,"-","-","BERKELEY","ALAMEDA","CA",0,0
"3593873",-122.27119315,37.8496856689,2008,"0103","0","6","4","09",0,1,"B",,"Y",,,"Y",2100,1,"B","G","A","ADELINE  ST","HARMON ST",0,,"Y","2008-07-16",103,"2008-01-05",1900,"151","59","5","6","0","0",,"0","010","-","N",,0,0,,,0,,,,"N",3,"A","-",21800,"A","N","B","H","-","C","D","0","Y","L","04",0,0,1,0,0,0,1,0,0,"-","-","BERKELEY","ALAMEDA","CA",0,0
"3593889",-122.27230315,37.8465766907,2008,"0103","0","1","4","08",0,1,"B",,,,,,900,1,"D","C","A","ADELINE  ST","62ND ST",0,,"Y","2008-07-15",103,"2008-01-07",742,"73","40","5","6","0","0",,"0","011","-","N",,0,0,,,0,,,,"N",2,"A","-",22101,"D","N","B","H","-","A","A","0","Y","A","01",0,0,1,0,0,0,0,0,0,"-","-","BERKELEY","ALAMEDA","CA",0,0
"3593913",-122.251343149,37.8659248352,2008,"0103","0","4","4","09",0,1,"B",,"Y",,,,900,1,"D","G","A","DWIGHT WY","WARRING ST",0,,"Y","2008-07-15",103,"2008-01-10",820,"6","27","5","6","0","0",,"0","007","-","N",,0,0,,,0,,,,"N",2,"A","-",21802,"A","N","B","H","-","A","A","0","Y","J","48",0,0,1,0,0,0,1,0,0,"-","-","BERKELEY","ALAMEDA","CA",0,0
"3593921",-122.277883151,37.8478660583,2008,"0103","0","2","4","09",0,1,"A",,,,,,1800,1,"D","A","A","SACRAMENTO ST","ALCATRAZ AV",0,,"Y","2008-07-18",103,"2008-01-15",1747,"75","39","5","6","0","0",,"0","011","-","N",,0,0,,,0,,,,"N",2,"A","-",21801,"A","N","A","H","-","C","A","0","Y","A","01",0,0,1,0,0,0,0,0,0,"-","-","BERKELEY","ALAMEDA","CA",0,0
"3593925",-122.26977885,37.8689002991,2008,"0103","0","2","3","17",0,1,"A",,"Y",,,,2100,1,"H","I","A","HAROLD WY","ALLSTON WY",89,"S","N","2008-07-18",103,"2008-01-15",1843,"154","29","5","6","0","0",,"0","004","-","N",,0,0,,,0,,,,"N",1,"A","-",21700,,"N","A","H","-","C","D","0","Y","L","04",0,1,0,0,0,0,1,0,0,"-","-","BERKELEY","ALAMEDA","CA",0,0
"3593926",-122.307987391,37.8778266907,2008,"0103","0","6","4","03",0,1,"A",,,,,,2400,1,"A","I","A","FRONTAGE RD","GILMAN ST",80,"N","N","2008-07-18",103,"2008-01-19",2217,"110","20","5","6","0","0",,"0","017","-","N",,0,0,,,0,,,,"Y",1,"A","-",22350,,"N","A","H","-","C","D","0","Y","D","22",0,0,1,0,0,0,0,0,0,"-","-","BERKELEY","ALAMEDA","CA",0,0
"3593929",-122.308163159,37.8779945374,2008,"0103","0","3","2","09",0,1,"A",,,"Y",,,1800,1,"D","C","A","GILMAN ST","WEST FRONTAGE RD",0,,"Y","2008-07-18",103,"2008-01-16",1654,"53","2","5","6","0","0",,"0","017","-","N",,0,0,,,0,,,,"Y",3,"A","-",21802,"A","N","A","H","-","A","D","0","Y","A","01",1,0,0,0,0,0,0,0,1,"-","-","BERKELEY","ALAMEDA","CA",0,0
"3593933",-122.266453734,37.8744735718,2008,"0103","0","3","3","03",0,1,"A",,"Y",,,,2100,1,"H","J","A","OXFORD ST","HEARST AV",120,"N","N","2008-07-18",103,"2008-01-16",1801,"34","26","5","6","0","0",,"0","003","-","N",,0,0,,,0,,,,"N",1,"A","-",22350,,"N","A","G","-","C","A","0","Y","L","04",0,1,0,0,0,0,1,0,0,"-","-","BERKELEY","ALAMEDA","CA",0,0
"3593935",-122.303739527,37.8683,2008,"0103","0","1","4","09",0,1,"A",,,,,,1500,1,"D","C","A","EAST SHORE HWY","HEARST AV",0,,"Y","2008-09-29",103,"2008-01-28",1420,"131","C20","5","6","0","0",,"0","B16","-","Y","ALA",4,80,"-","-",5.818,"R","4","E","Y",2,"A","-",21802,,"N","A","H","-","A","A","0","Y","D","22",0,0,1,0,0,0,0,0,0,"-","-","BERKELEY","ALAMEDA","CA",0,0
"3593939",-122.272583154,37.8779754639,2008,"0103","0","7","3","10",0,1,"B","Y",,,,,1800,1,"G","B","B","CEDAR ST","BONITA AV",0,,"Y","2008-07-16",103,"2008-01-27",1751,"7","17","5","6","0","0",,"0","001","-","N",,0,0,,,0,,,,"N",2,"A","-",21950,"A","N","B","H","-","C","D","0","Y","A","01",0,1,0,0,1,0,0,0,0,"-","-","BERKELEY","ALAMEDA","CA",0,0
"3593941",-122.270333272,37.8680114746,2008,"0103","0","3","4","03",0,1,"A",,,,,,1800,1,"B","E","A","MILVIA ST","KITTREDGE ST",75,"S","N","2008-07-18",103,"2008-01-16",1546,"136","29","5","6","0","0",,"0","004","-","N",,0,0,,,0,,,,"N",2,"A","-",22350,,"F","A","H","-","A","D","0","Y","A","01",0,0,1,0,0,0,0,0,0,"-","-","BERKELEY","ALAMEDA","CA",0,0
"3593942",-122.286271692,37.850667555,2008,"0103","0","1","4","21",0,1,"A",,,,,,900,1,"D","C","A","HASKELL ST","RT 123",0,,"Y","2008-10-23",103,"2008-01-21",800,"100","40","5","6","0","0",,"0","013","-","Y","ALA",4,123,"-","-",1.81,"I","6","N","N",2,"A","-",22106,,"N","B","H","-","A","-","0","Y","A","08",0,0,1,0,0,0,0,0,0,"-","-","BERKELEY","ALAMEDA","CA",0,0
"3593944",-122.26716526,37.8612709045,2008,"0103","0","4","4","03",0,1,"B",,,,,,2100,1,"C","C","A","SHATTUCK AV","CARLETON ST",10,"N","N","2008-07-15",103,"2008-01-03",1930,"70","35","5","6","0","0",,"0","005","C","N",,0,0,,,0,,,,"N",2,"A","-",22350,,"N","B","H","-","C","D","0","Y","A","01",0,0,1,0,0,0,0,0,0,"-","-","BERKELEY","ALAMEDA","CA",0,0
"3593946",0,0,2008,"0103","0","3","3","03",0,1,"B",,,"Y",,,2100,1,"H","J","A","ADELLE ST","STANFORD AV",30,"N","N","2008-07-18",103,"2008-01-23",1815,"145","40","5","6","0","0",,"0","011","-","N",,0,0,,,0,,,,"N",1,"A","-",22350,,"N","A","H","-","B","A","0","Y","C","02",0,1,0,0,0,0,0,0,1,"-","-","BERKELEY","ALAMEDA","CA",0,0
"3593947",-122.284330002,37.8701629639,2008,"0103","0","2","4","10",0,1,"B","Y",,,,,1200,1,"G","B","B","UNIVERSITY AV","ACTON ST",2,"W","N","2008-07-16",103,"2008-01-29",1022,"83","22","5","6","0","0",,"0","018","C","N",,0,0,,,0,,,,"N",2,"A","-",21950,"A","N","B","H","-","A","A","0","Y","A","08",0,0,1,0,1,0,0,0,0,"-","-","BERKELEY","ALAMEDA","CA",0,0
"3593949",-122.270513154,37.8818855286,2008,"0103","0","4","3","09",0,1,"A",,,,,,1500,1,"H","C","A","SHATTUCK PL","ROSE ST",0,,"Y","2008-07-18",103,"2008-01-17",1231,"7","17","5","6","0","0",,"0","001","-","N",,0,0,,,0,,,,"N",3,"A","-",21801,"A","N","A","H","-","A","A","0","Y","A","01",0,1,0,0,0,0,0,0,0,"-","-","BERKELEY","ALAMEDA","CA",0,0
"3593951",-122.281826759,37.8674201965,2008,"0103","0","2","3","03",0,2,"C",,,,,,1500,1,"C","C","A","SACRAMENTO ST","ALLSTON WY",13,"N","N","2008-07-16",103,"2008-01-29",1344,"75","31","5","6","0","0",,"0","014","-","N",,0,0,,,0,,,,"N",2,"A","-",22350,,"N","B","H","-","A","A","0","Y","A","01",0,1,1,0,0,0,0,0,0,"-","-","BERKELEY","ALAMEDA","CA",0,0
"3593954",-122.237077657,37.854730194,2008,"0103","0","2","3","03",0,1,"C",,,,,,2400,1,"H","A","A","RT 13","BRIDGE RD",0,,"Y","2008-08-26",103,"2008-01-22",2145,"81","38","5","6","0","0",,"0","008","-","Y","ALA",4,13,"-","-",10.33,"I","5","N","Y",1,"A","-",22350,,"N","B","A","-","C","A","0","Y","A","01",0,1,0,0,0,0,0,0,0,"-","-","BERKELEY","ALAMEDA","CA",0,0
"3593955",-122.276573155,37.888874054,2008,"0103","0","1","4","09",0,2,"A",,,,,,2100,1,"D","C","A","THE ALAMEDA","MARIN",0,,"Y","2008-07-16",103,"2008-01-28",1810,"149","C13","5","6","0","0",,"0","001","-","N",,0,0,,,0,,,,"N",2,"A","-",21801,"A","N","A","H","-","C","A","0","Y","A",,0,0,2,0,0,0,0,0,0,"-","-","BERKELEY","ALAMEDA","CA",0,0
"3593957",-122.302717832,37.8735160828,2008,"0103","0","4","4","08",0,2,"A",,,,,,1200,1,"A","C","A","CEDAR ST","4TH ST",245,"W","N","2008-07-18",103,"2008-01-17",952,"83","20","5","6","0","0",,"0","017","-","N",,0,0,,,0,,,,"Y",2,"A","-",22107,,"N","A","H","-","A","D","0","Y","A","01",0,0,2,0,0,0,0,0,0,"-","-","BERKELEY","ALAMEDA","CA",0,0
"3593958",-122.276833156,37.8901062012,2008,"0103","0","3","4","09",0,1,"B",,"Y",,,,1800,1,"D","G","A","THE ALAMEDA","LOS ANGELES AV",0,,"Y","2008-07-18",103,"2008-01-23",1751,"4","12","5","6","0","0",,"0","001","-","N",,0,0,,,0,,,,"N",2,"A","-",21801,"A","N","A","H","-","C","A","0","Y","A","01",0,0,1,0,0,0,1,0,0,"-","-","BERKELEY","ALAMEDA","CA",0,0
"3593961",0,0,2008,"0103","0","5","4","09",0,1,"A",,,,,,1500,1,"D","C","A","GILMAN ST","E SHORE HWY",0,,"Y","2008-09-25",103,"2008-01-18",1450,"007","20","5","6","0","0",,"0","017","-","N",,0,0,,,0,,,,"Y",2,"A","-",21801,"A","N","A","H","-","A","D","0","Y","A","01",0,0,1,0,0,0,0,0,0,"-","-","BERKELEY","ALAMEDA","CA",0,0
"3593963",-122.253100536,37.8573188782,2008,"0103","0","3","3","11",0,1,"A","Y","Y",,,,1800,1,"G","B","D","COLLEGE AV","ASHBY AV",104,"N","N","2008-07-16",103,"2008-01-30",1613,"8","36","5","6","0","0",,"0","008","-","N",,0,0,,,0,,,,"N",2,"A","-",21954,"A","N","A","H","-","A","D","0","Y","N","60",0,1,0,0,1,0,0,0,0,"-","-","BERKELEY","ALAMEDA","CA",0,0
"3593965",-122.270093152,37.8654632568,2008,"0103","0","5","2","09",0,1,"A",,,"Y",,,1800,1,"D","C","A","CHANNING WY","MILVIA ST",0,,"Y","2008-07-18",103,"2008-01-18",1754,"31","29","5","6","0","0",,"0","005","-","N",,0,0,,,0,,,,"N",2,"A","-",21800,"C","N","A","H","-","C","A","0","Y","C","03",1,0,0,0,0,0,0,0,1,"-","-","BERKELEY","ALAMEDA","CA",0,0
"3593971",-122.280893153,37.8613243103,2008,"0103","0","2","3","09",0,1,"B",,"Y",,,,1800,1,"D","G","A","SACRAMENTO ST","BLAKE ST",0,,"Y","2008-07-16",103,"2008-01-29",1652,"117","3","5","6","0","0",,"0","014","-","N",,0,0,,,0,,,,"N",2,"A","-",21802,"A","N","B","H","-","A","A","0","Y","L","04",0,1,0,0,0,0,1,0,0,"-","-","BERKELEY","ALAMEDA","CA",0,0
"3593972",-122.273763154,37.8778152466,2008,"0103","0","7","4","10",0,1,"A","Y",,,,,1200,1,"G","B","B","M L KING JR WY","CEDAR ST",0,,"Y","2008-07-15",103,"2008-01-13",1052,"128","18","5","6","0","0",,"0","003","-","N",,0,0,,,0,,,,"N",2,"A","-",21950,"A","N","A","H","-","A","A","0","Y","A","01",0,0,1,0,1,0,0,0,0,"-","-","BERKELEY","ALAMEDA","CA",0,0
"3593975",-122.265993151,37.8678359985,2008,"0103","0","3","4","10",0,1,"A","Y",,,,,1200,1,"G","B","C","BANCROFT WY","FULTON ST",0,,"Y","2008-07-16",103,"2008-01-30",1031,"40","29","5","6","0","0",,"0","005","-","N",,0,0,,,0,,,,"N",2,"A","-",21950,"A","N","A","H","-","A","A","0","Y","A","01",0,0,1,0,1,0,0,0,0,"-","-","BERKELEY","ALAMEDA","CA",0,0
"3593976",-122.267314937,37.882232666,2008,"0103","0","7","4","03",0,2,"A",,,,,,1500,1,"C","C","A","OXFORD ST","ROSE ST",30,"S","N","2008-07-15",103,"2008-01-13",1311,"18","17","5","6","0","0",,"0","002","-","N",,0,0,,,0,,,,"N",2,"A","-",22350,,"N","A","H","-","A","A","0","Y","A","01",0,0,2,0,0,0,0,0,0,"-","-","BERKELEY","ALAMEDA","CA",0,0
"3593977",-122.27183315,37.8474960327,2008,"0103","0","6","4","03",0,1,"A",,,,,,1200,1,"C","C","A","MARTIN LUTHER KING JR WY","STANFORD AV",0,,"Y","2008-07-18",103,"2008-01-19",1100,"147","39","5","6","0","0",,"0","010","-","N",,0,0,,,0,,,,"N",2,"A","-",22350,,"N","A","H","-","A","A","0","Y","A","07",0,0,1,0,0,0,0,0,0,"-","-","BERKELEY","ALAMEDA","CA",0,0
"3593980",-122.290394023,37.863758572,2008,"0103","0","6","4","08",0,1,"A",,,,,,1500,1,"B","E","A","RT 123","CHAUCER ST",0,"N","N","2008-10-23",103,"2008-01-12",1405,"100","31","5","6","0","0",,"0","014","-","Y","ALA",4,123,"-","-",2.76,"H","-","N","N",2,"A","-",22107,,"N","A","H","-","A","D","0","Y","D","22",0,0,1,0,0,0,0,0,0,"-","-","BERKELEY","ALAMEDA","CA",0,0
"3593987",-122.267779759,37.866481781,2008,"0103","0","2","4","08",0,2,"A",,,,,,1500,1,"B","C","A","SHATTUCK AV","DURANT AV",70,"S","N","2008-07-16",103,"2008-01-01",1308,"147","29","5","6","0","0",,"0","005","-","N",,0,0,,,0,,,,"N",2,"A","-",22107,,"N","A","H","-","C","A","0","Y","D","22",0,0,2,0,0,0,0,0,0,"-","-","BERKELEY","ALAMEDA","CA",0,0
"3593993",-122.259373149,37.8586044312,2008,"0103","0","5","4","00",0,1,"A",,"Y",,,,2100,1,"H","-","A","TELEGRAPH AV","OREGON ST",0,"N","N","2008-07-18",103,"2008-01-18",1941,"23","36","5","6","0","0",,"0","009","-","N",,0,0,,,0,,,,"N",1,"D","-",0,,"N","A","H","-","C","A","0","Y","-","-",0,0,1,0,0,0,1,0,0,"-","-","BERKELEY","ALAMEDA","CA",0,0
"3593995",-122.27022432,37.85438722,2008,"0103","0","4","4","03",0,1,"C",,"Y",,,,2100,1,"C","G","A","ADELINE ST","RT 13",5,"S","N","2008-08-26",103,"2008-01-31",1937,"39","39","5","6","0","0",,"0","010","-","Y","ALA",4,13,"-","-",12.24,"I","6","S","N",2,"A","-",22350,,"F","B","H","-","C","A","0","Y","A","01",0,0,1,0,0,0,1,0,0,"-","-","BERKELEY","ALAMEDA","CA",0,0
"3593999",-122.283003155,37.87890625,2008,"0103","0","2","2","01",0,1,"B",,,,,"Y",600,1,"D","D","A","SACRAMENTO ST","ROSE ST",0,,"Y","2008-07-16",103,"2008-01-01",352,"24","19","5","6","0","0",,"0","018","-","N",,0,0,,,0,,,,"Y",2,"A","-",23152,,"N","A","H","-","C","A","0","Y","A","01",1,0,0,0,0,0,0,0,0,"-","-","BERKELEY","ALAMEDA","CA",0,0
"3594002",-122.253115031,37.857028145,2008,"0103","0","5","4","09",0,1,"C",,,,,,1500,1,"D","C","A","RT 13","BENVENUE AV",0,,"Y","2008-09-11",103,"2008-01-25",1206,"23","36","5","6","0","0",,"0","009","-","Y","ALA",4,13,"-","-",11.3,"I","5","N","N",2,"A","-",21802,"A","N","B","H","-","A","A","0","Y","A","01",0,0,1,0,0,0,0,0,0,"-","-","BERKELEY","ALAMEDA","CA",0,0