"CASEID","POINT_X","POINT_Y","YEAR_","LOCATION","CHPTYPE","DAYWEEK","CRASHSEV","VIOLCAT","KILLED","INJURED","WEATHER1","PEDCOL","BICCOL","MCCOL","TRUCKCOL","ETOH","TIMECAT","MONTH_","CRASHTYP","INVOLVE","PED","PRIMARYRD","SECONDRD","DISTANCE","DIRECT","INTERSECT_","PROCDATE","JURIS","DATE_","TIME_","BADGE","JURIDIST","SHIFT","POP","SPECIAL","BEATTYPE","LAPDDIV","BEATCLAS","BEATNUMB","WEATHER2","STATEHW","CALTRANC","CALTRAND","STROUTE","ROUTESUF","POSTPRE","POSTMILE","LOCATYPE","RAMP","SIDEHW","TOWAWAY","PARTIES","PCF","VIOLCODE","VIOL","VIOLSUB","HITRUN","ROADSURF","RDCOND1","RDCOND2","LIGHTING","RIGHTWAY","CHPRDTYP","NOTPRIV","STFAULT","CHPFAULT","SEVINJ","OTHERINJ","COP","PEDKILL","PEDINJ","BICKILL","BICINJ","MCKILL","MCINJURE","RAMP1","RAMP2","CITY","COUNTY","STATE","X_CHP","Y_CHP"
"3594017",-122.29178937,37.8530082703,2008,"0103","0","4","4","03",0,3,"B",,,,,,1800,1,"C","C","A","7TH ST","HEINZ AV",180,"S","N","2008-07-16",103,"2008-01-24",1652,"77","20","5","6","0","0",,"0","015","-","N",,0,0,,,0,,,,"N",4,"A","-",22350,,"F","B","H","-","A","D","0","Y","A","01",0,0,3,0,0,0,0,0,0,"-","-","BERKELEY","ALAMEDA","CA",0,0
"3594021",-122.27702946,37.853536427,2008,"0103","0","4","4","01",0,1,"B",,,,,"Y",2400,1,"A","C","A","ASHBY AV","CALIFORNIA ST",0,,"Y","2008-09-11",103,"2008-01-24",2356,"119",,"5","6","0","0",,"0","12","C","Y","ALA",4,13,"-","-",12.64,"I","5","N","Y",2,"A","-",23153,,"F","B","H","-","C","D","0","Y","A","01",0,0,1,0,0,0,0,0,0,"-","-","BERKELEY","ALAMEDA","CA",0,0
"3601263",-122.256633149,37.8556251526,2008,"0103","0","5","4","21",0,1,"C","Y",,,"Y",,900,1,"E","B","-","REGENT ST","WEBSTER ST",0,,"Y","2008-07-25",103,"2008-01-25",703,"6","39","5","6","0","0",,"0","009","-","N",,0,0,,,0,,,,"N",2,"A","-",22106,,"N","B","H","-","B","D","0","Y","F","25",0,0,1,0,1,0,0,0,0,"-","-","BERKELEY","ALAMEDA","CA",0,0
"3607863",-122.300640808,37.855003252,2008,"0103","1","2","4","03",0,1,"A",,,,,,1800,1,"C","C","A","RT 80","ASHBY AV",2000,"E","N","2008-09-17",9370,"2008-01-15",1750,"01871",,"2","6","0","1",,"2","081","-","Y","ALA",4,80,"-","-",4.96,"H","-","W","Y",3,"A","-",22350,,"N","A","H","-","D","D","6","Y","A","07",0,0,1,0,0,0,0,0,0,"-","-","BERKELEY","ALAMEDA","CA",0,0
"3607882",-122.303730994,37.866074414,2008,"0103","1","2","3","18",0,1,"B",,,,,,1200,1,"E","J","A","RT 80","UNIVERSITY AV",50,"W","N","2008-09-17",9370,"2008-01-29",1130,"15141",,"1","6","0","1",,"2","081","C","Y","ALA",4,80,"-","-",5.83,"H","-","W","N",1,"C","-",0,,"N","B","H","-","A","D","6","Y","-","-",0,1,0,0,0,0,0,0,0,"-","-","BERKELEY","ALAMEDA","CA",0,0
"3607905",-122.299632494,37.851400697,2008,"0103","1","1","4","03",0,2,"C",,,,,,1500,1,"C","C","A","RT 80","EAST ASHBY AV",670,"E","N","2008-09-16",9370,"2008-01-21",1420,"01881",,"2","6","0","1",,"2","081","-","Y","ALA",4,80,"-","-",4.71,"H","-","W","N",3,"A","-",22350,,"N","B","H","-","A","D","6","Y","A","01",0,0,2,0,0,0,0,0,0,"-","-","BERKELEY","ALAMEDA","CA",0,0
"3607920",-122.302383563,37.862143687,2008,"0103","1","1","4","03",0,1,"A",,,,,,1800,1,"C","C","A","RT 80","UNIVERSITY AV",1584,"W","N","2008-09-17",9370,"2008-01-28",1617,"18260",,"2","6","0","1",,"2","081","-","Y","ALA",4,80,"-","-",5.56,"H","-","E","N",3,"A","-",22350,,"N","A","H","-","A","D","6","Y","A","01",0,0,1,0,0,0,0,0,0,"-","-","BERKELEY","ALAMEDA","CA",0,0
"3608064",-122.304020202,37.866970008,2008,"0103","1","3","4","03",0,1,"A",,,,,,2100,1,"C","C","A","RT 80","UNIVERSITY AV",300,"E","N","2008-09-05",9370,"2008-01-02",1800,"01818",,"2","6","0","1",,"2","081","-","Y","ALA",4,80,"-","-",5.9,"H","-","W","Y",3,"A","-",22350,,"N","A","H","-","D","D","6","Y","A","01",0,0,1,0,0,0,0,0,0,"-","-","BERKELEY","ALAMEDA","CA",0,0
"3616115",-122.298814862,37.847786305,2008,"0103","1","4","1","08",1,0,"A",,,"Y","Y",,1500,2,"B","C","A","RT 80","ASHBY AV E",215,"W","N","2008-04-03",9370,"2008-02-28",1339,"01831",,"1","6","0","1",,"2","081","-","Y","ALA",4,80,"-","-",4.54,"H","-","W","Y",3,"A","-",22107,,"N","A","H","-","A","D","6","Y","C","02",0,0,0,0,0,0,0,1,0,"-","-","BERKELEY","ALAMEDA","CA",0,0
"3618777",-122.299999777,37.852716356,2008,"0103","1","5","4","03",0,1,"A",,,,,,1500,2,"C","C","A","RT 80","ASHBY AV",1056,"E","N","2008-09-29",9370,"2008-02-08",1210,"01827",,"1","6","0","1",,"2","081","-","Y","ALA",4,80,"-","-",4.78,"H","-","W","N",3,"A","-",22350,,"N","A","H","-","A","D","6","Y","A","01",0,0,1,0,0,0,0,0,0,"-","-","BERKELEY","ALAMEDA","CA",0,0
"3618822",-122.304203808,37.86859336,2008,"0103","1","5","4","03",0,1,"A",,,,,,1200,2,"C","C","A","RT 80","UNIVERSITY AV",500,"E","N","2008-09-29",9370,"2008-02-15",1140,"01100",,"1","6","0","1",,"2","081","-","Y","ALA",4,80,"-","-",5.93,"H","-","E","Y",3,"A","-",22350,,"N","A","H","-","A","D","6","Y","A","01",0,0,1,0,0,0,0,0,0,"-","-","BERKELEY","ALAMEDA","CA",0,0
"3618838",-122.302938949,37.864567903,2008,"0103","1","3","4","03",0,1,"A",,,,,,2100,2,"C","C","A","RT 80","UNIVERSITY AV",528,"W","N","2008-10-15",9370,"2008-02-13",1840,"18317",,"2","6","0","1",,"2","081","-","Y","ALA",4,80,"-","-",5.74,"H","-","E","Y",3,"A","-",22350,,"N","A","H","-","D","D","6","Y","A","01",0,0,1,0,0,0,0,0,0,"-","-","BERKELEY","ALAMEDA","CA",0,0
"3632487",-122.258303151,37.8752937317,2008,"0103","0","3","4","09",0,1,"A",,,,,,2100,2,"D","C","A","HEARST AV","LEROY AV",0,,"Y","2008-08-18",103,"2008-02-06",1821,"42","25","5","6","0","0",,"0","002","-","N",,0,0,,,0,,,,"N",2,"A","-",21802,"A","N","A","H","-","C","A","0","Y","D","22",0,0,1,0,0,0,0,0,0,"-","-","BERKELEY","ALAMEDA","CA",0,0
"3632488",-122.267693151,37.865776062,2008,"0103","0","7","4","03",0,1,"A",,,,,,1500,2,"C","C","A","SHATTUCK AV","CHANNING WY",0,,"Y","2008-08-18",103,"2008-02-10",1423,"116","29","5","6","0","0",,"0","005","-","N",,0,0,,,0,,,,"N",3,"A","-",22350,,"N","A","H","-","A","A","0","Y","A","07",0,0,1,0,0,0,0,0,0,"-","-","BERKELEY","ALAMEDA","CA",0,0
"3632494",-122.300286517,37.8721160889,2008,"0103","0","5","4","10",0,1,"A","Y",,,,,1800,2,"A","B","B","VIRGINIA ST","5TH ST",1,"W","N","2008-08-18",103,"2008-02-08",1726,"53","22","5","6","0","0",,"0","017","-","N",,0,0,,,0,,,,"N",2,"A","-",21950,"A","N","A","H","-","B","D","0","Y","-","-",0,0,1,0,1,0,0,0,0,"-","-","BERKELEY","ALAMEDA","CA",0,0
"3632502",-122.282303154,37.8721237183,2008,"0103","0","5","3","10",0,1,"A","Y",,,,,2100,2,"G","B","B","SACRAMENTO AV","HEARST AV",0,,"Y","2008-08-18",103,"2008-02-08",1811,"17","22","5","6","0","0",,"0","003","-","N",,0,0,,,0,,,,"N",2,"A","-",21950,"A","N","A","H","-","C","A","0","Y","A","07",0,1,0,0,1,0,0,0,0,"-","-","BERKELEY","ALAMEDA","CA",0,0
"3632504",-122.244017935,37.858075007,2008,"0103","0","3","4","03",0,1,"A",,,,,,1800,2,"B","C","A","CLAREMONT AV","RT 13",55,"N","N","2008-10-06",103,"2008-02-13",1514,"5","36","5","6","0","0",,"0","008","-","Y","ALA",4,13,"-","-",10.79,"I","6","N","N",2,"A","-",22350,,"N","A","H","-","A","A","0","Y","A","01",0,0,1,0,0,0,0,0,0,"-","-","BERKELEY","ALAMEDA","CA",0,0
"3632506",-122.25656342,37.856595892,2008,"0103","0","5","3","09",0,1,"B",,,,,,900,2,"D","D","A","RT 13","REGENT ST",0,,"Y","2008-10-23",103,"2008-02-08",849,"99","36","5","6","0","0",,"0","009","-","Y","ALA",4,13,"-","-",11.45,"I","5","S","Y",2,"A","-",21802,"A","N","A","H","-","A","A","0","Y","A","01",0,1,0,0,0,0,0,0,0,"-","-","BERKELEY","ALAMEDA","CA",0,0
"3632507",-122.295058815,37.877768417,2008,"0103","0","2","4","03",0,2,"A",,,,,,1500,2,"C","C","A","SAN PABLO AV","PAGE ST",27,"N","N","2008-10-07",103,"2008-02-05",1255,"135","21","5","6","0","0",,"0","017","-","Y","ALA",4,123,"-","-",3.78,"H","-","S","Y",2,"A","-",22350,,"N","A","H","-","A","A","0","Y","-","-",0,0,2,0,0,0,0,0,0,"-","-","BERKELEY","ALAMEDA","CA",0,0
"3632508",-122.254033148,37.8537254333,2008,"0103","0","6","4","09",0,1,"A",,"Y",,,,1800,2,"D","G","A","WOOLSEY ST","BENVENUE AV",0,,"Y","2008-08-18",103,"2008-02-09",1551,"23","39","5","6","0","0",,"0","009","-","N",,0,0,,,0,,,,"N",2,"A","-",21801,"A","N","A","H","-","A","D","0","Y","A","01",0,0,1,0,0,0,1,0,0,"-","-","BERKELEY","ALAMEDA","CA",0,0
"3632510",-122.267283151,37.8621444702,2008,"0103","0","4","4","08",0,1,"A",,,,,,1500,2,"B","C","A","PARKER ST","SHATTUCK AV",0,,"Y","2008-08-18",103,"2008-02-07",1244,"77","35","5","6","0","0",,"0","005","-","N",,0,0,,,0,,,,"N",2,"A","-",22100,"A","N","A","H","-","A","D","0","Y","A","01",0,0,1,0,0,0,0,0,0,"-","-","BERKELEY","ALAMEDA","CA",0,0
"3632511",-122.290712428,37.864724365,2008,"0103","0","1","4","-",0,2,"A",,,,,,1800,2,"C","C","A","RT 123","BANCROFT WY",0,,"Y","2008-10-23",103,"2008-02-04",1638,"68","32","5","6","0","0",,"0","014","-","Y","ALA",4,123,"-","-",2.83,"I","5","N","N",2,"A","-",0,,"N","A","H","-","A","D","0","Y","A","01",0,0,2,0,0,0,0,0,0,"-","-","BERKELEY","ALAMEDA","CA",0,0
"3632515",-122.275853151,37.8481445313,2008,"0103","0","1","3","09",0,2,"A",,,,,,1800,2,"D","C","A","ALCATRAZ AV","CALIFORNIA ST",0,,"Y","2008-09-24",103,"2008-02-04",1721,"124",,"5","6","0","0",,"0",,"-","N",,0,0,,,0,,,,"Y",2,"A","-",21802,"A","N","A","H","-","B","A","0","Y","A","01",0,1,1,0,0,0,0,0,0,"-","-","BERKELEY","ALAMEDA","CA",0,0
"3632516",-122.289334255,37.8709907532,2008,"0103","0","5","3","01",0,1,"A",,,,,"Y",300,2,"B","E","A","HEARST ST","CURTIS ST",122,"E","N","2008-08-15",103,"2008-02-22",12,"37","22","5","6","0","0",,"0","01V","-","N",,0,0,,,0,,,,"Y",2,"A","-",23152,,"M","A","H","-","C","A","0","Y","A","07",0,1,0,0,0,0,0,0,0,"-","-","BERKELEY","ALAMEDA","CA",0,0
"3632518",-122.261924379,37.8528175354,2008,"0103","0","4","3","06",0,1,"A",,"Y",,,,2100,2,"B","G","A","DEAKIN ST","WOOLSEY ST",30,"N","N","2008-08-18",103,"2008-02-07",1816,"141","39","5","6","0","0",,"0","009","-","N",,0,0,,,0,,,,"N",2,"A","-",21755,,"N","A","H","-","C","D","0","Y","L","04",0,1,0,0,0,0,1,0,0,"-","-","BERKELEY","ALAMEDA","CA",0,0
"3632519",-122.276413155,37.8880462646,2008,"0103","0","1","4","09",0,1,"A",,"Y",,,,2100,2,"D","G","A","THE ALAMEDA","MONTEREY AV",0,,"Y","2008-08-18",103,"2008-02-04",1855,"18","13","5","6","0","0",,"0","001","-","N",,0,0,,,0,,,,"N",2,"A","-",21801,"A","N","A","H","-","C","A","0","Y","A","01",0,0,1,0,0,0,1,0,0,"-","-","BERKELEY","ALAMEDA","CA",0,0
"3632522",-122.273223153,37.8733444214,2008,"0103","0","4","4","03",0,1,"A",,,,,,2100,2,"C","C","A","MARTIN LUTHER KING JR WY","HEARST AV",0,,"Y","2008-08-18",103,"2008-02-07",1804,"17","24","5","6","0","0",,"0","003","-","N",,0,0,,,0,,,,"N",3,"A","-",22350,,"M","A","H","-","C","A","0","Y","-","99",0,0,1,0,0,0,0,0,0,"-","-","BERKELEY","ALAMEDA","CA",0,0
"3632524",-122.268623473,37.8491020203,2008,"0103","0","6","4","03",0,1,"A",,"Y",,,,1800,2,"C","E","A","ALCATRAZ AV","DOVER ST",152,"E","N","2008-08-18",103,"2008-02-09",1509,"99","39","5","6","0","0",,"0","010","-","N",,0,0,,,0,,,,"N",2,"A","-",22350,,"N","A","H","-","A","D","0","Y","L","04",0,0,1,0,0,0,1,0,0,"-","-","BERKELEY","ALAMEDA","CA",0,0
"3632527",-122.266464885,37.8546562195,2008,"0103","0","5","4","04",0,1,"A",,,,,,1500,2,"C","C","A","SHATTUCK AV","EMERSON ST",37,"N","N","2008-08-18",103,"2008-02-15",1402,"124","34","5","6","0","0",,"0","010","-","N",,0,0,,,0,,,,"Y",3,"A","-",21703,,"N","A","H","-","A","A","0","Y","A","01",0,0,1,0,0,0,0,0,0,"-","-","BERKELEY","ALAMEDA","CA",0,0
"3632528",-122.273763154,37.8778152466,2008,"0103","0","1","4","09",0,1,"A",,,,,,1500,2,"D","C","A","MARTIN LUTHER KING JR WY","CEDAR ST",0,,"Y","2008-08-18",103,"2008-02-18",1214,"128","3","5","6","0","0",,"0","018","-","N",,0,0,,,0,,,,"N",2,"A","-",21801,"A","N","A","H","-","A","A","0","Y","A","01",0,0,1,0,0,0,0,0,0,"-","-","BERKELEY","ALAMEDA","CA",0,0
"3632531",-122.267738751,37.869430542,2008,"0103","0","5","4","17",0,1,"A",,"Y",,,,1800,2,"H","G","A","ALLSTON WY","SHATTUCK AV",107,"E","N","2008-08-18",103,"2008-02-15",1648,"57","29","5","6","0","0",,"0","004","-","N",,0,0,,,0,,,,"N",2,"A","-",22517,,"N","A","H","-","A","D","0","Y","-","-",0,0,1,0,0,0,1,0,0,"-","-","BERKELEY","ALAMEDA","CA",0,0
"3632534",-122.297919223,37.8679924011,2008,"0103","0","7","4","08",0,1,"B",,,,,,1200,2,"B","C","A","UNIVERSITY AV","6TH ST",53,"W","N","2008-08-18",103,"2008-02-03",943,"94","21","5","6","0","0",,"0","006","-","N",,0,0,,,0,,,,"Y",2,"A","-",22107,,"N","A","H","-","A","D","0","Y","A","01",0,0,1,0,0,0,0,0,0,"-","-","BERKELEY","ALAMEDA","CA",0,0
"3632540",-122.268973153,37.8766059875,2008,"0103","0","2","4","03",0,1,"C",,,,,,2100,2,"C","C","A","SHATTUCK AV","VIRGINIA ST",0,,"Y","2008-08-15",103,"2008-02-19",1828,"136","24","5","6","0","0",,"0","003","-","N",,0,0,,,0,,,,"N",2,"A","-",22350,,"N","B","H","-","C","D","0","Y","A","01",0,0,1,0,0,0,0,0,0,"-","-","BERKELEY","ALAMEDA","CA",0,0
"3632543",-122.294560325,37.876552113,2008,"0103","0","1","4","17",0,1,"A",,"Y",,,,1800,2,"C","G","A","RT 123","JONES ST",48,"N","N","2008-10-23",103,"2008-02-04",1542,"64","19","5","6","0","0",,"0","017","-","Y","ALA",4,123,"-","-",3.69,"H","-","N","N",2,"A","-",22517,,"N","A","H","-","A","D","0","Y","A","01",0,0,1,0,0,0,1,0,0,"-","-","BERKELEY","ALAMEDA","CA",0,0
"3632546",-122.297743156,37.8680343628,2008,"0103","0","5","4","03",0,1,"B",,,,,,1500,2,"C","C","A","UNIVERSITY AV","6TH ST",0,,"Y","2008-08-18",103,"2008-02-01",1250,"94","21","5","6","0","0",,"0","016","-","N",,0,0,,,0,,,,"Y",3,"A","-",22350,,"N","A","H","-","A","A","0","Y","A","01",0,0,1,0,0,0,0,0,0,"-","-","BERKELEY","ALAMEDA","CA",0,0
"3632547",-122.280023154,37.8724136353,2008,"0103","0","4","4","12",0,1,"A",,"Y",,,,1800,2,"D","G","A","HEARST AV","CALIFORNIA ST",0,,"Y","2008-08-18",103,"2008-02-14",1647,"17","23","5","6","0","0",,"0","003","-","N",,0,0,,,0,,,,"N",2,"A","-",22450,,"N","A","H","-","B","A","0","Y","L","04",0,0,1,0,0,0,1,0,0,"-","-","BERKELEY","ALAMEDA","CA",0,0
"3632548",-122.279970559,37.8897857666,2008,"0103","0","6","4","03",0,1,"A",,,,,,1500,2,"C","D","A","MARIN AV","MODOC AV",24,"E","N","2008-08-18",103,"2008-02-16",1335,"007","12","5","6","0","0",,"0","001","-","N",,0,0,,,0,,,,"Y",2,"A","-",22350,,"N","A","H","-","A","D","0","Y","A","01",0,0,1,0,0,0,0,0,0,"-","-","BERKELEY","ALAMEDA","CA",0,0
"3632556",-122.252845338,37.8548851013,2008,"0103","0","7","3","10",0,1,"A","Y",,,,,1200,2,"G","B","B","COLLEGE AV","PRINCE ST",8,"N","N","2008-08-18",103,"2008-02-17",1119,"123","38","5","6","0","0",,"0","008","-","N",,0,0,,,0,,,,"N",2,"A","-",21950,"A","N","A","H","-","A","D","0","Y","A","08",0,1,0,0,1,0,0,0,0,"-","-","BERKELEY","ALAMEDA","CA",0,0
"3632559",-122.267633152,37.8749542236,2008,"0103","0","5","3","10",0,1,"A","Y",,,,,1200,2,"G","B","F","WALNUT ST","DELAWARE ST",0,,"Y","2008-08-18",103,"2008-02-15",1140,"147","24","5","6","0","0",,"0","002","-","N",,0,0,,,0,,,,"N",2,"A","-",21952,,"N","A","H","-","A","D","0","Y","-","-",0,1,0,0,1,0,0,0,0,"-","-","BERKELEY","ALAMEDA","CA",0,0
"3632561",-122.272683152,37.8688049316,2008,"0103","0","7","4","12",0,1,"C",,,,,,900,2,"D","C","A","MARTIN LUTHER KING JR WY","ALLSTON WY",0,,"Y","2008-08-18",103,"2008-02-24",830,"128","30","5","6","0","0",,"0","004","-","N",,0,0,,,0,,,,"Y",2,"A","-",21453,"A","N","B","H","-","A","A","0","Y","A","01",0,0,1,0,0,0,0,0,0,"-","-","BERKELEY","ALAMEDA","CA",0,0
"3632562",-122.266186318,37.8722343445,2008,"0103","0","4","3","17",0,1,"A",,"Y",,,,1500,2,"-","G","A","OXFORD ST","UNIVERSITY AV",88,"S","N","2008-08-12",103,"2008-02-28",1409,"6","24","5","6","0","0",,"0","003","-","N",,0,0,,,0,,,,"N",3,"A","-",22517,,"N","A","H","-","A","D","0","Y","A","01",0,1,0,0,0,0,1,0,0,"-","-","BERKELEY","ALAMEDA","CA",0,0
"3632566",-122.26758006,37.8593292236,2008,"0103","0","7","4","08",0,1,"B",,,,,,300,2,"B","E","A","ADELINE ST","WARD ST",6,"S","N","2008-08-18",103,"2008-02-24",157,"44","35","5","6","0","0",,"0","010","-","N",,0,0,,,0,,,,"N",2,"A","-",22107,,"N","B","H","-","C","A","0","Y","A","01",0,0,1,0,0,0,0,0,0,"-","-","BERKELEY","ALAMEDA","CA",0,0
"3632578",-122.272525545,37.8688240051,2008,"0103","0","3","3","03",0,1,"A",,,,,,900,2,"F","I","A","ALLSTON WY","MARTIN LUTHER KING JR WY",46,"E","N","2008-08-13",103,"2008-02-27",803,"6","26","5","6","0","0",,"0","002","-","N",,0,0,,,0,,,,"Y",1,"A","-",22350,,"N","A","H","-","A","A","0","Y","A","07",0,1,0,0,0,0,0,0,0,"-","-","BERKELEY","ALAMEDA","CA",0,0
"3632581",-122.258598942,37.8543243408,2008,"0103","0","6","4","-",0,1,"B",,,,,"Y",300,2,"A","E","A","DANA ST","DOWLING PL",96,"S","N","2008-08-18",103,"2008-02-23",238,"126","39","5","6","0","0",,"0","009","-","N",,0,0,,,0,,,,"Y",3,"A","-",0,,"N","A","H","-","C","A","0","Y","A","01",0,0,1,0,0,0,0,0,0,"-","-","BERKELEY","ALAMEDA","CA",0,0
"3632585",-122.303711261,37.8682670593,2008,"0103","0","6","3","09",0,1,"C",,,,,,2100,2,"D","C","A","HEARST AV","EASTSHORE HWY",26,"E","N","2008-08-18",103,"2008-02-23",1917,"101","0142","5","6","0","0",,"0","016","G","N",,0,0,,,0,,,,"Y",2,"A","-",21802,"A","N","B","H","-","C","D","0","Y","A","01",0,1,0,0,0,0,0,0,0,"-","-","BERKELEY","ALAMEDA","CA",0,0
"3632586",-122.295808751,37.8499412537,2008,"0103","0","3","3","21",0,1,"A",,,"Y",,,1200,2,"D","C","A","BAY ST","POTTER ST",186,"S","N","2008-08-12",103,"2008-02-27",1041,"3","20","5","6","0","0",,"0","015","-","N",,0,0,,,0,,,,"Y",2,"A","-",22106,,"N","A","H","-","A","D","0","Y","A","01",0,1,0,0,0,0,0,0,1,"-","-","BERKELEY","ALAMEDA","CA",0,0
"3632590",-122.261483151,37.8684234619,2008,"0103","0","3","4","10",0,1,"A","Y",,,,,1500,2,"G","B","C","BANCROFT WY","DANA ST",0,,"Y","2008-08-12",103,"2008-02-27",1253,"40","29","5","6","0","0",,"0","005","-","N",,0,0,,,0,,,,"N",2,"A","-",21950,"A","N","A","H","-","A","D","0","Y","A","01",0,0,1,0,1,0,0,0,0,"-","-","BERKELEY","ALAMEDA","CA",0,0
"3632594",-122.278992878,37.8502960205,2008,"0103","0","3","3","08",0,1,"A",,"Y","Y",,"Y",2100,2,"E","E","A","66TH ST","SACRAMENTO ST",156,"W","N","2008-08-12",103,"2008-02-27",2043,"151",,"5","6","0","0",,"0","013","-","N",,0,0,,,0,,,,"N",2,"A","-",22107,,"N","A","H","-","C","D","0","Y","L","04",0,1,0,0,0,0,1,0,0,"-","-","BERKELEY","ALAMEDA","CA",0,0
"3632605",-122.267133155,37.8950767517,2008,"0103","0","5","4","09",0,1,"B",,,,,,1200,2,"D","D","A","CRAGMONT AV","ROCK LN",0,,"Y","2008-08-18",103,"2008-02-22",1143,"147","11","5","6","0","0",,"0","001","-","N",,0,0,,,0,,,,"Y",2,"A","-",21800,"B","F","B","H","-","A","D","0","Y","A","01",0,0,1,0,0,0,0,0,0,"-","-","BERKELEY","ALAMEDA","CA",0,0
"3632606",-122.275731375,37.8909759521,2008,"0103","0","2","4","03",0,1,"A",,,,,,1800,2,"C","C","A","SOLANO AV","CONTRA COSTA AV",57,"W","N","2008-08-13",103,"2008-02-26",1748,"42","12","5","6","0","0",,"0","001","-","N",,0,0,,,0,,,,"N",2,"A","-",22350,,"N","A","H","-","A","D","0","Y","A","01",0,0,1,0,0,0,0,0,0,"-","-","BERKELEY","ALAMEDA","CA",0,0
"3632609",-122.258833152,37.8797340393,2008,"0103","0","4","4","10",0,1,"C","Y",,,,,1200,2,"-","B","B","CEDAR","LE ROY",0,,"Y","2008-08-18",103,"2008-02-21",915,"16","16","5","6","0","0",,"0","002","-","N",,0,0,,,0,,,,"N",2,"A","-",21950,"A","N","B","H","-","A","A","0","Y","A","01",0,0,1,0,1,0,0,0,0,"-","-","BERKELEY","ALAMEDA","CA",0,0
"3632610",-122.271123154,37.8836555481,2008,"0103","0","2","4","-",0,1,"A",,,,,,2100,2,"D","C","A","HENRY ST","BERRYMAN ST",0,,"Y","2008-08-19",103,"2008-02-26",1915,"136","17","5","6","0","0",,"0","001","-","N",,0,0,,,0,,,,"Y",2,"A","-",0,,"N","A","H","-","C","A","0","Y","A","01",0,0,1,0,0,0,0,0,0,"-","-","BERKELEY","ALAMEDA","CA",0,0
"3632622",-122.279944154,37.8475952148,2008,"0103","0","1","4","03",0,1,"A",,,,,"Y",900,2,"C","C","A","ALCATRAZ AV","BAKER ST",100,"W","N","2008-08-13",103,"2008-02-25",805,"131","C40","5","6","0","0",,"0","B13","-","N",,0,0,,,0,,,,"Y",3,"A","-",22350,,"N","-","H","-","A","D","0","Y","A","01",0,0,1,0,0,0,0,0,0,"-","-","BERKELEY","ALAMEDA","CA",0,0
"3632625",-122.292488637,37.870241454,2008,"0103","0","2","4","03",0,1,"C",,,,,,2100,2,"C","D","A","RT 123","HEARST AV",26,"S","N","2008-10-23",103,"2008-02-19",1942,"10","22","5","6","0","0",,"0","018","-","Y","ALA",4,123,"-","-",3.23,"H","-","N","Y",2,"A","-",22350,,"N","B","H","-","C","D","0","Y","A","01",0,0,1,0,0,0,0,0,0,"-","-","BERKELEY","ALAMEDA","CA",0,0
"3632626",-122.271557221,37.8652801514,2008,"0103","0","1","3","04",0,1,"A",,"Y",,,,1200,2,"C","G","A","CHANNING WY","M L KING JR WY",218,"E","N","2008-08-14",103,"2008-02-25",939,"40","29","5","6","0","0",,"0","005","-","N",,0,0,,,0,,,,"N",2,"A","-",21703,,"N","A","H","-","A","D","0","Y","L","04",0,1,0,0,0,0,1,0,0,"-","-","BERKELEY","ALAMEDA","CA",0,0
"3632629",-122.26765867,37.8648529053,2008,"0103","0","2","4","-",0,1,"C","Y",,,,,2100,2,"G","B","B","HASTE ST","SHATTUCK AV",25,"W","N","2008-08-18",103,"2008-02-19",2034,"149","C29","5","6","0","0",,"0","005","-","N",,0,0,,,0,,,,"N",2,"A","-",0,,"N","B","H","-","C","A","0","Y","A",,0,0,1,0,1,0,0,0,0,"-","-","BERKELEY","ALAMEDA","CA",0,0
"3632637",-122.287693891,37.854836085,2008,"0103","0","2","4","01",0,1,"B",,,,,,2400,2,"E","I","A","RT 123","OREGON ST",0,,"Y","2008-10-23",103,"2008-02-19",2256,"144","20","5","6","0","0",,"0","015","C","Y","ALA",4,123,"-","-",2.11,"H","-","S","Y",1,"A","-",23152,"A","N","B","H","-","C","D","0","Y","A","01",0,0,1,0,0,0,0,0,0,"-","-","BERKELEY","ALAMEDA","CA",0,0
"3637066",-122.304366276,37.868031701,2008,"0103","1","7","4","03",0,1,"A",,,,,,1200,2,"C","C","A","RT 80","UNIVERSITY AV",30,"W","N","2008-11-19",9370,"2008-02-10",1040,"01857",,"1","6","0","1",,"2","081","-","Y","ALA",4,80,"-","-",5.983,"R","1","W","N",2,"A","-",22350,,"N","A","H","-","A","D","6","Y","A","01",0,0,1,0,0,0,0,0,0,"T","-","BERKELEY","ALAMEDA","CA",0,0
"3640427",-122.276015999,37.8712310791,2007,"0103","0","3","4","18",0,1,"A",,,,,,1200,11,"C","C","A","UNIVERSITY AV","GRANT ST",200,"W","N","2008-05-27",103,"2007-11-07",1059,"84","29","5","6","0","0",,"0","003","-","N",,0,0,,,0,,,,"Y",3,"C","-",0,,"M","A","H","-","A","D","0","Y","-","-",0,0,1,0,0,0,0,0,0,"-","-","BERKELEY","ALAMEDA","CA",0,0
"3641193",-122.300750143,37.856191438,2008,"0103","1","1","3","03",0,2,"A",,,,"Y",,900,3,"B","C","A","RT 80","ASHBY AV",2640,"E","N","2008-11-12",9370,"2008-03-03",720,"01052",,"1","6","0","1",,"2","081","-","Y","ALA",4,80,"-","-",5.08,"H","-","E","Y",5,"A","-",22350,,"M","A","H","-","A","D","6","Y","A","01",0,2,0,0,0,0,0,0,0,"-","-","BERKELEY","ALAMEDA","CA",0,0