"CASEID","POINT_X","POINT_Y","YEAR_","LOCATION","CHPTYPE","DAYWEEK","CRASHSEV","VIOLCAT","KILLED","INJURED","WEATHER1","PEDCOL","BICCOL","MCCOL","TRUCKCOL","ETOH","TIMECAT","MONTH_","CRASHTYP","INVOLVE","PED","PRIMARYRD","SECONDRD","DISTANCE","DIRECT","INTERSECT_","PROCDATE","JURIS","DATE_","TIME_","BADGE","JURIDIST","SHIFT","POP","SPECIAL","BEATTYPE","LAPDDIV","BEATCLAS","BEATNUMB","WEATHER2","STATEHW","CALTRANC","CALTRAND","STROUTE","ROUTESUF","POSTPRE","POSTMILE","LOCATYPE","RAMP","SIDEHW","TOWAWAY","PARTIES","PCF","VIOLCODE","VIOL","VIOLSUB","HITRUN","ROADSURF","RDCOND1","RDCOND2","LIGHTING","RIGHTWAY","CHPRDTYP","NOTPRIV","STFAULT","CHPFAULT","SEVINJ","OTHERINJ","COP","PEDKILL","PEDINJ","BICKILL","BICINJ","MCKILL","MCINJURE","RAMP1","RAMP2","CITY","COUNTY","STATE","X_CHP","Y_CHP"
"3645234",-122.272093152,37.8633651733,2008,"0103","0","7","4","09",0,1,"A",,,,,,1500,1,"A","C","A","MARTIN LUTHER KING JR WY","DWIGHT WY",0,,"Y","2008-08-08",103,"2008-01-20",1334,"17","30","5","6","0","0",,"0","005","-","N",,0,0,,,0,,,,"Y",2,"A","-",21801,"A","N","A","H","-","A","A","0","Y","A","01",0,0,1,0,0,0,0,0,0,"-","-","BERKELEY","ALAMEDA","CA",0,0
"3645269",-122.251657697,37.865901947,2008,"0103","0","4","4","03",0,1,"C",,,,,,1800,1,"C","E","A","DWIGHT WY","PIEDMONT AV",10,"W","N","2008-07-29",103,"2008-01-31",1601,"48","27","5","6","0","0",,"0","006","-","N",,0,0,,,0,,,,"Y",2,"A","-",22350,,"N","B","H","-","A","D","0","Y","A","01",0,0,1,0,0,0,0,0,0,"-","-","BERKELEY","ALAMEDA","CA",0,0
"3645273",-122.272093152,37.8633651733,2008,"0103","0","7","4","03",0,1,"A",,,,,,1500,1,"C","C","A","MARTIN LUTHER KING JR WY","DWIGHT WY",0,,"Y","2008-07-29",103,"2008-01-20",1333,"17","30","5","6","0","0",,"0","005","-","N",,0,0,,,0,,,,"Y",2,"A","-",22350,,"N","-","H","-","A","A","0","Y","A","01",0,0,1,0,0,0,0,0,0,"-","-","BERKELEY","ALAMEDA","CA",0,0
"3648600",-122.291783156,37.8764343262,2007,"0103","0","7","4","21",0,1,"A",,,,,,1500,12,"D","C","A","HOPKINS ST","CORNELL AV",0,,"Y","2008-06-13",103,"2007-12-23",1257,"137","19","5","6","0","0",,"0","018","-","N",,0,0,,,0,,,,"Y",2,"A","-",22106,,"N","A","H","-","A","D","0","Y","A","01",0,0,1,0,0,0,0,0,0,"-","-","BERKELEY","ALAMEDA","CA",0,0
"3648616",-122.278033153,37.8644447327,2007,"0103","0","6","4","21",0,1,"B",,,,,,1200,12,"D","C","A","CHANNING WY","JEFFERSON AV",0,,"Y","2008-06-13",103,"2007-12-22",913,"106","30","5","6","0","0",,"0","005","-","N",,0,0,,,0,,,,"N",2,"A","-",22106,,"N","A","H","-","A","A","0","Y","-","-",0,0,1,0,0,0,0,0,0,"-","-","BERKELEY","ALAMEDA","CA",0,0
"3648640",-122.294150733,37.87531821,2007,"0103","0","5","4","05",0,1,"A",,"Y",,,,1800,12,"D","G","A","RT 123","CEDAR ST",0,,"Y","2008-07-25",103,"2007-12-21",1608,"6","21","5","6","0","0",,"0","017","-","Y","ALA",4,123,"-","-",3.6,"I","6","N","N",2,"A","-",21650,"1","N","A","H","-","A","A","0","Y","L","04",0,0,1,0,0,0,1,0,0,"-","-","BERKELEY","ALAMEDA","CA",0,0
"3649690",-122.269818583,37.854422106,2007,"0103","0","4","4","09",0,1,"A",,"Y",,,,1500,12,"D","G","A","RT 13","ADELLE ST",0,,"Y","2008-07-28",103,"2007-12-20",1200,"9","39","5","6","0","0",,"0","010","-","Y","ALA",4,13,"-","-",12.24,"I","5","N","N",2,"A","-",21804,,"N","A","H","-","A","A","0","Y","L","04",0,0,1,0,0,0,1,0,0,"-","-","BERKELEY","ALAMEDA","CA",0,0
"3649710",-122.260523152,37.8769454956,2007,"0103","0","7","4","12",0,1,"A",,,,,,2100,12,"D","C","A","EUCLID DR","LECONTE AV",0,,"Y","2008-06-13",103,"2007-12-23",2041,"42","25","5","6","0","0",,"0","002","-","N",,0,0,,,0,,,,"N",2,"A","-",22450,"A","N","A","H","-","C","A","0","Y","A","01",0,0,1,0,0,0,0,0,0,"-","-","BERKELEY","ALAMEDA","CA",0,0
"3653531",-122.262184878,37.855849778,2008,"0103","0","2","4","09",0,1,"A",,"Y",,,,900,2,"D","G","A","RT 13","DEAKIN ST",0,,"Y","2008-11-14",103,"2008-02-12",820,"98","39","5","6","0","0",,"0","009","-","Y","ALA",4,13,"-","-",11.77,"I","5","S","N",2,"A","-",21802,"A","N","A","H","-","A","A","0","Y","L","04",0,0,1,0,0,0,1,0,0,"-","-","BERKELEY","ALAMEDA","CA",0,0
"3656008",-122.286320815,37.850821943,2008,"0103","0","2","4","08",0,2,"A",,,,,,900,3,"B","E","A","RT 123","HASKELL ST",15,"N","N","2008-11-24",103,"2008-03-04",829,"131","C40","5","6","0","0",,"0","B13","-","Y","ALA",4,123,"-","-",1.82,"H","-","N","Y",2,"A","-",22107,,"N","A","H","-","A","D","0","Y","I","11",0,0,2,0,0,0,0,0,0,"-","-","BERKELEY","ALAMEDA","CA",0,0
"3656076",-122.278923156,37.8895568848,2007,"0103","0","1","1","10",1,0,"A","Y",,,,,1200,12,"G","B","B","MARIN AV","COLUSA AV",0,,"Y","2008-04-18",103,"2007-12-31",942,"92","13","5","6","0","0",,"0","001","-","N",,0,0,,,0,,,,"N",2,"A","-",21950,"A","N","A","H","-","A","A","0","Y","A","01",0,0,0,1,0,0,0,0,0,"-","-","BERKELEY","ALAMEDA","CA",0,0
"3659555",-122.30275867,37.863893558,2008,"0103","1","4","4","04",0,1,"A",,,,,,1800,3,"C","C","A","RT 80","UNIVERSITY AV",742,"W","N","2008-10-06",9370,"2008-03-20",1628,"18331",,"2","6","0","1",,"2","081","-","Y","ALA",4,80,"-","-",5.7,"H","-","E","Y",4,"A","-",21703,,"N","A","H","-","A","D","6","Y","A","07",0,0,1,0,0,0,0,0,0,"-","-","BERKELEY","ALAMEDA","CA",0,0
"3659563",-122.307247554,37.877322628,2008,"0103","1","4","3","03",0,3,"A",,,,,,1800,3,"C","C","A","RT 80","GILMAN ST",100,"W","N","2008-10-06",9370,"2008-03-20",1610,"18317",,"2","6","0","1",,"2","081","-","Y","ALA",4,80,"-","-",6.6,"H","-","W","Y",5,"A","-",22350,,"N","A","H","-","A","D","6","Y","A","08",0,1,2,0,0,0,0,0,0,"-","-","BERKELEY","ALAMEDA","CA",0,0
"3667327",-122.302316473,37.861895516,2008,"0103","1","2","4","03",0,1,"A",,,,,,1200,3,"C","C","A","RT 80","UNIVERSITY AV",1584,"W","N","2008-10-06",9370,"2008-03-04",900,"01419",,"1","6","0","1",,"2","081","-","Y","ALA",4,80,"-","-",5.54,"H","-","E","Y",2,"A","-",22350,,"N","A","H","-","A","D","6","Y","A","08",0,0,1,0,0,0,0,0,0,"-","-","BERKELEY","ALAMEDA","CA",0,0
"3686488",-122.300760946,37.8774147034,2008,"0103","0","2","3","08",0,1,"A",,,,,,900,3,"B","E","A","6TH ST","CAMELIA ST",72,"S","N","2008-10-14",103,"2008-03-11",702,"83","20","5","6","0","0",,"0","017","-","N",,0,0,,,0,,,,"Y",4,"A","-",22107,,"N","A","H","-","C","D","0","Y","D","22",0,1,0,0,0,0,0,0,0,"-","-","BERKELEY","ALAMEDA","CA",0,0
"3686492",-122.259847347,37.8552970886,2008,"0103","0","1","3","06",0,1,"B",,,"Y",,,2100,3,"B","C","A","TELEGRAPH AV","WEBSTER ST",41,"N","N","2008-10-20",103,"2008-03-10",1959,"117","39","5","6","0","0",,"0","009","-","N",,0,0,,,0,,,,,2,"A","-",21755,,"N","A","H","-","C","A","0","Y","C","02",0,1,0,0,0,0,0,0,1,"-","-","BERKELEY","ALAMEDA","CA",0,0
"3686495",-122.289503432,37.860997838,2008,"0103","0","1","4","03",0,1,"A",,,,,"Y",1500,3,"C","C","A","RT 123","DWIGHT WY",0,,"Y","2008-11-19",103,"2008-03-03",1317,"131","C33","5","6","0","0",,"0","B14","-","Y","ALA",4,123,"-","-",2.56,"H","-","N","N",2,"A","-",22350,,"F","A","H","-","A","A","0","Y","A","01",0,0,1,0,0,0,0,0,0,"-","-","BERKELEY","ALAMEDA","CA",0,0
"3686503",-122.271793151,37.8606452942,2008,"0103","0","7","3","01",0,3,"A",,,,,"Y",300,3,"D","C","A","MARTIN LUTHER KING JR WY","CARLETON ST",0,,"Y","2008-10-15",103,"2008-03-02",136,"155","34","5","6","0","0",,"0","012","-","N",,0,0,,,0,,,,"Y",2,"A","-",23153,"A","N","A","H","-","C","D","0","Y","A","01",0,1,2,0,0,0,0,0,0,"-","-","BERKELEY","ALAMEDA","CA",0,0
"3686507",-122.297022713,37.8619842529,2008,"0103","0","6","3","08",0,1,"A",,"Y",,,"Y",1800,3,"B","E","A","5TH ST","CHANNING WY",174,"N","N","2008-10-14",103,"2008-03-01",1645,"24","20","5","6","0","0",,"0","015","-","N",,0,0,,,0,,,,"N",2,"A","-",22107,,"N","A","H","-","A","D","0","Y","L","04",0,1,0,0,0,0,1,0,0,"-","-","BERKELEY","ALAMEDA","CA",0,0
"3686512",-122.300053157,37.8752861023,2008,"0103","0","4","4","09",0,1,"A",,,,,,1200,3,"A","C","A","6TH ST","JONES ST",0,,"Y","2008-10-15",103,"2008-03-13",1130,"83","21","5","6","0","0",,"0","017","-","N",,0,0,,,0,,,,"Y",2,"A","-",21802,"A","N","A","H","-","A","A","0","Y","A","01",0,0,1,0,0,0,0,0,0,"-","-","BERKELEY","ALAMEDA","CA",0,0
"3686515",-122.288793156,37.8759155273,2008,"0103","0","3","4","00",0,1,"A",,,,,,900,3,"A","C","A","CEDAR ST","CHESTNUT ST",0,,"Y","2008-10-15",103,"2008-03-05",746,"83","19","5","6","0","0",,"0","018","-","N",,0,0,,,0,,,,"Y",2,"D","-",0,,"N","A","H","-","A","A","0","Y","-","-",0,0,1,0,0,0,0,0,0,"-","-","BERKELEY","ALAMEDA","CA",0,0
"3686519",-122.271355492,37.8607025146,2008,"0103","0","2","4","21",0,1,"A",,,"Y",,,1800,3,"D","C","A","CARLETON ST","MARTIN LUTHER KING JR WY",128,"E","N","2008-10-14",103,"2008-03-04",1601,"6","34","5","6","0","0",,"0","010","-","N",,0,0,,,0,,,,"N",2,"A","-",22106,,"N","A","H","-","A","D","0","Y","A","01",0,0,1,0,0,0,0,0,1,"-","-","BERKELEY","ALAMEDA","CA",0,0
"3686543",0,0,2008,"0103","0","5","3","21",0,1,"B","Y",,,,"Y",2400,3,"C","E","E","BANCROFT WY","OXFORD ST",114,"W","N","2008-10-15",103,"2008-03-07",2238,"57","29","5","6","0","0",,"0","004","-","N",,0,0,,,0,,,,"Y",3,"A","-",22106,,"N","A","H","-","C","D","0","Y","A","08",0,1,0,0,1,0,0,0,0,"-","-","BERKELEY","ALAMEDA","CA",0,0
"3686544",-122.261483151,37.8684234619,2008,"0103","0","5","3","08",0,1,"C",,"Y",,,,2100,3,"C","G","A","BANCROFT WY","DANA ST",0,,"Y","2008-10-15",103,"2008-03-14",1923,"37","28","5","6","0","0",,"0","006","-","N",,0,0,,,0,,,,"N",2,"A","-",22107,,"F","B","H","-","C","A","0","Y","L","04",0,1,0,0,0,0,1,0,0,"-","-","BERKELEY","ALAMEDA","CA",0,0
"3686547",-122.266154188,37.8820304871,2008,"0103","0","3","3","03",0,1,"A",,"Y",,,,1800,3,"C","G","A","SPRUCE ST","ROSE ST",159,"S","N","2008-10-15",103,"2008-03-05",1722,"4","17","5","6","0","0",,"0","002","-","N",,0,0,,,0,,,,"N",2,"A","-",22350,,"N","A","H","-","A","A","0","Y","L","04",0,1,0,0,0,0,1,0,0,"-","-","BERKELEY","ALAMEDA","CA",0,0
"3686555",-122.270353152,37.8682136536,2008,"0103","0","4","4","08",0,1,"A","Y",,,,,1800,3,"G","B","B","MILVIA ST","KITTREDGE ST",0,,"Y","2008-10-14",103,"2008-03-06",1605,"58","29","5","6","0","0",,"0","004","-","N",,0,0,,,0,,,,"N",2,"A","-",22107,,"N","A","H","-","A","A","0","Y","A","01",0,0,1,0,1,0,0,0,0,"-","-","BERKELEY","ALAMEDA","CA",0,0
"3686559",-122.300852663,37.877696991,2008,"0103","0","4","4","09",0,1,"A",,,,,,1500,3,"D","C","A","6TH ST","CAMELIA ST",35,"N","N","2008-10-15",103,"2008-03-06",1210,"152","20","5","6","0","0",,"0","017","-","N",,0,0,,,0,,,,"Y",3,"A","-",21801,"A","N","A","H","-","A","D","0","Y","-","-",0,0,1,0,0,0,0,0,0,"-","-","BERKELEY","ALAMEDA","CA",0,0
"3686561",-122.277587925,37.871055603,2008,"0103","0","5","4","11",0,1,"A","Y",,,,,2400,3,"-","B","D","MCGEE AV","UNIVERSITY AV",15,"N","-","2008-10-14",103,"2008-03-14",2109,"90","23","5","6","0","0",,"0","003","-","N",,0,0,,,0,,,,"N",2,"A","-",21954,"A","F","A","H","-","C","D","0","Y","N","60",0,0,1,0,1,0,0,0,0,"-","-","BERKELEY","ALAMEDA","CA",0,0
"3686563",-122.271703151,37.8597640991,2008,"0103","0","6","3","12",0,1,"A",,,,,,1500,3,"D","C","A","MARTIN LUTHER KING JR WY","DERBY ST",0,,"Y","2008-10-10",103,"2008-03-29",1229,"35","35","5","6","0","0",,"0","012","-","N",,0,0,,,0,,,,"Y",2,"A","-",21453,"A","N","A","H","-","A","A","0","Y","A","01",0,1,0,0,0,0,0,0,0,"-","-","BERKELEY","ALAMEDA","CA",0,0
"3686566",-122.266217763,37.8725166321,2008,"0103","0","6","3","03",0,1,"A",,"Y",,,,1800,3,"F","A","A","OXFORD ST","UNIVERSITY AV",15,"N","N","2008-10-10",103,"2008-03-22",1754,"53","24","5","6","0","0",,"0","003","-","N",,0,0,,,0,,,,"N",1,"A","-",22350,,"N","A","H","-","A","D","0","Y","L","04",0,1,0,0,0,0,1,0,0,"-","-","BERKELEY","ALAMEDA","CA",0,0
"3686570",-122.274044959,37.8807792664,2008,"0103","0","6","4","09",0,1,"A",,,"Y",,,1200,3,"D","C","A","M L KING JR WY","ROSE ST",236,"S","N","2008-10-10",103,"2008-03-22",913,"128","17","5","6","0","0",,"0","003","-","N",,0,0,,,0,,,,"N",2,"A","-",21804,"A","N","A","H","-","A","D","0","Y","A","01",0,0,1,0,0,0,0,0,1,"-","-","BERKELEY","ALAMEDA","CA",0,0
"3686573",-122.27265315,37.8485565186,2008,"0103","0","6","3","-",0,1,"B",,,,,,2100,3,"D","C","A","ALCATRAZ AV","ELLIS ST",0,,"Y","2008-10-10",103,"2008-03-15",1912,"8","39","5","6","0","0",,"0","011","-","N",,0,0,,,0,,,,"Y",2,"-","-",0,,"N","A","H","-","A","D","0","Y","-","-",0,1,0,0,0,0,0,0,0,"-","-","BERKELEY","ALAMEDA","CA",0,0
"3686574",-122.257120488,37.8784790039,2008,"0103","0","5","4","03",0,1,"A","Y",,,,,2100,3,"B","B","E","LA LOMA AV","VIRGINIA AV",89,"N","N","2008-10-10",103,"2008-03-21",1925,"53","25","5","6","0","0",,"0","002","-","N",,0,0,,,0,,,,"N",3,"A","-",22350,,"F","A","H","-","B","D","0","Y","-","99",0,0,1,0,1,0,0,0,0,"-","-","BERKELEY","ALAMEDA","CA",0,0
"3686582",-122.273606966,37.8660392761,2008,"0103","0","3","4","21",0,1,"A","Y",,,,,900,3,"G","B","E","MCKINLEY AV","CHANNING WY",366,"N","N","2008-10-10",103,"2008-03-26",823,"6","30","5","6","0","0",,"0","005","-","N",,0,0,,,0,,,,"N",2,"A","-",22106,,"N","A","H","-","A","D","0","Y","A","01",0,0,1,0,1,0,0,0,0,"-","-","BERKELEY","ALAMEDA","CA",0,0
"3686585",-122.267262031,37.8620109558,2008,"0103","0","5","3","09",0,1,"A",,"Y",,,,2100,3,"D","G","A","SHATTUCK AV","CARLTON ST",280,"W","Y","2008-10-10",103,"2008-03-14",1955,"8","35","5","6","0","0",,"0","005","-","N",,0,0,,,0,,,,"N",2,"A","-",21802,"A","M","A","H","-","C","D","0","Y","A","01",0,1,0,0,0,0,1,0,0,"-","-","BERKELEY","ALAMEDA","CA",0,0
"3686594",-122.232853145,37.851305006,2008,"0103","0","2","3","08",0,1,"B",,"Y",,,,1200,3,"H","G","A","TUNNEL RD","RT 41 TUNNEL RD",3,"W","N","2008-12-08",103,"2008-03-25",912,"3","38","5","6","0","0",,"0","008","-","Y","ALA",4,13,"-","-",9.99,"I","5","N","Y",2,"A","-",21717,,"N","A","H","-","A","A","0","Y","A","01",0,1,0,0,0,0,1,0,0,"-","-","BERKELEY","ALAMEDA","CA",0,0
"3686597",-122.294113155,37.8601760864,2008,"0103","0","1","3","08",0,1,"A",,"Y","Y",,,1800,3,"A","G","A","DWIGHT WY","7TH ST",0,,"Y","2008-10-10",103,"2008-03-17",1733,"122","32","5","6","0","0",,"0","015","-","N",,0,0,,,0,,,,"N",2,"A","-",22107,,"N","A","H","-","A","A","0","Y","C","02",0,1,0,0,0,0,1,0,0,"-","-","BERKELEY","ALAMEDA","CA",0,0
"3686606",-122.271993152,37.8624649048,2008,"0103","0","5","3","05",0,1,"A",,"Y",,,,1200,3,"D","G","A","MARTIN LUTHER KING JR WY","BLAKE ST",0,,"Y","2008-10-10",103,"2008-03-28",1149,"31","29","5","6","0","0",,"0","005","-","N",,0,0,,,0,,,,"N",2,"A","-",21650,"1","N","A","H","-","A","A","0","Y","A","01",0,1,0,0,0,0,1,0,0,"-","-","BERKELEY","ALAMEDA","CA",0,0
"3686609",-122.281983154,37.8694343567,2008,"0103","0","1","4","09",0,1,"A",,,,,,1500,3,"D","C","A","SACRAMENTO ST","ADDISON ST",0,,"Y","2008-10-10",103,"2008-03-17",1220,"113","C31","5","6","0","0",,"0","B14","-","N",,0,0,,,0,,,,"Y",2,"A","-",21802,"A","N","A","H","-","A","A","0","Y","A","01",0,0,1,0,0,0,0,0,0,"-","-","BERKELEY","ALAMEDA","CA",0,0
"3686613",-122.261405253,37.8680381775,2008,"0103","0","4","4","05",0,1,"A",,"Y",,,,1800,3,"D","G","A","DANA ST","BANCROFT WY",142,"S","N","2008-10-10",103,"2008-03-20",1709,"6","28","5","6","0","0",,"0","006","-","N",,0,0,,,0,,,,"N",2,"A","-",21650,"1","N","A","H","-","A","D","0","Y","L","04",0,0,1,0,0,0,1,0,0,"-","-","BERKELEY","ALAMEDA","CA",0,0
"3686614",-122.253913149,37.8657264709,2008,"0103","0","3","4","12",0,1,"A",,,,,,2400,3,"D","C","A","COLLEGE AV","DWIGHT WY",0,,"Y","2008-10-10",103,"2008-03-26",2201,"134","27","5","6","0","0",,"0","007","-","N",,0,0,,,0,,,,"Y",2,"A","-",21453,"A","N","A","H","-","C","A","0","Y","A","01",0,0,1,0,0,0,0,0,0,"-","-","BERKELEY","ALAMEDA","CA",0,0
"3686621",-122.281273153,37.8621635437,2008,"0103","0","4","4","-",0,1,"A","Y",,,,,900,3,"G","B","D","DWIGHT WY","SACRAMENTO ST",0,,"Y","2008-10-10",103,"2008-03-20",820,"112","30","5","6","0","0",,"0","005","-","N",,0,0,,,0,,,,"N",2,"A","-",0,,"N","A","H","-","A","A","0","Y","N","60",0,0,1,0,1,0,0,0,0,"-","-","BERKELEY","ALAMEDA","CA",0,0
"3686622",-122.267820483,37.8668327332,2008,"0103","0","3","4","08",0,1,"A",,"Y",,,,1500,3,"B","G","A","SHATTUCK AV","DURANT AV",57,"N","N","2008-10-10",103,"2008-03-26",1427,"119","29","5","6","0","0",,"0","005","-","N",,0,0,,,0,,,,"N",2,"A","-",22107,,"N","A","H","-","A","-","0","Y","A","01",0,0,1,0,0,0,1,0,0,"-","-","BERKELEY","ALAMEDA","CA",0,0
"3686625",-122.274108819,37.8813858032,2008,"0103","0","3","4","03",0,2,"A",,,,,,1500,3,"C","C","A","MARTIN LUTHER KING JR WY","ROSE ST",15,"S","N","2008-10-10",103,"2008-03-19",1458,"146","18","5","6","0","0",,"0","003","-","N",,0,0,,,0,,,,"N",3,"A","-",22350,,"N","A","H","-","A","D","0","Y","A","01",0,0,2,0,0,0,0,0,0,"-","-","BERKELEY","ALAMEDA","CA",0,0
"3686626",-122.26093315,37.8657264709,2008,"0103","0","3","2","10",0,1,"A","Y",,,,,1200,3,"G","B","B","HASTE ST","DANA ST",0,,"Y","2008-10-10",103,"2008-03-26",1154,"40","31","5","6","0","0",,"0","006","-","N",,0,0,,,0,,,,"N",2,"A","-",21950,"A","N","A","H","-","C","A","0","Y","A","01",1,0,0,0,1,0,0,0,0,"-","-","BERKELEY","ALAMEDA","CA",0,0
"3686634",-122.278733151,37.851474762,2008,"0103","0","5","4","10",0,2,"C","Y",,,,"Y",2100,3,"G","B","B","SACRAMENTO ST","PRINCE ST",0,,"Y","2008-10-10",103,"2008-03-28",2030,"124","40","5","6","0","0",,"0","013","-","N",,0,0,,,0,,,,"N",3,"A","-",21950,"A","F","B","H","-","C","-","0","Y","A","01",0,0,2,0,2,0,0,0,0,"-","-","BERKELEY","ALAMEDA","CA",0,0
"3686638",-122.269404473,37.8802146912,2008,"0103","0","5","4","10",0,1,"B","Y",,,,,1800,3,"D","B","B","SHATTUCK AV","VINE ST",4,"N","N","2008-10-10",103,"2008-03-28",1647,"53","16","5","6","0","0",,"0","002","-","N",,0,0,,,0,,,,"N",2,"A","-",21950,"A","N","A","H","-","A","A","0","Y","A","01",0,0,1,0,1,0,0,0,0,"-","-","BERKELEY","ALAMEDA","CA",0,0
"3690630",-122.265673151,37.8660469055,2008,"0103","0","4","3","09",0,1,"A",,"Y",,,,2100,2,"D","G","A","CHANNING WY","FULTON ST",0,,"Y","2008-08-22",103,"2008-02-28",1913,"68","29","5","6","0","0",,"0","005","-","N",,0,0,,,0,,,,"N",2,"A","-",21802,"A","N","A","H","-","C","A","0","Y","A","01",0,1,0,0,0,0,1,0,0,"-","-","BERKELEY","ALAMEDA","CA",0,0
"3690638",-122.265813152,37.8696556091,2008,"0103","0","4","4","09",0,1,"A",,"Y",,,,1500,2,"D","G","A","OXFORD ST","ALLSTON WY",0,,"Y","2008-08-22",103,"2008-02-28",1445,"112","29","5","6","0","0",,"0","004","-","N",,0,0,,,0,,,,"N",2,"A","-",21804,,"N","A","H","-","A","D","0","Y","L","04",0,0,1,0,0,0,1,0,0,"-","-","BERKELEY","ALAMEDA","CA",0,0
"3691899",-122.257650433,37.8549461365,2008,"0103","0","7","4","03",0,1,"A","Y",,,,,1800,3,"G","B","E","COLBY ST","WEBSTER ST",200,"N","N","2008-10-14",103,"2008-03-30",1730,"99","39","5","6","0","0",,"0","009","-","N",,0,0,,,0,,,,"N",2,"A","-",22350,,"F","A","H","-","A","D","0","Y","A","08",0,0,1,0,1,0,0,0,0,"-","-","BERKELEY","ALAMEDA","CA",0,0
"3692875",-122.29980531,37.8671531677,2008,"0103","0","3","4","08",0,1,"A",,,,,,1500,3,"E","I","A","4TH ST","UNIVERSITY",167,"S","N","2008-09-26",103,"2008-03-12",1410,"61","20","5","6","0","0",,"0","016","-","N",,0,0,,,0,,,,"Y",1,"A","-",22107,,"N","A","H","-","A","D","0","Y","-","-",0,0,1,0,0,0,0,0,0,"-","-","BERKELEY","ALAMEDA","CA",0,0
"3700824",-122.307247554,37.877322628,2008,"0103","1","2","4","03",0,1,"A",,,,,,1800,4,"C","C","A","RT 80","GILMAN ST",100,"W","N","2008-11-24",9370,"2008-04-08",1520,"18317",,"2","6","0","1",,"2","081","-","Y","ALA",4,80,"-","-",6.6,"H","-","W","Y",3,"A","-",22350,,"N","A","H","-","A","D","6","Y","A","08",0,0,1,0,0,0,0,0,0,"-","-","BERKELEY","ALAMEDA","CA",0,0
"3700871",-122.308303159,37.881815003,2008,"0103","1","5","4","03",0,1,"B",,,,,,900,4,"C","C","A","RT 80","GILMAN ST",10,"E","N","2008-12-29",9370,"2008-04-04",815,"01052",,"1","6","0","1",,"2","081","-","Y","ALA",4,80,"-","-",6.822,"R","1","W","N",2,"A","-",22350,,"N","A","H","-","A","A","6","Y","D","23",0,0,1,0,0,0,0,0,0,"-","-","BERKELEY","ALAMEDA","CA",0,0
"3705676",-122.308102483,37.880963869,2008,"0103","1","5","3","03",0,2,"B",,,,,,1800,3,"C","C","A","RT 80","GILMAN ST",528,"E","N","2008-11-04",9370,"2008-03-28",1535,"18331",,"2","6","0","1",,"2","081","C","Y","ALA",4,80,"-","-",6.78,"H","-","W","Y",3,"A","-",22350,,"N","B","H","-","A","D","6","Y","A","08",0,1,1,0,0,0,0,0,0,"-","-","BERKELEY","ALAMEDA","CA",0,0
"3719263",-122.299333155,37.851125002,2008,"0103","1","3","1","08",1,4,"B",,,,,,300,4,"D","C","A","RT 80","ASHBY AV",500,"E","N","2008-05-21",9370,"2008-04-23",5,"01781",,"3","6","0","1",,"2","081","C","Y","ALA",4,80,"-","-",4.671,"R","2","E","Y",4,"A","-",22107,,"N","B","H","-","C","D","6","Y","A","01",0,0,4,0,0,0,0,0,0,"-","-","BERKELEY","ALAMEDA","CA",0,0
"3720559",-122.308330368,37.881921571,2008,"0103","1","1","3","01",0,1,"A",,,,,"Y",2100,4,"C","C","A","RT 80","GILMAN ST",800,"E","N","2008-12-16",9370,"2008-04-07",2020,"01859",,"2","6","0","1",,"2","081","-","Y","ALA",4,80,"-","-",6.83,"H","-","W","Y",3,"A","-",23152,"A","N","A","H","-","C","D","6","Y","A","01",0,1,0,0,0,0,0,0,0,"-","-","BERKELEY","ALAMEDA","CA",0,0
"3725047",0,0,2008,"0103","0","1","3","-",0,2,"A",,"Y",,,,1500,3,"C","G","A","FRONTAGE RD","ASHBY AV",0,,"Y","2008-11-06",103,"2008-03-31",1343,"147","20","5","6","0","0",,"0","015","-","N",,0,0,,,0,,,,"N",2,"-","-",0,,"N","A","H","-","A","A","0","Y","-","-",0,2,0,0,0,0,2,0,0,"-","-","BERKELEY","ALAMEDA","CA",0,0
"3725051",-122.273560771,37.8760719299,2008,"0103","0","5","4","03",0,3,"B",,,,,,1500,3,"C","C","A","MARTIN LUTHER KING JR WY","VIRGINIA ST",24,"N","N","2008-10-06",103,"2008-03-28",1439,"6","30","5","6","0","0",,"0","003","-","N",,0,0,,,0,,,,"Y",2,"A","-",22350,,"N","A","H","-","A","D","0","Y","A","01",0,0,3,0,0,0,0,0,0,"-","-","BERKELEY","ALAMEDA","CA",0,0
"3725059",-122.28167696,37.853142538,2008,"0103","0","1","4","08",0,1,"A",,,"Y",,,2100,3,"D","C","A","RT 13","ACTON ST",0,,"Y","2008-11-03",103,"2008-03-24",1940,"100","33","5","6","0","0",,"0","013","-","Y","ALA",4,13,"-","-",12.89,"I","5","S","N",2,"A","-",22100,"A","N","A","H","-","B","D","0","Y","A","01",0,0,1,0,0,0,0,0,1,"-","-","BERKELEY","ALAMEDA","CA",0,0