"CASEID","POINT_X","POINT_Y","YEAR_","LOCATION","CHPTYPE","DAYWEEK","CRASHSEV","VIOLCAT","KILLED","INJURED","WEATHER1","PEDCOL","BICCOL","MCCOL","TRUCKCOL","ETOH","TIMECAT","MONTH_","CRASHTYP","INVOLVE","PED","PRIMARYRD","SECONDRD","DISTANCE","DIRECT","INTERSECT_","PROCDATE","JURIS","DATE_","TIME_","BADGE","JURIDIST","SHIFT","POP","SPECIAL","BEATTYPE","LAPDDIV","BEATCLAS","BEATNUMB","WEATHER2","STATEHW","CALTRANC","CALTRAND","STROUTE","ROUTESUF","POSTPRE","POSTMILE","LOCATYPE","RAMP","SIDEHW","TOWAWAY","PARTIES","PCF","VIOLCODE","VIOL","VIOLSUB","HITRUN","ROADSURF","RDCOND1","RDCOND2","LIGHTING","RIGHTWAY","CHPRDTYP","NOTPRIV","STFAULT","CHPFAULT","SEVINJ","OTHERINJ","COP","PEDKILL","PEDINJ","BICKILL","BICINJ","MCKILL","MCINJURE","RAMP1","RAMP2","CITY","COUNTY","STATE","X_CHP","Y_CHP"
"3725123",-122.268003152,37.8684959412,2008,"0103","0","5","3","09",0,1,"A",,"Y",,,,1800,4,"D","G","A","SHATTUCK AV","KITTREDGE ST",0,,"Y","2008-10-22",103,"2008-04-11",1535,"31","29","5","6","0","0",,"0","004","-","N",,0,0,,,0,,,,"N",2,"A","-",21801,"A","M","A","H","-","A","A","0","Y","A","01",0,1,0,0,0,0,1,0,0,"-","-","BERKELEY","ALAMEDA","CA",0,0
"3725126",-122.269154624,37.8564071655,2008,"0103","0","7","4","03",0,1,"A",,"Y",,,,600,4,"E","I","A","RUSSELL ST","MILVIA ST",18,"W","N","2008-10-21",103,"2008-04-06",515,"54","39","5","6","0","0",,"0","010","-","N",,0,0,,,0,,,,"N",1,"A","-",22350,,"N","A","H","-","C","D","0","Y","L","04",0,0,1,0,0,0,1,0,0,"-","-","BERKELEY","ALAMEDA","CA",0,0
"3725132",-122.267907657,37.8676376343,2008,"0103","0","7","4","00",0,1,"A",,"Y",,,,1500,4,"H","G","A","SHATTUCK AV","BANCROFT WY",23,"N","N","2008-10-22",103,"2008-04-20",1203,"128","29","5","6","0","0",,"0","004","-","N",,0,0,,,0,,,,"N",2,"D","-",0,,"N","A","H","-","A","A","0","Y","-","-",0,0,1,0,0,0,1,0,0,"-","-","BERKELEY","ALAMEDA","CA",0,0
"3725136",-122.303931459,37.8686447144,2008,"0103","0","7","3","22",0,1,"A",,"Y",,,,1200,4,"H","G","A","EASTSHORE HWY","HEARST AV",126,"N","N","2008-10-22",103,"2008-04-20",1131,"94","20","5","6","0","0",,"0","016","-","N",,0,0,,,0,,,,"N",1,"B","-",0,,"N","A","B","-","A","D","0","Y","-","-",0,1,0,0,0,0,1,0,0,"-","-","BERKELEY","ALAMEDA","CA",0,0
"3725144",-122.266184099,37.8525276184,2008,"0103","0","6","3","09",0,1,"A",,"Y",,,,1200,4,"D","G","A","SHATTUCK AV","WOOLSEY ST",56,"N","N","2008-10-22",103,"2008-04-19",1109,"147","39","5","6","0","0",,"0","010","-","N",,0,0,,,0,,,,"N",2,"A","-",21804,"A","N","A","H","-","A","A","0","Y","A","01",0,1,0,0,0,0,1,0,0,"-","-","BERKELEY","ALAMEDA","CA",0,0
"3725145",-122.291649135,37.8760948181,2008,"0103","0","2","3","08",0,1,"B",,"Y",,,,900,4,"B","E","A","CORNELL AV","HOPKINS ST",130,"S","N","2008-10-21",103,"2008-04-01",853,"143","24","5","6","0","0",,"0","003","-","N",,0,0,,,0,,,,"N",2,"A","-",22107,,"N","A","H","-","A","D","0","Y","L","04",0,1,0,0,0,0,1,0,0,"-","-","BERKELEY","ALAMEDA","CA",0,0
"3725150",-122.268500916,37.8722114563,2008,"0103","0","1","4","03",0,1,"A",,,,,,2100,4,"C","C","A","UNIVERSITY AV","SHATTUCK AV",11,"W","N","2008-10-21",103,"2008-04-07",2024,"154","24","5","6","0","0",,"0","003","-","N",,0,0,,,0,,,,"N",2,"A","-",22350,,"N","A","H","-","C","A","0","Y","A","01",0,0,1,0,0,0,0,0,0,"-","-","BERKELEY","ALAMEDA","CA",0,0
"3725152",-122.267884273,37.8620643616,2008,"0103","0","3","3","05",0,1,"A","Y","Y",,,,1500,4,"A","B","D","PARKER ST","SHATTUCK AV",176,"W","N","2008-10-22",103,"2008-04-23",1205,"37","35","5","6","0","0",,"0","005","-","N",,0,0,,,0,,,,"N",2,"A","-",21650,"1","F","A","H","-","A","A","0","Y","L","04",0,1,0,0,1,0,0,0,0,"-","-","BERKELEY","ALAMEDA","CA",0,0
"3725155",-122.276592932,37.8889541626,2008,"0103","0","7","4","03",0,1,"A",,,,,,1500,4,"C","C","A","THE ALAMEDA","MARIN AV",30,"N","N","2008-10-22",103,"2008-04-13",1439,"147","13","5","6","0","0",,"0","001","-","N",,0,0,,,0,,,,"N",2,"A","-",22350,,"N","A","H","-","A","A","0","Y","A","01",0,0,1,0,0,0,0,0,0,"-","-","BERKELEY","ALAMEDA","CA",0,0
"3725159",-122.294852225,37.877517456,2008,"0103","0","6","3","06",0,1,"A","Y",,,,,1500,4,"G","B","B","RT 123","PAGE ST",0,,"Y","2008-12-29",103,"2008-04-12",1337,"2","21","5","6","0","0",,"0","017","-","Y","ALA",4,123,"-","-",3.76,"H","-","N","N",2,"A","-",21951,,"N","A","H","-","A","D","0","Y","A","01",0,1,0,0,1,0,0,0,0,"-","-","BERKELEY","ALAMEDA","CA",0,0
"3725162",-122.28136096,37.8630905151,2008,"0103","0","1","4","-",0,1,"A",,,,,,1200,4,"C","E","A","SACRAMENTO ST","DWIGHT WY",338,"N","N","2008-10-21",103,"2008-04-07",1036,"3","31","5","6","0","0",,"0","014","-","N",,0,0,,,0,,,,"N",3,"A","-",0,,"N","A","H","-","A","D","0","Y","A","01",0,0,1,0,0,0,0,0,0,"-","-","BERKELEY","ALAMEDA","CA",0,0
"3725164",-122.305719365,37.8784866333,2008,"0103","0","2","4","03",0,1,"B",,,,,,1500,4,"C","C","A","GILMAN ST","2ND ST",31,"E","N","2008-10-22",103,"2008-04-22",1403,"143","20","5","6","0","0",,"0","017","-","N",,0,0,,,0,,,,"Y",3,"A","-",22350,,"N","A","H","-","A","D","0","Y","A","01",0,0,1,0,0,0,0,0,0,"-","-","BERKELEY","ALAMEDA","CA",0,0
"3725167",-122.278728838,37.8624992371,2008,"0103","0","5","3","03",0,3,"A",,,,,,1800,4,"C","C","A","DWIGHT WY","CALIFORNIA ST",10,"E","N","2008-10-22",103,"2008-04-11",1725,"116","30","5","6","0","0",,"0","005","-","N",,0,0,,,0,,,,"Y",3,"A","-",22350,,"N","A","H","-","A","D","0","Y","A","01",0,1,2,0,0,0,0,0,0,"-","-","BERKELEY","ALAMEDA","CA",0,0
"3725168",-122.269571705,37.8856735229,2008,"0103","0","2","4","03",0,1,"A",,,,,,900,4,"A","I","A","EUNICE ST","SHATTUCK AV",132,"E","N","2008-10-22",103,"2008-04-22",734,"16","17","5","6","0","0",,"0","001","-","N",,0,0,,,0,,,,"N",1,"A","-",22350,,"N","A","H","-","A","D","0","Y","A","01",0,0,1,0,0,0,0,0,0,"-","-","BERKELEY","ALAMEDA","CA",0,0
"3725169",-122.272165602,37.854181403,2008,"0103","0","3","4","08",0,1,"B",,,,,,900,4,"E","I","A","RT 13","MARTIN LUTHER KING JR WY",142,"W","N","2008-12-06",103,"2008-04-02",720,"98","34","5","6","0","0",,"0","011","-","Y","ALA",4,13,"-","-",12.35,"H","-","S","N",2,"A","-",22107,,"F","A","H","-","A","A","0","Y","-","99",0,0,1,0,0,0,0,0,0,"-","-","BERKELEY","ALAMEDA","CA",0,0
"3725174",-122.25677315,37.8681259155,2008,"0103","0","4","4","10",0,1,"A","Y",,,,,1200,4,"G","B","B","DURANT AV","BOWDITCH ST",0,,"Y","2008-10-21",103,"2008-04-10",920,"112","28","5","6","0","0",,"0","007","-","N",,0,0,,,0,,,,"N",2,"A","-",21950,"A","N","A","H","-","A","D","0","Y","A","01",0,0,1,0,1,0,0,0,0,"-","-","BERKELEY","ALAMEDA","CA",0,0
"3725176",0,0,2008,"0103","0","1","4","03",0,1,"A",,,,,,1200,4,"C","C","A","SOLANO AV","EL DORADO ST",114,"N","N","2008-10-22",103,"2008-04-21",945,"16","14","5","6","0","0",,"0","001","-","N",,0,0,,,0,,,,"Y",2,"A","-",22350,,"N","A","H","-","A","A","0","Y","A","07",0,0,1,0,0,0,0,0,0,"-","-","BERKELEY","ALAMEDA","CA",0,0
"3725181",-122.272093152,37.8633651733,2008,"0103","0","6","4","12",0,1,"A",,,,,,900,4,"D","C","A","MARTIN LUTHER KING JR WY","DWIGHT WY",0,,"Y","2008-10-21",103,"2008-04-05",710,"124","30","5","6","0","0",,"0","005","-","N",,0,0,,,0,,,,"N",2,"A","-",21453,"A","N","A","H","-","B","A","0","Y","A","01",0,0,1,0,0,0,0,0,0,"-","-","BERKELEY","ALAMEDA","CA",0,0
"3725182",-122.273453153,37.8750648499,2008,"0103","0","3","4","09",0,2,"A",,,,,,900,4,"D","C","A","MARTIN LUTHER KING JR WY","FRANCISCO ST",0,,"Y","2008-10-21",103,"2008-04-09",714,"3","23","5","6","0","0",,"0","003","-","N",,0,0,,,0,,,,"Y",3,"A","-",21802,"A","N","A","H","-","A","D","0","Y","A","01",0,0,2,0,0,0,0,0,0,"-","-","BERKELEY","ALAMEDA","CA",0,0
"3725184",-122.265503151,37.865146637,2008,"0103","0","5","3","12",0,1,"A",,,,,,1200,4,"D","C","A","HASTE ST","FULTON ST",0,,"Y","2008-10-22",103,"2008-04-25",930,"128","28","5","6","0","0",,"0","006","-","N",,0,0,,,0,,,,"Y",2,"A","-",21453,"A","N","A","H","-","A","A","0","Y","A","07",0,1,0,0,0,0,0,0,0,"-","-","BERKELEY","ALAMEDA","CA",0,0
"3725190",-122.27097315,37.8524665833,2008,"0103","0","2","4","09",0,1,"A",,"Y",,,,2400,4,"D","G","A","MARTIN LUTHER KING JR WY","PRINCE ST",0,,"Y","2008-10-21",103,"2008-04-08",2153,"155","40","5","6","0","0",,"0","011","-","N",,0,0,,,0,,,,"N",2,"A","-",21804,"A","N","A","H","-","C","D","0","Y","L","04",0,0,1,0,0,0,1,0,0,"-","-","BERKELEY","ALAMEDA","CA",0,0
"3725196",-122.282567792,37.8891830444,2008,"0103","0","4","4","03",0,2,"A",,,,,"Y",2100,4,"C","C","A","MARIN AV","MARIN CIR",200,"W","N","2008-10-22",103,"2008-04-24",1920,"007","13","5","6","0","0",,"0","001","-","N",,0,0,,,0,,,,"N",2,"A","-",22350,,"N","A","H","-","A","D","0","Y","A","01",0,0,2,0,0,0,0,0,0,"-","-","BERKELEY","ALAMEDA","CA",0,0
"3725197",-122.291789784,37.868036215,2008,"0103","0","3","4","21",0,1,"B",,,,,,2100,4,"C","C","A","RT 123","ADDISON ST",60,"S","N","2009-01-16",103,"2008-04-02",1848,"114","31","5","6","0","0",,"0","014","-","Y","ALA",4,123,"-","-",3.07,"H","-","N","N",2,"A","-",22106,,"N","A","H","-","A","A","0","Y","A","01",0,0,1,0,0,0,0,0,0,"-","-","BERKELEY","ALAMEDA","CA",0,0
"3725199",-122.288775863,37.8611984253,2008,"0103","0","2","4","03",0,1,"A",,,,,,1500,4,"C","C","A","DWIGHT WY","BYRON ST",8,"E","N","2008-10-22",103,"2008-04-15",1312,"143","24","5","6","0","0",,"0","003","-","N",,0,0,,,0,,,,"N",2,"A","-",22350,,"N","A","H","-","A","D","0","Y","A","01",0,0,1,0,0,0,0,0,0,"-","-","BERKELEY","ALAMEDA","CA",0,0
"3725200",-122.271634863,37.854231684,2008,"0103","0","4","4","12",0,1,"A",,,,,,900,4,"D","D","A","RT 13","MARTIN LUTHER KING JR WY",0,,"Y","2008-12-24",103,"2008-04-24",610,"143","34","5","6","0","0",,"0","012","-","Y","ALA",4,13,"-","-",12.32,"I","5","S","Y",2,"A","-",21453,"A","N","A","H","-","B","A","0","Y","A","01",0,0,1,0,0,0,0,0,0,"-","-","BERKELEY","ALAMEDA","CA",0,0
"3725201",-122.294123157,37.8808250427,2008,"0103","0","7","4","09",0,2,"A",,,,,,1500,4,"A","C","A","GILMAN ST","STANNAGE AV",0,,"Y","2008-10-17",103,"2008-04-27",1434,"64","19","5","6","0","0",,"0","017","-","N",,0,0,,,0,,,,"Y",2,"A","-",21801,"A","N","A","H","-","A","A","0","Y","A","01",0,0,2,0,0,0,0,0,0,"-","-","BERKELEY","ALAMEDA","CA",0,0
"3725209",-122.294463156,37.868686676,2008,"0103","0","6","4","09",0,1,"A",,,,,,2100,4,"A","C","A","9TH ST","UNIVERSITY AV",0,,"Y","2008-12-08",103,"2008-04-26",1914,"16","32","5","6","0","0",,"0","016","-","N",,0,0,,,0,,,,"Y",2,"A","-",21801,"A","N","A","H","-","A","A","0","Y","A","01",0,0,1,0,0,0,0,0,0,"-","-","BERKELEY","ALAMEDA","CA",0,0
"3725221",-122.255154859,37.856762148,2008,"0103","0","5","3","09",0,3,"A","Y",,,,,1800,4,"B","B","F","ASHBY AV","HILLEGASS AV",0,,"Y","2008-12-30",103,"2008-04-25",1749,"56","36","5","6","0","0",,"0","009","-","Y","ALA",4,13,"-","-",11.37,"I","5","S","Y",3,"A","-",21801,"A","N","A","H","-","A","A","0","Y","A","01",0,1,2,0,1,0,0,0,0,"-","-","BERKELEY","ALAMEDA","CA",0,0
"3725225",-122.27124157,37.8495597839,2008,"0103","0","2","4","08",0,1,"A",,"Y",,,,2400,4,"D","G","A","ADELINE ST","HARMON ST",48,"S","N","2008-10-16",103,"2008-04-29",2117,"155","39","5","6","0","0",,"0","011","-","N",,0,0,,,0,,,,"N",2,"A","-",22107,,"F","A","H","-","A","D","0","Y","A","01",0,0,1,0,0,0,1,0,0,"-","-","BERKELEY","ALAMEDA","CA",0,0
"3725229",-122.274333154,37.8832359314,2008,"0103","0","1","2","10",0,1,"A","Y",,,,,1800,4,"G","B","B","MARTIN LUTHER KING JR WY","BERRYMAN ST",0,,"Y","2008-10-17",103,"2008-04-28",1657,"75","18","5","6","0","0",,"0","003","-","N",,0,0,,,0,,,,"N",2,"A","-",21950,"A","N","A","H","-","A","D","0","Y","A","01",1,0,0,0,1,0,0,0,0,"-","-","BERKELEY","ALAMEDA","CA",0,0
"3725233",-122.259602111,37.85620065,2008,"0103","0","1","3","09",0,1,"A",,"Y",,,,1800,4,"D","G","A","RT 13","TELEGRAPH AV",279,"W","N","2008-12-02",103,"2008-04-28",1534,"147","30","5","6","0","0",,"0","009","-","Y","ALA",4,13,"-","-",11.66,"H","-","N","N",2,"A","-",21804,"A","N","A","H","-","A","A","0","Y","A","01",0,1,0,0,0,0,0,0,0,"-","-","BERKELEY","ALAMEDA","CA",0,0
"3725241",-122.267189266,37.8601913452,2008,"0103","0","1","4","08",0,1,"A",,"Y",,,,900,4,"B","G","A","SHATTUCK AV","DERBY ST",53,"S","N","2008-10-21",103,"2008-04-28",643,"143","35","5","6","0","0",,"0","005","-","N",,0,0,,,0,,,,"N",2,"A","-",22107,,"N","A","H","-","A","D","0","Y","L","04",0,0,1,0,0,0,1,0,0,"-","-","BERKELEY","ALAMEDA","CA",0,0
"3725269",-122.292713157,37.8792648315,2008,"0103","0","3","4","09",0,1,"A",,"Y",,,,1800,4,"D","G","A","CAMELIA ST","CORNELL AV",0,,"Y","2008-10-16",103,"2008-04-30",1709,"78","17","5","6","0","0",,"0","018","-","N",,0,0,,,0,,,,"N",2,"A","-",21802,"A","N","A","H","-","A","-","0","Y","L","04",0,0,1,0,0,0,1,0,0,"-","-","BERKELEY","ALAMEDA","CA",0,0
"3729946",-122.308056068,37.880761333,2008,"0103","1","5","4","03",0,1,"A",,,,,,900,4,"C","C","A","RT 80","GILMAN ST",500,"E","N","2008-12-03",9370,"2008-04-25",835,"18782",,"1","6","0","1",,"2","081","-","Y","ALA",4,80,"-","-",6.77,"H","-","W","N",2,"A","-",22350,,"M","A","H","-","A","D","6","Y","A","08",0,0,1,0,0,0,0,0,0,"-","-","BERKELEY","ALAMEDA","CA",0,0
"3729950",-122.299037514,37.849761308,2008,"0103","1","6","4","03",0,1,"A",,,,,,1800,4,"C","C","A","RT 80","ASHBY AV",100,"E","N","2008-12-03",9370,"2008-04-26",1510,"18317",,"2","6","0","1",,"2","081","-","Y","ALA",4,80,"-","-",4.6,"H","-","E","N",2,"A","-",22350,,"N","A","H","-","A","D","6","Y","A","01",0,0,1,0,0,0,0,0,0,"-","-","BERKELEY","ALAMEDA","CA",0,0
"3729993",-122.307185609,37.877122633,2008,"0103","1","5","2","07",0,1,"A",,,"Y",,,1800,4,"C","C","A","RT 80","GILMAN ST",150,"W","N","2009-01-05",9370,"2008-04-25",1610,"18476",,"2","6","0","1",,"2","081","-","Y","ALA",4,80,"-","-",6.59,"H","-","W","Y",2,"A","-",21658,"A","N","A","H","-","A","D","6","Y","C","02",1,0,0,0,0,0,0,0,1,"-","-","BERKELEY","ALAMEDA","CA",0,0
"3730045",-122.306997611,37.876522987,2008,"0103","1","4","4","03",0,1,"A",,,,,,1800,5,"C","C","A","RT 80","GILMAN ST",300,"W","N","2008-12-30",9370,"2008-05-01",1505,"01793",,"2","6","0","1",,"2","081","-","Y","ALA",4,80,"-","-",6.56,"H","-","W","N",2,"A","-",22350,,"N","A","H","-","A","D","6","Y","A","07",0,0,1,0,0,0,0,0,0,"-","-","BERKELEY","ALAMEDA","CA",0,0
"3740179",-122.27028315,37.8518638611,2008,"0103","0","1","4","03",0,1,"A",,,,,,1800,4,"C","C","A","ADELINE ST","WOOLSEY ST",0,"S","N","2008-11-08",103,"2008-04-14",1500,"81","39","5","6","0","0",,"0","010","-","N",,0,0,,,0,,,,"N",2,"A","-",22350,,"N","A","H","-","A","A","0","Y","D","22",0,0,1,0,0,0,0,0,0,"-","-","BERKELEY","ALAMEDA","CA",0,0
"3754860",-122.307203158,37.877875004,2008,"0103","1","6","4","07",0,1,"A",,,,"Y",,900,5,"B","C","A","RT 80","GILMAN ST",250,"W","N","2008-12-30",9370,"2008-05-03",818,"18092",,"1","6","0","1",,"2","081","-","Y","ALA",4,80,"-","-",6.63,"H","-","E","Y",3,"A","-",21658,"A","N","A","H","-","A","D","6","Y","G","25",0,0,1,0,0,0,0,0,0,"-","-","BERKELEY","ALAMEDA","CA",0,0
"3764665",-122.307880681,37.881237018,2008,"0103","1","6","4","03",0,2,"B",,,,,,1200,5,"C","C","A","RT 80","GILMAN ST",528,"E","N","2008-12-30",9370,"2008-05-24",1125,"01857",,"1","6","0","1",,"2","081","-","Y","ALA",4,80,"-","-",6.78,"H","-","E","N",2,"A","-",22350,,"N","A","H","-","A","D","6","Y","A","01",0,0,2,0,0,0,0,0,0,"-","-","BERKELEY","ALAMEDA","CA",0,0
"3764701",-122.299493155,37.850745002,2008,"0103","1","7","4","08",0,1,"A",,,,,,1200,5,"E","I","A","RT 80","EAST ASHBY AV",528,"E","N","2008-12-30",9370,"2008-05-25",1115,"01857",,"1","6","0","1",,"2","081","-","Y","ALA",4,80,"-","-",4.68,"H","-","W","Y",1,"A","-",22107,,"N","A","H","-","A","D","6","Y","A","01",0,0,1,0,0,0,0,0,0,"-","-","BERKELEY","ALAMEDA","CA",0,0
"3769826",-122.30689089,37.87697847,2008,"0103","1","3","4","03",0,1,"A",,,,,,1200,6,"C","C","A","RT 80","UNIVERSITY AV",3960,"E","N","2009-02-03",9370,"2008-06-04",1120,"18092",,"1","6","0","1",,"2","081","-","Y","ALA",4,80,"-","-",6.59,"H","-","E","N",2,"A","-",22350,,"N","A","H","-","A","D","6","Y","A","08",0,0,1,0,0,0,0,0,0,"-","-","BERKELEY","ALAMEDA","CA",0,0
"3771255",-122.28167696,37.853142538,2008,"0103","0","7","2","03",0,1,"A",,"Y","Y",,,2400,5,"D","G","A","RT 13","ACTON ST",0,,"Y","2008-12-05",103,"2008-05-18",2320,,,"5","6","0","0",,"0",,"-","Y","ALA",4,13,"-","-",12.89,"I","5","S","N",2,"A","-",22350,,"F","A","H","-","C","A","0","Y","C","02",1,0,0,0,0,0,1,0,0,"-","-","BERKELEY","ALAMEDA","CA",0,0
"3771333",-122.299933155,37.852475002,2008,"0103","1","1","4","22",0,1,"B",,,,,,900,6,"B","C","A","RT 80","ASHBY AV",528,"E","N","2009-01-28",9370,"2008-06-02",750,"01847",,"1","6","0","1",,"2","081","-","Y","ALA",4,80,"-","-",4.761,"R","2","W","N",2,"B","-",0,,"N","A","H","-","A","D","6","Y","A","01",0,0,1,0,0,0,0,0,0,"T","-","BERKELEY","ALAMEDA","CA",0,0
"3771513",-122.278263156,37.8914146423,2007,"0103","0","3","1","10",1,0,"A","Y",,,,,1800,12,"G","B","B","SOLANO AV","FRESNO AV",0,,"Y","2008-07-07",103,"2007-12-12",1620,"112","13","5","6","0","0",,"0","001","-","N",,0,0,,,0,,,,"N",2,"A","-",21950,"A","N","A","H","-","A","A","0","Y","A","01",0,0,0,1,0,0,0,0,0,"-","-","BERKELEY","ALAMEDA","CA",0,0
"3775597",-122.30783581,37.880781891,2008,"0103","1","2","4","03",0,2,"A",,,,,,1800,6,"C","C","A","RT 80","GILMAN ST",400,"E","N","2009-02-03",9370,"2008-06-03",1709,"18837",,"2","6","0","1",,"2","081","-","Y","ALA",4,80,"-","-",6.76,"H","-","E","Y",4,"A","-",22350,,"F","-","A","H","A","D","6","Y","D","23",0,0,2,0,0,0,0,0,0,"-","-","BERKELEY","ALAMEDA","CA",0,0
"3779283",-122.260294392,37.8685722351,2008,"0103","0","1","3","11",0,1,"A","Y",,,,"Y",1500,5,"B","B","E","BANCROFT WY","TELEGRAPH AV",310,"W","N","2008-12-09",103,"2008-05-12",1226,"143","28","5","6","0","0",,"0","006","-","N",,0,0,,,0,,,,"N",2,"A","-",21954,"A","N","A","H","-","A","D","0","Y","N","60",0,1,0,0,1,0,0,0,0,"-","-","BERKELEY","ALAMEDA","CA",0,0
"3779342",-122.284080309,37.8805465698,2008,"0103","0","5","3","00",0,1,"B",,"Y",,"Y",,1200,5,"B","G","A","HOPKINS ST","ALBINA ST",85,"E","N","2008-12-09",103,"2008-05-30",1120,"64","19","5","6","0","0",,"0","018","-","N",,0,0,,,0,,,,"N",2,"D","-",0,,"N","A","H","-","A","D","0","Y","-","-",0,1,0,0,0,0,1,0,0,"-","-","BERKELEY","ALAMEDA","CA",0,0
"3781075",-122.30565071,37.873282597,2008,"0103","1","2","4","08",0,1,"A",,,,,,1200,5,"E","I","A","RT 80","GILMAN ST",1437,"W","N","2008-12-30",9370,"2008-05-13",1041,"18954",,"1","6","0","1",,"2","081","-","Y","ALA",4,80,"-","-",6.35,"H","-","E","Y",1,"A","-",22107,,"N","A","H","-","A","D","6","Y","A","07",0,0,1,0,0,0,0,0,0,"-","-","BERKELEY","ALAMEDA","CA",0,0
"3781090",-122.299999777,37.852716356,2008,"0103","1","2","4","03",0,1,"A",,,,,,1800,5,"C","C","A","RT 80","ASHBY AV",1056,"E","N","2008-12-06",9370,"2008-05-27",1709,"01884",,"2","6","0","1",,"2","081","-","Y","ALA",4,80,"-","-",4.78,"H","-","W","N",2,"A","-",22350,,"M","A","H","-","A","D","6","Y","A","01",0,0,1,0,0,0,0,0,0,"-","-","BERKELEY","ALAMEDA","CA",0,0
"3781101",-122.303592986,37.8664649,2008,"0103","1","1","3","01",0,1,"A",,,,,"Y",600,5,"E","I","A","RT 80","UNIVERSITY AV",40,"W","N","2008-12-30",9370,"2008-05-12",530,"01871",,"3","6","0","1",,"2","081","-","Y","ALA",4,80,"-","-",5.83,"H","-","E","Y",1,"A","-",23152,"A","N","A","H","-","B","D","6","Y","A","01",0,1,0,0,0,0,0,0,0,"-","-","BERKELEY","ALAMEDA","CA",0,0
"3781106",-122.303340581,37.864790523,2008,"0103","1","4","4","03",0,1,"A",,,,,,1500,5,"C","C","A","RT 80","UNIVERSITY AV",600,"W","N","2008-12-30",9370,"2008-05-15",1450,"18812",,"2","6","0","1",,"2","081","-","Y","ALA",4,80,"-","-",5.73,"H","-","W","Y",2,"A","-",22350,,"N","A","H","-","A","D","6","Y","D","22",0,0,1,0,0,0,0,0,0,"-","-","BERKELEY","ALAMEDA","CA",0,0
"3785640",-122.308056068,37.880761333,2008,"0103","1","2","4","08",0,1,"A",,,,,,1800,6,"B","C","A","RT 80","GILMAN ST",500,"E","N","2009-01-19",9370,"2008-06-10",1720,"18876",,"2","6","0","1",,"2","081","-","Y","ALA",4,80,"-","-",6.77,"H","-","W","Y",2,"A","-",22107,,"N","A","H","-","A","D","6","Y","A","07",0,0,1,0,0,0,0,0,0,"-","-","BERKELEY","ALAMEDA","CA",0,0
"3797761",-122.297743776,37.8800926208,2008,"0103","0","3","4","08",0,1,"A",,,,,,600,5,"C","C","A","GILMAN ST","9TH ST",116,"E","N","2008-11-21",103,"2008-05-07",346,"156","20","5","6","0","0",,"0","017","-","N",,0,0,,,0,,,,"Y",2,"A","-",22107,,"N","A","H","-","C","D","0","Y","A","01",0,0,1,0,0,0,0,0,0,"-","-","BERKELEY","ALAMEDA","CA",0,0
"3797763",-122.29372457,37.873552496,2008,"0103","0","2","3","03",0,3,"A",,,,,,1500,5,"C","C","A","RT 123","VIRGINIA ST",0,,"Y","2008-12-29",103,"2008-05-20",1353,"61","22","5","6","0","0",,"0","016","-","Y","ALA",4,123,"-","-",3.48,"H","-","S","N",2,"A","-",22350,,"N","A","H","-","A","D","0","Y","A","01",0,1,2,0,0,0,0,0,0,"-","-","BERKELEY","ALAMEDA","CA",0,0
"3797767",-122.264413153,37.8863639832,2008,"0103","0","2","3","14",0,1,"A",,"Y",,,,2100,5,"D","G","A","EUNICE ST","GLEN AV",0,,"Y","2008-11-25",103,"2008-05-20",2052,"42","15","5","6","0","0",,"0","002","-","N",,0,0,,,0,,,,"N",2,"A","-",21201,"D","N","A","H","-","C","A","0","Y","L","04",0,1,0,0,0,0,1,0,0,"-","-","BERKELEY","ALAMEDA","CA",0,0
"3797771",-122.269703554,37.8814697266,2008,"0103","0","3","3","-",0,1,"A",,"Y",,,,900,5,"C","G","A","SHATTUCK PL","SHATTUCK AV",67,"W","N","2008-11-25",103,"2008-05-21",738,"143","17","5","6","0","0",,"0","001","-","N",,0,0,,,0,,,,"N",2,"A","-",0,,"N","A","H","-","A","D","0","Y","L","04",0,1,0,0,0,0,1,0,0,"-","-","BERKELEY","ALAMEDA","CA",0,0
"3797772",-122.283325641,37.852815774,2008,"0103","0","2","3","03",0,2,"A",,,,,,1200,5,"C","C","A","RT 13","MABEL ST",145,"E","N","2008-12-24",103,"2008-05-27",1000,"98","33","5","6","0","0",,"0","013","-","Y","ALA",4,13,"-","-",12.99,"H","-","N","N",2,"A","-",22350,,"N","A","H","-","A","A","0","Y","A","01",0,1,1,0,0,0,0,0,0,"-","-","BERKELEY","ALAMEDA","CA",0,0
"3797773",-122.282763155,37.8767051697,2008,"0103","0","4","3","12",0,1,"B",,,,,,900,5,"D","C","A","SACRAMENTO ST","CEDAR ST",0,,"Y","2008-11-21",103,"2008-05-08",640,"3","19","5","6","0","0",,"0","018","-","N",,0,0,,,0,,,,,2,"A","-",21453,"A","N","A","A","H","A","A","0","Y","A","01",0,1,0,0,0,0,0,0,0,"-","-","BERKELEY","ALAMEDA","CA",0,0
"3797774",-122.260174531,37.8612480164,2008,"0103","0","3","3","21",0,1,"A",,,,,,1800,5,"D","C","A","DERBY ST","DANA ST",56,"W","-","2008-11-25",103,"2008-05-14",1555,"34","36","5","6","0","0",,"0","006","-","N",,0,0,,,0,,,,"Y",2,"A","-",22106,,"N","A","H","-","A","D","0","Y","A","01",0,1,0,0,0,0,0,0,0,"-","-","BERKELEY","ALAMEDA","CA",0,0