"CASEID","POINT_X","POINT_Y","YEAR_","LOCATION","CHPTYPE","DAYWEEK","CRASHSEV","VIOLCAT","KILLED","INJURED","WEATHER1","PEDCOL","BICCOL","MCCOL","TRUCKCOL","ETOH","TIMECAT","MONTH_","CRASHTYP","INVOLVE","PED","PRIMARYRD","SECONDRD","DISTANCE","DIRECT","INTERSECT_","PROCDATE","JURIS","DATE_","TIME_","BADGE","JURIDIST","SHIFT","POP","SPECIAL","BEATTYPE","LAPDDIV","BEATCLAS","BEATNUMB","WEATHER2","STATEHW","CALTRANC","CALTRAND","STROUTE","ROUTESUF","POSTPRE","POSTMILE","LOCATYPE","RAMP","SIDEHW","TOWAWAY","PARTIES","PCF","VIOLCODE","VIOL","VIOLSUB","HITRUN","ROADSURF","RDCOND1","RDCOND2","LIGHTING","RIGHTWAY","CHPRDTYP","NOTPRIV","STFAULT","CHPFAULT","SEVINJ","OTHERINJ","COP","PEDKILL","PEDINJ","BICKILL","BICINJ","MCKILL","MCINJURE","RAMP1","RAMP2","CITY","COUNTY","STATE","X_CHP","Y_CHP"
"3797775",-122.268031714,37.8703422546,2008,"0103","0","4","4","12",0,1,"A","Y",,,,,900,5,"G","-","B","CENTER ST","SHATTUCK ST",15,"E","N","2008-11-25",103,"2008-05-15",846,"6","29","5","6","0","0",,"0","004","-","N",,0,0,,,0,,,,"N",2,"A","-",21453,"A","N","A","H","-","A","A","0","Y","A","01",0,0,1,0,1,0,0,0,0,"-","-","BERKELEY","ALAMEDA","CA",0,0
"3797780",-122.291055201,37.8823661804,2008,"0103","0","2","4","03",0,1,"A","Y",,,,,1500,5,"B","B","E","MASONIC AV","SANTA FE AV",175,"N","N","2008-11-25",103,"2008-05-27",1455,"57","19","5","6","0","0",,"0","017","-","N",,0,0,,,0,,,,"N",2,"A","-",22350,,"F","A","E","-","A","D","0","Y","-","99",0,0,1,0,1,0,0,0,0,"-","-","BERKELEY","ALAMEDA","CA",0,0
"3797781",-122.259373149,37.8586044312,2008,"0103","0","4","4","09",0,2,"A",,,,,,1800,5,"A","C","A","TELEGRAPH AV","OREGON ST",0,,"Y","2008-11-21",103,"2008-05-08",1617,"77","36","5","6","0","0",,"0","009","-","N",,0,0,,,0,,,,"Y",2,"A","-",21802,"A","N","A","H","-","A","D","0","Y","A","01",0,0,2,0,0,0,0,0,0,"-","-","BERKELEY","ALAMEDA","CA",0,0
"3797782",-122.265663152,37.8769836426,2008,"0103","0","4","3","00",0,1,"A",,"Y",,,,900,5,"H","I","A","VIRGINIA AV","SPRUCE ST",0,,"-","2008-11-25",103,"2008-05-15",810,"6","25","5","6","0","0",,"0","002","-","N",,0,0,,,0,,,,"N",1,"D","-",0,,"N","A","H","-","A","A","0","Y","-","-",0,1,0,0,0,0,1,0,0,"-","-","BERKELEY","ALAMEDA","CA",0,0
"3797789",-122.259789375,37.8677520752,2008,"0103","0","4","4","10",0,1,"A","Y",,,,,2100,5,"G","B","C","DURANT AV","TELEGRAPH AV",222,"W","N","2008-11-21",103,"2008-05-08",1835,"151","28","5","6","0","0",,"0","006","-","N",,0,0,,,0,,,,"N",2,"A","-",21950,"A","N","A","H","-","A","D","0","Y","-","-",0,0,1,0,1,0,0,0,0,"-","-","BERKELEY","ALAMEDA","CA",0,0
"3797790",-122.25318075,37.8582000732,2008,"0103","0","4","3","08",0,1,"A",,"Y",,,,1800,5,"B","G","A","COLLEGE AV","RUSSELL ST",100,"S","N","2008-11-25",103,"2008-05-15",1543,"23","36","5","6","0","0",,"0","009","-","N",,0,0,,,0,,,,"N",2,"A","-",22107,,"N","A","H","-","A","A","0","Y","A","01",0,1,0,0,0,0,1,0,0,"-","-","BERKELEY","ALAMEDA","CA",0,0
"3797791",-122.252496735,37.8513908386,2008,"0103","0","6","4","09",0,1,"A",,"Y",,,,1500,5,"D","G","A","COLLEGE AV","ALCATRAZ AV",50,"N","-","2008-11-25",103,"2008-05-10",1435,"31","39","5","6","0","0",,"0","009","-","N",,0,0,,,0,,,,"N",2,"A","-",21801,"A","N","A","H","-","A","D","0","Y","A","01",0,0,1,0,0,0,1,0,0,"-","-","BERKELEY","ALAMEDA","CA",0,0
"3797792",-122.252243363,37.8898620605,2008,"0103","0","6","3","03",0,1,"A",,"Y",,,,2100,5,"F","A","A","GRIZZLY PEAK BL","SHASTA RD",194,"S","N","2008-11-25",103,"2008-05-31",1836,"007","16","5","6","0","0",,"0","002","-","N",,0,0,,,0,,,,"N",1,"A","-",22350,,"N","A","H","-","A","D","0","Y","L","04",0,1,0,0,0,0,1,0,0,"-","-","BERKELEY","ALAMEDA","CA",0,0
"3797793",-122.261215704,37.8666114807,2008,"0103","0","4","3","03",0,1,"A",,,"Y",,,2400,5,"E","I","A","CHANNING WY","DANA ST",30,"W","N","2008-11-21",103,"2008-05-08",2209,"146","26","5","6","0","0",,"0","006","-","N",,0,0,,,0,,,,"N",2,"A","-",22350,,"N","A","H","-","C","D","0","Y","C","02",0,1,0,0,0,0,0,0,1,"-","-","BERKELEY","ALAMEDA","CA",0,0
"3797796",-122.274301405,37.8829307556,2008,"0103","0","4","3","08",0,1,"A",,,,,,1200,5,"C","E","A","MARTIN LUTHER KING JR WY","BERRYMAN ST",111,"S","N","2008-11-25",103,"2008-05-29",1115,"151","18","5","6","0","0",,"0","003","-","N",,0,0,,,0,,,,"N",2,"A","-",22107,,"N","A","H","-","A","D","0","Y","A","01",0,1,0,0,0,0,0,0,0,"-","-","BERKELEY","ALAMEDA","CA",0,0
"3797800",-122.279937349,37.8569374084,2008,"0103","0","4","4","09",0,2,"A",,,,,,1500,5,"D","C","A","SACRAMENTO ST","STUART ST",8,"N","N","2008-11-25",103,"2008-05-29",1316,"110","33","5","6","0","0",,"0","013","-","N",,0,0,,,0,,,,"Y",2,"A","-",21801,,"N","A","H","-","A","D","0","Y","A","01",0,0,2,0,0,0,0,0,0,"-","-","BERKELEY","ALAMEDA","CA",0,0
"3797801",-122.25427315,37.8674964905,2008,"0103","0","5","3","09",0,1,"A",,"Y",,,,1500,5,"-","G","A","COLLEGE AV","CHANNING WY",0,,"Y","2008-11-21",103,"2008-05-09",1327,"6","28","5","6","0","0",,"0","007","-","N",,0,0,,,0,,,,"N",2,"A","-",21801,"A","N","A","H","-","A","A","0","Y","A","01",0,1,0,0,0,0,1,0,0,"-","-","BERKELEY","ALAMEDA","CA",0,0
"3797802",-122.290439542,37.863896552,2008,"0103","0","5","4","08",0,1,"A","Y",,,,,900,5,"B","E","C","RT 123","CHAUCER ST",107,"N","N","2008-12-29",103,"2008-05-16",736,"100","31","5","6","0","0",,"0","014","-","Y","ALA",4,123,"-","-",2.77,"H","-","N","Y",3,"A","-",22107,,"N","A","H","-","A","D","0","Y","A","01",0,0,1,0,1,0,0,0,0,"-","-","BERKELEY","ALAMEDA","CA",0,0
"3797806",-122.26695315,37.8585166931,2008,"0103","0","5","4","09",0,1,"A",,,,,,1200,5,"D","C","A","SHATTUCK AV","STUART ST",0,,"-","2008-11-25",103,"2008-05-16",900,"147","35","5","6","0","0",,"0","010","-","N",,0,0,,,0,,,,,2,"A","-",21802,"A","N","A","H","-","A","A","0","Y","A","01",0,0,1,0,0,0,0,0,0,"-","-","BERKELEY","ALAMEDA","CA",0,0
"3797807",-122.271993152,37.8624649048,2008,"0103","0","4","4","05",0,1,"A",,"Y",,,,1800,5,"E","I","A","BLAKE ST","MARTIN LUTHER KING JR WY",0,,"Y","2008-11-25",103,"2008-05-22",1736,"31","34","5","6","0","0",,"0","005","-","N",,0,0,,,0,,,,"N",1,"A","-",21650,"1","N","A","H","-","A","A","0","Y","L","04",0,0,1,0,0,0,1,0,0,"-","-","BERKELEY","ALAMEDA","CA",0,0
"3797814",-122.251183527,37.8613929749,2008,"0103","0","5","2","11",0,1,"A","Y",,,,,2100,5,"D","B","E","PIEDMONT AV","FOREST ST",59,"S","-","2008-12-11",103,"2008-05-16",1922,"34","37","5","6","0","0",,"0","008","-","N",,0,0,,,0,,,,"N",2,"A","-",21956,,"N","A","H","-","A","D","0","Y","N","60",1,0,0,0,1,0,0,0,0,"-","-","BERKELEY","ALAMEDA","CA",0,0
"3797815",-122.292494633,37.869795548,2008,"0103","0","5","4","03",0,3,"A",,,"Y",,,1800,5,"C","C","A","RT 123","UNIVERSITY AV",246,"N","N","2008-12-29",103,"2008-05-23",1500,"6","29","5","6","0","0",,"0","005","B","Y","ALA",4,123,"-","-",3.2,"H","-","S","Y",6,"A","-",22350,,"N","A","H","-","A","A","0","Y","A","07",0,0,3,0,0,0,0,0,1,"-","-","BERKELEY","ALAMEDA","CA",0,0
"3797825",-122.263393151,37.8663253784,2008,"0103","0","1","3","12",0,1,"A",,"Y",,,,900,5,"-","G","A","CHANNING WY","ELLSWORTH ST",0,,"Y","2008-11-21",103,"2008-05-12",812,"3","28","5","6","0","0",,"0","006","-","N",,0,0,,,0,,,,"N",2,"A","-",22450,,"N","A","H","-","A","A","0","Y","L","04",0,1,0,0,0,0,1,0,0,"-","-","BERKELEY","ALAMEDA","CA",0,0
"3797826",-122.271433151,37.85704422,2008,"0103","0","1","3","-",0,1,"A","Y",,,,,1500,5,"G","B","B","MARTIN LUTHER KING JR WY","OREGON ST",0,,"Y","2008-11-25",103,"2008-05-19",1330,"117","35","5","6","0","0",,"0","012","-","N",,0,0,,,0,,,,"N",2,"A","-",0,,"N","A","H","-","A","A","0","Y","A","01",0,1,0,0,1,0,0,0,0,"-","-","BERKELEY","ALAMEDA","CA",0,0
"3797830",-122.284323154,37.8701667786,2008,"0103","0","1","4","12",0,1,"A",,,,,,1200,5,"A","C","A","UNIVERSITY AV","ACTON ST",0,,"Y","2008-11-25",103,"2008-05-19",1111,"83","22","5","6","0","0",,"0","018","-","N",,0,0,,,0,,,,"Y",2,"A","-",21453,"A","N","A","H","-","A","A","0","Y","-","-",0,0,1,0,0,0,0,0,0,"-","-","BERKELEY","ALAMEDA","CA",0,0
"3797834",-122.270952859,37.8522834778,2008,"0103","0","1","3","08",0,1,"A",,"Y",,,,1500,5,"B","G","A","MARTIN LUTHER KING JR WY","PRINCE ST",66,"S","N","2008-11-25",103,"2008-05-19",1434,"98","34","5","6","0","0",,"0","011","-","N",,0,0,,,0,,,,"N",2,"A","-",22107,,"N","A","H","-","A","D","0","Y","E","22",0,1,0,0,0,0,1,0,0,"-","-","BERKELEY","ALAMEDA","CA",0,0
"3798174",-122.266193153,37.8824653625,2008,"0103","0","4","3","03",0,1,"A",,,,,,1800,5,"E","I","A","SPRUCE ST","ROSE ST",0,,"-","2008-11-21",103,"2008-05-01",1605,"7","17","5","6","0","0",,"0","001","-","N",,0,0,,,0,,,,"Y",1,"A","-",22350,,"N","A","H","-","A","D","0","Y","A","01",0,1,0,0,0,0,0,0,0,"-","-","BERKELEY","ALAMEDA","CA",0,0
"3798804",-122.269553154,37.8820152283,2008,"0103","0","4","3","12",0,1,"-",,"Y",,,,2100,5,"-","G","A","ROSE ST","SHATTUCK AV",0,,"Y","2008-11-21",103,"2008-05-01",1822,"17","17","5","6","0","0",,"0","001","-","N",,0,0,,,0,,,,"Y",2,"A","-",22450,"A","N","A","H","-","A","D","0","Y","L","04",0,1,0,0,0,0,1,0,0,"-","-","BERKELEY","ALAMEDA","CA",0,0
"3798816",0,0,2008,"0103","0","5","3","11",0,1,"A","Y",,,,,2100,5,"G","B","E","ALLSTON WY","20TH ST",63,"E","N","2008-11-21",103,"2008-05-02",1842,"145","32","5","6","0","0",,"0","016","-","N",,0,0,,,0,,,,"N",2,"A","-",21956,"A","N","A","H","-","A","A","0","Y","N","60",0,1,0,0,1,0,0,0,0,"-","-","BERKELEY","ALAMEDA","CA",0,0
"3798828",-122.271326548,37.8487243652,2008,"0103","0","6","3","09",0,1,"A",,,"Y",,,1500,5,"D","C","A","ALCATRAZ AV","ADELINE ST",72,"E","N","2008-11-21",103,"2008-05-03",1453,"147","39","5","6","0","0",,"0","010","-","N",,0,0,,,0,,,,"N",2,"A","-",21804,"A","N","A","H","-","A","A","0","Y","A","01",0,1,0,0,0,0,0,0,0,"-","-","BERKELEY","ALAMEDA","CA",0,0
"3798848",-122.297133156,37.8695449829,2008,"0103","0","7","4","10",0,1,"A","Y",,,,,1800,5,"-","B","D","HEARST AV","7TH ST",0,,"Y","2008-11-21",103,"2008-05-04",1751,"10","21","5","6","0","0",,"0","016","-","N",,0,0,,,0,,,,"N",2,"A","-",21950,"A","F","A","H","-","A","D","0","Y","A","08",0,0,1,0,0,0,0,0,0,"-","-","BERKELEY","ALAMEDA","CA",0,0
"3798852",-122.252512769,37.8515548706,2008,"0103","0","1","4","09",0,1,"A",,"Y",,,,1200,5,"-","G","A","COLLEGE AV","ALCATRAZ AV",109,"N","N","2008-11-21",103,"2008-05-05",927,"107","39","5","6","0","0",,"0","009","-","N",,0,0,,,0,,,,"N",2,"A","-",21801,"B","N","A","H","-","A","D","0","Y","-","-",0,0,1,0,0,0,1,0,0,"-","-","BERKELEY","ALAMEDA","CA",0,0
"3798856",-122.271123154,37.8836555481,2008,"0103","0","1","3","11",0,1,"A","Y",,,,,1800,5,"-","B","B","HENRY ST","BERRYMAN ST",0,,"Y","2008-11-21",103,"2008-05-05",1515,"57","17","5","6","0","0",,"0","002","-","N",,0,0,,,0,,,,"N",2,"A","-",21950,"B","N","A","H","-","A","D","0","Y","N","60",0,1,0,0,1,0,0,0,0,"-","-","BERKELEY","ALAMEDA","CA",0,0
"3798864",-122.296313193,37.882194017,2008,"0103","0","1","4","09",0,1,"B",,,,,,2100,5,"B","C","A","RT 123","HARRISON ST",10,"S","N","2008-12-29",103,"2008-05-05",1833,"64","20","5","6","0","0",,"0","017","-","Y","ALA",4,123,"-","-",4.1,"H","-","N","N",3,"A","-",21802,"A","F","A","H","-","A","A","0","Y","A","01",0,0,1,0,0,0,0,0,0,"-","-","BERKELEY","ALAMEDA","CA",0,0
"3798868",-122.283262293,37.8808937073,2008,"0103","0","1","4","09",0,1,"B",,,,,,2400,5,"D","C","A","SACRAMENTO ST/ADDISON ST","SACRAMENTO ST",32,"E","N","2008-11-21",103,"2008-05-05",2108,"110","31","5","6","0","0",,"0","014","-","N",,0,0,,,0,,,,"N",2,"A","-",21802,,"N","A","H","-","C","D","0","Y","A","07",0,0,1,0,0,0,0,0,0,"-","-","BERKELEY","ALAMEDA","CA",0,0
"3799083",-122.265453152,37.8742637634,2008,"0103","0","1","3","10",0,1,"A","Y",,,,,1200,4,"G","B","B","HEARST AV","SPRUCE ST",0,,"Y","2008-10-31",103,"2008-04-28",920,"16","24","5","6","0","0",,"0","002","-","N",,0,0,,,0,,,,"N",2,"A","-",21950,"A","N","A","H","-","A","A","0","Y","A","01",0,1,0,0,1,0,0,0,0,"-","-","BERKELEY","ALAMEDA","CA",0,0
"3811557",-122.303522663,37.865434883,2008,"0103","1","3","4","03",0,1,"A",,,,,,1800,6,"C","C","A","RT 80","UNIVERSITY AV",300,"W","N","2009-01-02",9370,"2008-06-18",1720,"17934",,"2","6","0","1",,"2","081","-","Y","ALA",4,80,"-","-",5.78,"H","-","W","N",4,"A","-",22350,,"N","A","H","-","A","D","6","Y","A","01",0,0,1,0,0,0,0,0,0,"-","-","BERKELEY","ALAMEDA","CA",0,0
"3815001",-122.304186984,37.867481669,2008,"0103","1","6","3","01",0,1,"A",,,,,"Y",1800,7,"C","C","A","RT 80","UNIVERSITY AV",528,"E","N","2009-03-12",9370,"2008-07-12",1750,"18753",,"2","6","0","1",,"2","081","-","Y","ALA",4,80,"-","-",5.94,"H","-","W","Y",2,"A","-",23152,"A","N","A","H","-","A","D","6","Y","A","01",0,1,0,0,0,0,0,0,0,"-","-","BERKELEY","ALAMEDA","CA",0,0
"3815107",-122.301344319,37.857411842,2008,"0103","1","1","4","03",0,2,"A",,,,,,1800,7,"C","C","A","RT 80","ASHBY AV",3000,"E","N","2009-03-12",9370,"2008-07-07",1610,"18782",,"2","6","0","1",,"2","081","-","Y","ALA",4,80,"-","-",5.15,"H","-","W","Y",2,"A","-",22350,,"N","A","H","-","A","D","6","Y","D","22",0,0,2,0,0,0,0,0,0,"-","-","BERKELEY","ALAMEDA","CA",0,0
"3816879",-122.302938949,37.864567903,2008,"0103","1","6","3","03",0,2,"B",,,,,,900,6,"C","C","A","RT 80","UNIVERSITY AV",528,"W","N","2009-01-28",9370,"2008-06-14",815,"01845",,"1","6","0","1",,"2","081","-","Y","ALA",4,80,"-","-",5.74,"H","-","E","Y",2,"A","-",22350,,"M","A","H","-","A","D","6","Y","A","01",0,1,1,0,0,0,0,0,0,"-","-","BERKELEY","ALAMEDA","CA",0,0
"3833145",-122.284323154,37.8701667786,2008,"0103","0","3","4","12",0,2,"A",,,,"Y",,900,7,"D","D","A","UNIVERSITY AV","ACTON ST",0,,"Y","2009-02-04",103,"2008-07-23",713,"143","22","5","6","0","0",,"0","018","-","N",,0,0,,,0,,,,"Y",2,"A","-",21453,"A","N","A","H","-","A","A","0","Y","G","25",0,0,2,0,0,0,0,0,0,"-","-","BERKELEY","ALAMEDA","CA",0,0
"3835763",-122.305616545,37.8778686523,2008,"0103","0","4","3","-",0,1,"A",,"Y",,,,600,6,"E","I","A","2ND ST","GILMAN ST",225,"S","N","2009-01-03",103,"2008-06-05",435,"146","20","5","6","0","0",,"0","017","-","N",,0,0,,,0,,,,"N",1,"A","-",0,,"N","A","B","G","C","D","0","Y","L","04",0,1,0,0,0,0,1,0,0,"-","-","BERKELEY","ALAMEDA","CA",0,0
"3835764",0,0,2008,"0103","0","3","2","01",0,2,"A",,"Y",,,"Y",2400,6,"C","E","A","WEST FRONTAGE RD","RT 13",0,,"Y","2009-01-20",103,"2008-06-04",2202,"134","20","5","6","0","0",,"0","015","-","N",,0,0,,,0,,,,"Y",3,"A","-",23152,"A","N","A","H","-","D","D","0","Y","A","01",1,1,0,0,0,0,1,0,0,"-","-","BERKELEY","ALAMEDA","CA",0,0
"3835765",-122.28599431,37.85227542,2008,"0103","0","4","3","03",0,1,"A",,,,,,2100,6,"C","C","A","ASHBY AV","RT 123",200,"E","N","2009-01-23",103,"2008-06-12",1905,"110","40","5","6","0","0",,"0","013","-","Y","ALA",4,13,"-","-",13.14,"H","-","S","N",3,"A","-",22350,,"N","A","H","-","A","D","0","Y","A","01",0,1,0,0,0,0,0,0,0,"-","-","BERKELEY","ALAMEDA","CA",0,0
"3835767",-122.268198973,37.8799057007,2008,"0103","0","4","3","17",0,1,"A",,"Y",,,,900,6,"B","G","A","WALNUT ST","VINE ST",164,"S","N","2009-01-03",103,"2008-06-05",839,"3","17","5","6","0","0",,"0","002","-","N",,0,0,,,0,,,,"N",2,"A","-",22517,,"N","A","H","-","-","D","0","Y","A","01",0,1,0,0,0,0,1,0,0,"-","-","BERKELEY","ALAMEDA","CA",0,0
"3835768",0,0,2008,"0103","0","3","3","-",0,1,"A",,,,,"Y",2400,6,"E","I","A","WEST FRONTAGE RD","ASHBY AV",1344,"N","N","2009-01-08",103,"2008-06-04",2258,"136","20","5","6","0","0",,"0","015","-","N",,0,0,,,0,,,,"Y",1,"A","-",0,,"N","A","H","-","D","D","0","Y","A","01",0,1,0,0,0,0,0,0,0,"-","N","BERKELEY","ALAMEDA","CA",0,0
"3835772",-122.286271692,37.850667555,2008,"0103","0","3","4","21",0,1,"A",,,,,,2400,6,"C","C","A","RT 123","HASKELL ST",0,,"Y","2009-01-20",103,"2008-06-04",2319,"127","40","5","6","0","0",,"0","013","-","Y","ALA",4,123,"-","-",1.81,"I","5","N","N",2,"A","-",22106,,"N","A","H","-","C","D","0","Y","D","22",0,0,1,0,0,0,0,0,0,"-","-","BERKELEY","ALAMEDA","CA",0,0
"3835773",-122.252690263,37.857060532,2008,"0103","0","4","4","03",0,1,"A",,,,,,1200,6,"C","C","A","COLLEGE AV","RT 13",109,"S","N","2009-01-19",103,"2008-06-12",1106,"23","39","5","6","0","0",,"0","009","-","Y","ALA",4,13,"-","-",11.23,"I","6","S","N",2,"A","-",22350,,"N","A","H","-","A","A","0","Y","D","22",0,0,1,0,0,0,0,0,0,"-","-","BERKELEY","ALAMEDA","CA",0,0
"3835775",-122.269883151,37.8636360168,2008,"0103","0","4","4","10",0,1,"A","Y",,,,,1200,6,"D","B","B","DWIGHT WY","MILVIA ST",0,,"Y","2009-01-03",103,"2008-06-05",1126,"151","29","5","6","0","0",,"0","005","-","N",,0,0,,,0,,,,"N",2,"A","-",21950,"A","N","A","H","-","A","D","0","Y","A","01",0,0,1,0,1,0,0,0,0,"-","-","BERKELEY","ALAMEDA","CA",0,0
"3835776",-122.253573149,37.8621063232,2008,"0103","0","3","3","09",0,2,"A",,,,,,2400,6,"A","C","A","COLLEGE AV","DERBY ST",0,,"Y","2009-01-03",103,"2008-06-04",2211,"123","37","5","6","0","0",,"0","009","-","N",,0,0,,,0,,,,"Y",2,"A","-",21801,"A","N","A","H","-","C","A","0","Y","A","01",0,2,0,0,0,0,0,0,0,"-","-","BERKELEY","ALAMEDA","CA",0,0
"3835781",-122.252489134,37.8695793152,2008,"0103","0","5","4","09",0,1,"A",,,"Y",,,1200,6,"B","C","A","BANCROFT WY","PIEDMONT AV",31,"W","N","2009-01-05",103,"2008-06-13",1117,"#1","27","5","6","0","0",,"0","007","-","N",,0,0,,,0,,,,"Y",2,"A","-",21802,"A","N","A","H","-","A","A","0","Y","A","01",0,0,1,0,0,0,0,0,1,"-","-","BERKELEY","ALAMEDA","CA",0,0
"3835791",-122.272303152,37.8651847839,2008,"0103","0","4","4","08",0,1,"A",,"Y","Y",,,1800,6,"B","G","A","MARTIN LUTHER KING JR WY","CHANNING WY",0,,"Y","2009-01-03",103,"2008-06-05",1514,"57","33","5","6","0","0",,"0","005","-","N",,0,0,,,0,,,,"N",2,"A","-",22101,"D","N","A","H","-","A","A","0","Y","C","02",0,0,1,0,0,0,1,0,0,"-","-","BERKELEY","ALAMEDA","CA",0,0
"3835792",-122.295293231,37.878890071,2008,"0103","0","3","3","-",0,1,"A",,"Y",,,,1500,6,"B","G","A","RT 123","CAMELIA ST",53,"N","N","2009-01-20",103,"2008-06-04",1230,"83","22","5","6","0","0",,"0","018","-","Y","ALA",4,123,"-","-",3.86,"H","-","N","N",2,"-","-",0,,"N","A","H","-","A","D","0","Y","-","-",0,1,0,0,0,0,1,0,0,"-","-","BERKELEY","ALAMEDA","CA",0,0
"3835796",-122.305458133,37.8732643127,2008,"0103","0","3","4","03",0,1,"A",,,,,,900,6,"C","C","A","EASTSHORE HWY","CEDAR ST",82,"N","N","2009-01-06",103,"2008-06-04",805,"83","20","5","6","0","0",,"0","017","-","N",,0,0,,,0,,,,"Y",4,"A","-",22350,,"N","A","H","-","A","D","0","Y","A","01",0,0,1,0,0,0,0,0,0,"-","-","BERKELEY","ALAMEDA","CA",0,0
"3835798",-122.279938185,37.8914375305,2008,"0103","0","6","4","03",0,1,"A","Y",,,,,1500,6,"B","B","E","COLUSA AV","SOLANO AV",45,"N","N","2009-01-03",103,"2008-06-07",1330,"#7","12","5","6","0","0",,"0","001","-","N",,0,0,,,0,,,,"N",2,"A","-",22350,,"N","A","H","-","A","D","0","Y","A","01",0,0,1,0,1,0,0,0,0,"-","-","BERKELEY","ALAMEDA","CA",0,0
"3835801",-122.252397328,37.8503837585,2008,"0103","0","5","4","10",0,1,"A","Y",,,,,1800,6,"G","B","B","COLLEGE AV","63RD ST",14,"N","N","2009-01-05",103,"2008-06-13",1527,"23","39","5","6","0","0",,"0","009","-","N",,0,0,,,0,,,,"N",2,"A","-",21950,"A","N","A","H","-","A","A","0","Y","A","01",0,0,1,0,1,0,0,0,0,"-","-","BERKELEY","ALAMEDA","CA",0,0
"3835803",-122.277863152,37.8581161499,2008,"0103","0","4","4","12",0,1,"A",,,,,"Y",1500,6,"D","C","A","CALIFORNIA ST","WARD ST",0,,"Y","2009-01-02",103,"2008-06-05",1315,"8","34","5","6","0","0",,"0","012","-","N",,0,0,,,0,,,,"N",2,"A","-",22450,,"F","A","H","-","A","A","0","Y","A","01",0,0,1,0,0,0,0,0,0,"-","-","BERKELEY","ALAMEDA","CA",0,0
"3835810",-122.261964232,37.8976974487,2008,"0103","0","1","4","05",0,1,"A",,,,,,1500,6,"A","C","A","GRIZZLY PEAK BL","MARIN AV",270,"N","N","2009-01-05",103,"2008-06-09",1206,"32","11","5","6","0","0",,"0","001","-","N",,0,0,,,0,,,,"N",2,"A","-",21650,,"N","A","H","-","A","D","0","Y","A","01",0,0,1,0,0,0,0,0,0,"-","-","BERKELEY","ALAMEDA","CA",0,0
"3835813",-122.287236078,37.8761634827,2008,"0103","0","6","4","09",0,1,"A",,"Y",,,,1200,6,"D","G","A","CEDAR ST","JUANITA WY",168,"W","N","2009-01-05",103,"2008-06-14",1101,"64","22","5","6","0","0",,"0","018","-","N",,0,0,,,0,,,,"N",2,"A","-",21804,"A","N","A","H","-","A","A","0","Y","L","04",0,0,1,0,0,0,1,0,0,"-","-","BERKELEY","ALAMEDA","CA",0,0
"3835817",-122.270982075,37.8525466919,2008,"0103","0","2","4","03",0,1,"A",,,,,,1200,6,"C","C","A","MARTIN LUTHER KING JR WY","PRINCE ST",30,"N","N","2009-01-05",103,"2008-06-17",940,"98","34","5","6","0","0",,"0","011","-","N",,0,0,,,0,,,,"N",2,"A","-",22350,,"N","A","H","-","A","A","0","Y","A","08",0,0,1,0,0,0,0,0,0,"-","-","BERKELEY","ALAMEDA","CA",0,0
"3835818",-122.273370798,37.8745422363,2008,"0103","0","7","4","01",0,1,"A",,,,,,2400,6,"C","E","A","MARTIN LUTHER KING JR WY","DELAWARE ST",127,"N","-","2009-01-03",103,"2008-06-08",2350,"86","24","5","6","0","0",,"0","003","-","N",,0,0,,,0,,,,"Y",3,"A","-",23152,"A","N","A","H","-","C","D","0","Y","A","01",0,0,1,0,0,0,0,0,0,"-","-","BERKELEY","ALAMEDA","CA",0,0
"3835821",-122.284323154,37.8701667786,2008,"0103","0","2","3","12",0,1,"A",,,,,,1200,6,"A","C","A","UNIVERSITY AV","ACTON ST",0,,"Y","2009-01-05",103,"2008-06-17",1018,"83","21","5","6","0","0",,"0","018","-","N",,0,0,,,0,,,,"Y",2,"A","-",21453,"A","N","A","H","-","A","A","0","Y","-","-",0,1,0,0,0,0,0,0,0,"-","-","BERKELEY","ALAMEDA","CA",0,0
"3835829",-122.26864315,37.8564758301,2008,"0103","0","1","3","09",0,1,"B",,"Y",,,,900,6,"H","G","A","ADELINE ST","RUSSELL ST",0,,"Y","2009-01-05",103,"2008-06-16",829,"102","35","5","6","0","0",,"0","010","-","N",,0,0,,,0,,,,"N",2,"A","-",21802,"A","N","A","H","-","A","A","0","Y","L","04",0,1,0,0,0,0,1,0,0,"-","-","BERKELEY","ALAMEDA","CA",0,0
"3835834",0,0,2008,"0103","0","1","4","10",0,1,"A","Y",,,,,1800,6,"G","B","B","BLAKE ST","MARTIN LUTHER KING JR WY",5,,"N","2009-01-05",103,"2008-06-09",1515,"#1","35","5","6","0","0",,"0","005","-","N",,0,0,,,0,,,,"N",2,"A","-",21950,"A","N","A","H","-","A","A","0","Y","A","01",0,0,1,0,1,0,0,0,0,"-","-","BERKELEY","ALAMEDA","CA",0,0