"CASEID","POINT_X","POINT_Y","YEAR_","LOCATION","CHPTYPE","DAYWEEK","CRASHSEV","VIOLCAT","KILLED","INJURED","WEATHER1","PEDCOL","BICCOL","MCCOL","TRUCKCOL","ETOH","TIMECAT","MONTH_","CRASHTYP","INVOLVE","PED","PRIMARYRD","SECONDRD","DISTANCE","DIRECT","INTERSECT_","PROCDATE","JURIS","DATE_","TIME_","BADGE","JURIDIST","SHIFT","POP","SPECIAL","BEATTYPE","LAPDDIV","BEATCLAS","BEATNUMB","WEATHER2","STATEHW","CALTRANC","CALTRAND","STROUTE","ROUTESUF","POSTPRE","POSTMILE","LOCATYPE","RAMP","SIDEHW","TOWAWAY","PARTIES","PCF","VIOLCODE","VIOL","VIOLSUB","HITRUN","ROADSURF","RDCOND1","RDCOND2","LIGHTING","RIGHTWAY","CHPRDTYP","NOTPRIV","STFAULT","CHPFAULT","SEVINJ","OTHERINJ","COP","PEDKILL","PEDINJ","BICKILL","BICINJ","MCKILL","MCINJURE","RAMP1","RAMP2","CITY","COUNTY","STATE","X_CHP","Y_CHP"
"3835837",-122.292325387,37.869258913,2008,"0103","0","3","4","03",0,2,"A",,,,,,1200,6,"C","C","A","SAN PABLO AV","UNIVERSITY AV",43,,"N","2009-01-26",103,"2008-06-18",954,"151","21","5","6","0","0",,"0","016","-","Y","ALA",4,123,"-","-",3.16,"H","-","S","Y",4,"A","-",22350,,"N","A","H","-","A","A","0","Y","A","07",0,0,2,0,0,0,0,0,0,"-","-","BERKELEY","ALAMEDA","CA",0,0
"3835838",-122.266213152,37.8724746704,2008,"0103","0","2","2","09",0,1,"A",,,"Y",,,1200,6,"A","D","A","OXFORD ST","UNIVERSITY AV",0,,"Y","2009-01-14",103,"2008-06-10",1047,"57","24","5","6","0","0",,"0","004","-","N",,0,0,,,0,,,,,2,"A","-",21801,"A","N","A","H","-","A","A","0","Y","A","01",1,0,0,0,0,0,0,0,1,"-","-","BERKELEY","ALAMEDA","CA",0,0
"3835845",-122.295588701,37.879854615,2008,"0103","0","3","4","-",0,3,"A",,,,,,2100,6,"-","C","A","RT 123","GILMAN ST",287,"S","N","2009-01-26",103,"2008-06-18",1810,"39","20","5","6","0","0",,"0","017","-","Y","ALA",4,123,"-","-",3.93,"H","-","N","Y",2,"A","-",0,,"N","A","-","-","A","A","0","Y","D","22",0,0,3,0,0,0,0,0,0,"-","-","BERKELEY","ALAMEDA","CA",0,0
"3835849",-122.267693151,37.865776062,2008,"0103","0","4","3","08",0,1,"A",,"Y",,,,1200,6,"D","G","A","SHATTUCK AV","CHANNING WY",0,,"Y","2009-01-03",103,"2008-06-19",906,"#40","29","5","6","0","0",,"0","005","-","N",,0,0,,,0,,,,"N",2,"A","-",22107,,"N","A","A","-","A","A","0","Y","A","01",0,1,0,0,0,0,1,0,0,"-","-","BERKELEY","ALAMEDA","CA",0,0
"3835850",-122.29331708,37.872341532,2008,"0103","0","5","4","03",0,1,"B",,,,,,1500,6,"B","C","A","RT 123","FRANCISCO ST",70,"S","N","2009-01-26",103,"2008-06-27",1348,"6","22","5","6","0","0",,"0","017","-","Y","ALA",4,123,"-","-",3.39,"H","-","S","Y",4,"A","-",22350,,"N","A","H","-","A","A","0","Y","A","01",0,0,1,0,0,0,0,0,0,"-","-","BERKELEY","ALAMEDA","CA",0,0
"3835853",-122.304349674,37.8697891235,2008,"0103","0","4","4","09",0,2,"A",,,,,,1200,6,"D","C","A","EASTSHORE HWY","VIRGINIA ST",508,"S","N","2009-01-05",103,"2008-06-19",942,"57","20","5","6","0","0",,"0","016","-","N",,0,0,,,0,,,,"Y",2,"A","-",21804,"A","N","A","H","-","A","D","0","Y","A","08",0,0,2,0,0,0,0,0,0,"-","-","BERKELEY","ALAMEDA","CA",0,0
"3835856",-122.289461087,37.860859401,2008,"0103","0","1","3","15",0,1,"A",,"Y",,,"Y",2400,6,"D","G","A","RT 123","DWIGHT WY",80,"S","N","2009-01-26",103,"2008-06-02",2212,"153","20","5","6","0","0",,"0","015","-","Y","ALA",4,123,"-","-",2.55,"H","-","N","N",2,"A","-",21201,"A","N","A","H","-","C","D","0","Y","L","04",0,1,0,0,0,0,1,0,0,"-","-","BERKELEY","ALAMEDA","CA",0,0
"3835861",-122.281273153,37.8621635437,2008,"0103","0","4","4","09",0,2,"A",,,,,,2400,6,"A","C","A","SACRAMENTO ST","DWIGHT WY",0,,"Y","2009-01-05",103,"2008-06-19",2225,"123","30","5","6","0","0",,"0","014","-","N",,0,0,,,0,,,,"Y",3,"A","-",21801,"A","N","A","H","-","C","A","0","Y","A","01",0,0,2,0,0,0,0,0,0,"-","-","BERKELEY","ALAMEDA","CA",0,0
"3835862",-122.266382226,37.8741493225,2008,"0103","0","4","3","08",0,1,"A",,"Y",,,,600,6,"A","G","A","HEARST AV","OXFORD ST",12,"E","N","2009-01-05",103,"2008-06-26",520,"38","26","5","6","0","0",,"0","002","-","N",,0,0,,,0,,,,"N",2,"A","-",22100,"B","N","A","D","-","B","A","0","Y","A","01",0,1,0,0,0,0,1,0,0,"-","-","BERKELEY","ALAMEDA","CA",0,0
"3835865",-122.2727148,37.8716621399,2008,"0103","0","5","3","17",0,1,"A",,"Y",,,,1500,6,"A","G","A","UNIVERSITY AV","MARTIN LUTHER KING JR WY",90,"E","N","2009-01-05",103,"2008-06-20",1430,"38","24","5","6","0","0",,"0","003","-","N",,0,0,,,0,,,,"N",2,"A","-",22517,,"F","A","H","-","A","D","0","Y","A","01",0,1,0,0,0,0,1,0,0,"-","-","BERKELEY","ALAMEDA","CA",0,0
"3835870",-122.258535365,37.8653831482,2008,"0103","0","1","4","08",0,1,"A",,"Y",,,,1200,6,"B","G","A","TELEGRAPH AV","DWIGHT WY",99,"N","N","2009-01-05",103,"2008-06-30",946,"3","28","5","6","0","0",,"0","006","-","N",,0,0,,,0,,,,"N",2,"A","-",22107,,"N","A","H","-","A","D","0","Y","L","04",0,0,1,0,0,0,1,0,0,"-","-","BERKELEY","ALAMEDA","CA",0,0
"3835872",-122.269413054,37.8802871704,2008,"0103","0","4","4","03",0,1,"A",,,,,,1500,6,"C","C","A","SHATTUCK AV","VINE ST",30,"N","N","2009-01-05",103,"2008-06-12",1430,"18","17","5","6","0","0",,"0","001","-","N",,0,0,,,0,,,,"N",2,"A","-",22350,,"N","A","H","-","A","A","0","Y","A","01",0,0,1,0,0,0,0,0,0,"-","-","BERKELEY","ALAMEDA","CA",0,0
"3835876",-122.26100276,37.8593177795,2008,"0103","0","5","4","21",0,1,"A",,,,,,2100,6,"D","C","A","STUART ST","STUART ST 2333",0,,"N","2009-01-05",103,"2008-06-06",1915,"107","36","5","6","0","0",,"0","009","-","N",,0,0,,,0,,,,"N",2,"A","-",22106,,"N","A","H","-","A","D","0","Y","A","01",0,0,1,0,0,0,0,0,0,"-","-","BERKELEY","ALAMEDA","CA",0,0
"3835877",-122.277683154,37.8718757629,2008,"0103","0","6","4","03",0,1,"A",,"Y",,,,1500,6,"E","I","A","BERKELEY WY","MCGEE AV",0,"E","N","2009-01-05",103,"2008-06-21",1339,"38","23","5","6","0","0",,"0","003","-","N",,0,0,,,0,,,,"N",1,"A","-",22350,,"N","A","H","-","A","D","0","Y","L","04",0,0,1,0,0,0,1,0,0,"-","-","BERKELEY","ALAMEDA","CA",0,0
"3835878",-122.274026603,37.8483772278,2008,"0103","0","1","4","21",0,1,"A",,,"Y",,,2400,6,"C","C","A","ALCATRAZ AV","KING ST",115,"W","N","2009-01-05",103,"2008-06-30",2104,"155","40","5","6","0","0",,"0","011","-","N",,0,0,,,0,,,,"N",2,"A","-",22106,,"N","A","H","-","C","D","0","Y","A","01",0,0,1,0,0,0,0,0,1,"-","-","BERKELEY","ALAMEDA","CA",0,0
"3835893",-122.291394533,37.8499450684,2008,"0103","0","1","4","21",0,1,"A",,,,,,1500,6,"B","C","A","FOLGER AV","7TH ST",165,"W","N","2009-01-05",103,"2008-06-23",1455,"94","20","5","6","0","0",,"0","015","-","N",,0,0,,,0,,,,"Y",2,"A","-",22106,,"N","A","H","-","A","D","0","Y","A","01",0,0,1,0,0,0,0,0,0,"-","-","BERKELEY","ALAMEDA","CA",0,0
"3835901",0,0,2008,"0103","0","4","4","03",0,1,"A",,,,,,1200,6,"C","C","A","UNIVERSITY AV","MILVIA ST",56,,"N","2009-01-09",103,"2008-06-26",1151,"38","29","5","6","0","0",,"0","004","-","N",,0,0,,,0,,,,"N",3,"A","-",22350,,"N","A","H","-","A","A","0","Y","A","01",0,0,1,0,0,0,0,0,0,"-","-","BERKELEY","ALAMEDA","CA",0,0
"3835909",-122.278583153,37.8616333008,2008,"0103","0","2","3","12",0,1,"B",,"Y",,,,2100,6,"D","G","A","BLAKE ST","CALIFORNIA ST",0,,"Y","2009-01-05",103,"2008-06-24",2031,"15","0142","5","6","0","0",,"0","005","-","N",,0,0,,,0,,,,"N",2,"A","-",22450,,"N","A","H","-","B","A","0","Y","L","04",0,1,0,0,0,0,1,0,0,"-","-","BERKELEY","ALAMEDA","CA",0,0
"3836021",-122.27097315,37.8524665833,2008,"0103","0","3","3","09",0,1,"A",,"Y",,,,2100,5,"D","G","A","MARTIN LUTHER KING JR WY","PRINCE ST",0,,"Y","2008-11-24",103,"2008-05-28",1947,"8","39","5","6","0","0",,"0","011","-","N",,0,0,,,0,,,,"N",2,"A","-",21804,"A","N","A","H","-","A","D","0","Y","L","04",0,1,0,0,0,0,1,0,0,"-","-","BERKELEY","ALAMEDA","CA",0,0
"3844275",-122.299263158,37.8797950745,2008,"0103","0","5","4","09",0,3,"A",,,,,,900,8,"D","C","A","GILMAN ST","8TH ST",0,,"Y","2009-03-19",103,"2008-08-29",807,"64","20","5","6","0","0",,"0","017","-","N",,0,0,,,0,,,,"Y",2,"A","-",21801,"A","N","A","H","-","A","A","0","Y","A","01",0,0,3,0,0,0,0,0,0,"-","-","BERKELEY","ALAMEDA","CA",0,0
"3844291",-122.292122708,37.869,2008,"0103","0","2","4","03",0,1,"A",,,,"Y",,900,8,"B","E","A","UNIVERSITY AV","SAN PABLO AV",30,"E","N","2009-04-01",103,"2008-08-12",805,"19","21","5","6","0","0",,"0","016","-","Y","ALA",4,123,"-","-",3.15,"I","6","N","N",2,"A","-",22350,,"N","A","H","-","A","D","0","Y","G","25",0,0,1,0,0,0,0,0,0,"-","-","BERKELEY","ALAMEDA","CA",0,0
"3844299",-122.255998025,37.856660632,2008,"0103","0","1","3","03",0,2,"A",,,,"Y",,1200,8,"C","C","A","RT 13","REGENT ST",37,"W","N","2009-04-30",103,"2008-08-04",1056,"50","36","5","6","0","0",,"0","009","-","Y","ALA",4,13,"-","-",11.46,"H","-","N","Y",2,"A","-",22350,,"N","A","H","-","A","D","0","Y","A","08",0,1,1,0,0,0,0,0,0,"-","-","BERKELEY","ALAMEDA","CA",0,0
"3849404",-122.298577431,37.846723349,2008,"0103","1","6","4","03",0,2,"A",,,,,,1800,8,"C","C","A","RT 80","ASHBY AV",200,"E","N","2009-03-25",9370,"2008-08-02",1650,"18812",,"2","6","0","1",,"2","081","-","Y","ALA",4,80,"-","-",4.49,"H","-","W","Y",2,"A","-",22350,,"N","A","H","-","A","D","6","Y","D","22",0,0,2,0,0,0,0,0,0,"-","-","BERKELEY","ALAMEDA","CA",0,0
"3855052",-122.308330368,37.881921571,2008,"0103","1","6","4","03",0,1,"A",,,,,,1800,8,"C","C","A","RT 80","GILMAN ST",800,"E","N","2009-03-27",9370,"2008-08-02",1515,"18593",,"2","6","0","1",,"2","081","-","Y","ALA",4,80,"-","-",6.83,"H","-","W","N",3,"A","-",22350,,"N","A","H","-","A","D","6","Y","A","01",0,0,1,0,0,0,0,0,0,"-","-","BERKELEY","ALAMEDA","CA",0,0
"3855120",-122.305861283,37.873962095,2008,"0103","1","7","3","08",0,1,"A",,,,,,300,8,"E","I","A","RT 80","GILMAN ST",1056,"W","N","2009-03-27",9370,"2008-08-03",207,"18437",,"3","6","0","1",,"2","081","-","Y","ALA",4,80,"-","-",6.42,"H","-","E","Y",2,"A","-",22107,,"N","A","H","-","D","D","6","Y","A","01",0,1,0,0,0,0,0,0,0,"-","-","BERKELEY","ALAMEDA","CA",0,0
"3857857",-122.305741177,37.872346562,2008,"0103","1","3","4","01",0,1,"A",,,,"Y",,2100,9,"C","C","A","RT 80","GILMAN ST",1584,"W","N","2009-04-29",9370,"2008-09-10",1800,"19051",,"2","6","0","1",,"2","081","-","Y","ALA",4,80,"-","-",6.32,"H","-","W","Y",2,"A","-",23152,"A","N","A","H","-","A","D","6","Y","A","07",0,0,1,0,0,0,0,0,0,"-","-","BERKELEY","ALAMEDA","CA",0,0
"3858002",-122.304540032,37.86979155,2008,"0103","1","3","2","07",0,1,"A",,,,,"Y",300,7,"C","C","A","RT 80","UNIVERSITY AV",792,"E","N","2009-03-12",9370,"2008-07-09",55,"18837",,"3","6","0","1",,"2","081","-","Y","ALA",4,80,"-","-",5.99,"H","-","E","Y",2,"A","-",21658,"A","F","A","H","-","C","D","6","Y","A","01",1,0,0,0,0,0,0,0,0,"-","-","BERKELEY","ALAMEDA","CA",0,0
"3863032",-122.303415523,37.865048134,2008,"0103","1","5","4","03",0,1,"A",,,,,,1200,7,"C","C","A","RT 80","UNIVERSITY AV",500,"W","N","2009-03-24",9370,"2008-07-11",957,"18864",,"1","6","0","1",,"2","081","-","Y","ALA",4,80,"-","-",5.75,"H","-","W","Y",2,"A","-",22350,,"N","A","H","-","A","D","6","Y","A","01",0,0,1,0,0,0,0,0,0,"-","-","BERKELEY","ALAMEDA","CA",0,0
"3863040",-122.303605995,37.865690696,2008,"0103","1","4","3","07",0,1,"A",,,"Y",,,1800,7,"B","C","A","RT 80","UNIVERSITY AV",200,"W","N","2009-03-24",9370,"2008-07-17",1515,"18782",,"2","6","0","1",,"2","081","-","Y","ALA",4,80,"-","-",5.8,"H","-","W","Y",2,"A","-",21658,"A","N","A","H","-","A","D","6","Y","C","02",0,1,0,0,0,0,0,0,1,"-","-","BERKELEY","ALAMEDA","CA",0,0
"3863158",-122.299122599,37.850145116,2008,"0103","1","4","4","03",0,1,"A",,,,,,900,7,"C","C","A","RT 80","ASHBY AV",200,"E","N","2009-03-26",9370,"2008-07-17",745,"10521",,"1","6","0","1",,"2","081","-","Y","ALA",4,80,"-","-",4.62,"H","-","E","Y",2,"A","-",22350,,"N","A","H","-","A","D","6","Y","A","07",0,0,1,0,0,0,0,0,0,"-","-","BERKELEY","ALAMEDA","CA",0,0
"3866003",-122.298326369,37.846695607,2008,"0103","1","3","4","03",0,1,"A",,,,,,1500,7,"C","C","A","RT 80","EAST ASHBY AV",25,"W","N","2009-03-17",9370,"2008-07-16",1445,"01887",,"2","6","0","1",,"2","081","-","Y","ALA",4,80,"-","-",4.44,"H","-","E","Y",2,"A","-",22350,,"M","A","H","-","A","D","6","Y","A","01",0,0,1,0,0,0,0,0,0,"-","-","BERKELEY","ALAMEDA","CA",0,0
"3876143",-122.259376415,37.856229823,2008,"0103","0","3","2","06",0,1,"A",,"Y",,,,900,8,"B","G","A","TELEGRAPH AV","RT 13",55,"S","N","2009-04-06",103,"2008-08-27",820,"102","30","5","6","0","0",,"0","009","-","Y","ALA",4,13,"-","-",11.61,"I","6","S","N",3,"A","-",21750,,"N","A","H","-","A","D","0","Y","I","20",1,0,0,0,0,0,1,0,0,"-","-","BERKELEY","ALAMEDA","CA",0,0
"3876159",-122.305823159,37.8784637451,2008,"0103","0","3","3","09",0,1,"A",,,"Y","Y",,900,9,"D","C","A","GILMAN ST","2ND ST",0,,"Y","2009-04-06",103,"2008-09-24",640,"83","20","5","6","0","0",,"0","017","-","N",,0,0,,,0,,,,"N",3,"A","-",21802,,"N","A","H","-","A","D","0","Y","F","25",0,1,0,0,0,0,0,0,1,"-","-","BERKELEY","ALAMEDA","CA",0,0
"3876449",-122.289334051,37.860444093,2008,"0103","0","4","4","21",0,2,"A",,,,,,1500,7,"B","C","A","RT 123","BLAKE ST",30,"N","N","2009-03-16",103,"2008-07-17",1400,"131","C33","5","6","0","0",,"0","B14","-","Y","ALA",4,123,"-","-",2.52,"H","-","N","N",3,"A","-",22106,,"F","A","H","-","A","D","0","Y","A","01",0,0,2,0,0,0,0,0,0,"-","-","BERKELEY","ALAMEDA","CA",0,0
"3876484",-122.291783156,37.8764343262,2008,"0103","0","5","4","09",0,1,"A",,,,,,1800,7,"B","C","A","HOPKINS ST","CORNELL AV",0,,"Y","2009-02-18",103,"2008-07-18",1555,"39","19","5","6","0","0",,"0","018","-","N",,0,0,,,0,,,,"Y",2,"A","-",21802,"A","N","A","H","-","A","A","0","Y","A","01",0,0,1,0,0,0,0,0,0,"-","-","BERKELEY","ALAMEDA","CA",0,0
"3876496",-122.266007219,37.8706855774,2008,"0103","0","6","4","08",0,1,"A",,"Y",,,,1800,7,"B","G","A","OXFORD ST","CENTER ST",44,"N","N","2009-02-18",103,"2008-07-19",1541,"128","29","5","6","0","0",,"0","004","-","N",,0,0,,,0,,,,"N",2,"A","-",22107,,"N","A","H","-","A","A","0","Y","M","96",0,0,1,0,0,0,1,0,0,"-","-","BERKELEY","ALAMEDA","CA",0,0
"3876500",-122.296053154,37.8504142761,2008,"0103","0","7","4","03",0,1,"A",,,,,,300,7,"H","I","A","BAY ST","POTTER",0,,"Y","2009-02-18",103,"2008-07-20",208,"37","20","5","6","0","0",,"0","005","-","N",,0,0,,,0,,,,"Y",1,"A","-",22350,,"N","A","H","-","C","A","0","Y","A","01",0,0,1,0,0,0,0,0,0,"-","-","BERKELEY","ALAMEDA","CA",0,0
"3876501",-122.289986665,37.862517596,2008,"0103","0","4","4","03",0,1,"A",,,,,,1500,7,"C","C","A","RT 123","CHANNING WY",141,"S","N","2009-03-16",103,"2008-07-03",1227,"137","32","5","6","0","0",,"0","014","-","Y","ALA",4,123,"-","-",2.67,"H","-","N","Y",2,"A","-",22350,,"N","A","H","-","A","D","0","Y","A","01",0,0,1,0,0,0,0,0,0,"-","-","BERKELEY","ALAMEDA","CA",0,0
"3876502",-122.279192815,37.853269693,2008,"0103","0","2","4","03",0,5,"A",,,,,,1800,7,"C","C","A","SACRAMENTO ST","RT 13",15,"N","N","2009-03-25",103,"2008-07-15",1513,"19","33","5","6","0","0",,"0","013","-","Y","ALA",4,13,"-","-",12.76,"I","6","N","N",2,"A","-",22350,,"N","A","H","-","A","A","0","Y","A","01",0,0,5,0,0,0,0,0,0,"-","-","BERKELEY","ALAMEDA","CA",0,0
"3876506",-122.27157315,37.8486938477,2008,"0103","0","2","3","09",0,1,"A",,"Y",,,,1800,7,"D","G","A","ADELINE ST","ALCATRAZ AV",0,,"Y","2009-02-12",103,"2008-07-15",1756,"43","40","5","6","0","0",,"0","011","-","N",,0,0,,,0,,,,"N",2,"A","-",21801,"A","F","A","H","-","A","A","0","Y","-","-",0,1,0,0,0,0,1,0,0,"-","-","BERKELEY","ALAMEDA","CA",0,0
"3876513",-122.253241206,37.8587493896,2008,"0103","0","4","3","03",0,2,"A",,"Y",,,,1800,7,"A","G","A","COLLEGE AV","RUSSELL ST",100,"N","N","2009-02-12",103,"2008-07-03",1706,"17","37","5","6","0","0",,"0","008","-","N",,0,0,,,0,,,,"Y",2,"A","-",22350,,"N","A","H","-","A","D","0","Y","L","04",0,2,0,0,0,0,2,0,0,"-","-","BERKELEY","ALAMEDA","CA",0,0
"3876516",-122.245013147,37.858455658,2008,"0103","0","2","4","03",0,1,"A",,,,,,1800,7,"C","C","A","CLAREMONT BL","CLAREMONT AV",0,,"Y","2009-02-18",103,"2008-07-22",1720,"122","37","5","6","0","0",,"0","008","-","N",,0,0,,,0,,,,"N",2,"A","-",22350,,"N","A","H","-","A","D","0","Y","A","01",0,0,1,0,0,0,0,0,0,"-","-","BERKELEY","ALAMEDA","CA",0,0
"3876517",0,0,2008,"0103","0","4","3","03",0,1,"A",,,,,,1800,7,"C","C","A","COLUSA AV","MAIN AV",18,"S","N","2009-02-12",103,"2008-07-03",1635,"7","13","5","6","0","0",,"0","001","-","N",,0,0,,,0,,,,"Y",2,"A","-",22350,,"N","A","H","-","A","D","0","Y","A","01",0,1,0,0,0,0,0,0,0,"-","-","BERKELEY","ALAMEDA","CA",0,0
"3876518",-122.271543151,37.8579559326,2008,"0103","0","2","3","06",0,1,"A",,"Y",,,,1500,7,"B","G","A","MARTIN LUTHER KING JR WY","STUART ST",0,,"Y","2009-02-12",103,"2008-07-15",1232,"123","35","5","6","0","0",,"0","012","-","N",,0,0,,,0,,,,"N",2,"A","-",21951,,"F","A","H","-","A","D","0","Y","A","01",0,1,0,0,0,0,1,0,0,"-","-","BERKELEY","ALAMEDA","CA",0,0
"3876524",-122.256585821,37.8553543091,2008,"0103","0","3","4","05",0,1,"A",,"Y",,,,2100,7,"D","G","A","REGENT ST","WEBSTER ST",100,"S","N","2009-02-18",103,"2008-07-23",1831,"17","39","5","6","0","0",,"0","009","-","N",,0,0,,,0,,,,"N",2,"A","-",21650,,"N","A","H","-","A","D","0","Y","L","04",0,0,1,0,0,0,1,0,0,"-","-","BERKELEY","ALAMEDA","CA",0,0
"3876525",-122.273140875,37.8726196289,2008,"0103","0","7","3","01",0,1,"A",,,,,"Y",600,7,"C","E","A","MARTIN LUTHER KING JR WY","BERKELEY WY",57,"N","N","2009-02-23",103,"2008-07-06",408,"122","23","5","6","0","0",,"0","003","-","N",,0,0,,,0,,,,"N",3,"A","-",23152,,"M","A","H","-","C","D","0","Y","A","01",0,1,0,0,0,0,0,0,0,"-","-","BERKELEY","ALAMEDA","CA",0,0
"3876526",-122.302488114,37.8608932495,2008,"0103","0","3","4","03",0,1,"A",,,,,,1200,7,"C","C","A","WEST FRONTAGE RD","UNIVERSITY AV",2295,"S","N","2009-02-12",103,"2008-07-16",1155,"39","20","5","6","0","0",,"0","016","-","N",,0,0,,,0,,,,"Y",3,"A","-",22350,,"N","A","H","-","A","D","0","Y","-","-",0,0,1,0,0,0,0,0,0,"-","-","BERKELEY","ALAMEDA","CA",0,0
"3876537",-122.156814377,37.7385940552,2008,"0103","0","3","4","11",0,1,"A","Y",,,,,1800,7,"G","B","D","DURANT","DURANT 2210",0,,"-","2009-02-12",103,"2008-07-02",1726,"149","C28","5","6","0","0",,"0","006","-","N",,0,0,,,0,,,,"N",2,"A","-",21955,,"N","A","H","-","A","D","0","Y","N","60",0,0,1,0,1,0,0,0,0,"-","-","BERKELEY","ALAMEDA","CA",0,0
"3876538",-122.279339303,37.8502197266,2008,"0103","0","3","4","08",0,1,"A",,,,,,1800,7,"C","E","A","66TH ST","SACRAMENTO ST",260,"W","N","2009-02-24",103,"2008-07-16",1626,"126","40","5","6","0","0",,"0","013","-","N",,0,0,,,0,,,,"N",2,"A","-",22107,,"N","A","H","-","A","D","0","Y","A","07",0,0,1,0,0,0,0,0,0,"-","-","BERKELEY","ALAMEDA","CA",0,0
"3876540",-122.293229729,37.872073457,2008,"0103","0","4","4","01",0,1,"A",,,,,"Y",300,7,"B","E","A","RT 123","DELAWARE ST",158,"N","N","2009-03-16",103,"2008-07-24",249,"146","22","5","6","0","0",,"0","018","-","Y","ALA",4,123,"-","-",3.37,"H","-","S","Y",4,"A","-",23153,"A","F","A","H","-","C","D","0","Y","A","07",0,0,1,0,0,0,0,0,0,"-","-","BERKELEY","ALAMEDA","CA",0,0
"3876541",-122.273942513,37.8798065186,2008,"0103","0","7","3","01",0,1,"A",,,,,"Y",600,7,"C","E","A","MARTIN LUTHER KING JR WY","VINE ST",67,"N","N","2009-02-12",103,"2008-07-06",442,"24","17","5","6","0","0",,"0","003","-","N",,0,0,,,0,,,,"Y",5,"A","-",23152,"A","M","A","H","-","C","D","0","Y","A","01",0,1,0,0,0,0,0,0,0,"-","-","BERKELEY","ALAMEDA","CA",0,0
"3876543",-122.270686599,37.8707847595,2008,"0103","0","6","3","17",0,1,"A",,"Y",,,"Y",1200,7,"B","G","A","MILVIA ST","ADDISON ST",40,"S","N","2009-02-17",103,"2008-07-26",1020,"147","29","5","6","0","0",,"0","004","-","N",,0,0,,,0,,,,"N",2,"A","-",22517,,"N","A","H","-","A","D","0","Y","A","07",0,1,0,0,0,0,1,0,0,"-","-","BERKELEY","ALAMEDA","CA",0,0
"3876548",-122.264402656,37.8862419128,2008,"0103","0","4","3","-",0,1,"A",,,,,,2100,7,"A","C","A","GLEN AV","EUNICE ST",45,"S","N","2009-02-18",103,"2008-07-24",1940,"141","15","5","6","0","0",,"0","002","-","N",,0,0,,,0,,,,"Y",2,"A","-",0,,"N","A","H","-","A","D","0","Y","A","01",0,1,0,0,0,0,0,0,0,"-","-","BERKELEY","ALAMEDA","CA",0,0
"3876549",-122.27157315,37.8486938477,2008,"0103","0","5","4","08",0,1,"A",,,,,,1500,7,"B","C","A","ALCATRAZ AV","ADELINE ST",0,,"Y","2009-02-24",103,"2008-07-11",1415,"31","39","5","6","0","0",,"0","011","-","N",,0,0,,,0,,,,"N",2,"A","-",22100,"A","N","A","H","-","A","A","0","Y","A","01",0,0,1,0,0,0,0,0,0,"-","-","BERKELEY","ALAMEDA","CA",0,0
"3876555",-122.267966931,37.8682060242,2008,"0103","0","1","3","08",0,1,"A",,"Y",,,,1500,7,"B","G","A","SHATTUCK AV","KITTREDGE ST",106,"S","N","2009-02-18",103,"2008-07-28",1240,"26","29","5","6","0","0",,"0","004","-","N",,0,0,,,0,,,,"N",2,"A","-",22107,,"N","A","H","-","A","D","0","Y","A","01",0,1,0,0,0,0,1,0,0,"-","-","BERKELEY","ALAMEDA","CA",0,0
"3879540",-122.291659628,37.850779808,2008,"0103","0","6","4","08",0,1,"B",,,,,,1200,7,"B","C","A","RT 13","7TH ST",500,"W","N","2009-03-17",103,"2008-07-12",914,"32","20","5","6","0","0",,"0","016","-","Y","ALA",4,13,"-","-",13.53,"H","-","S","Y",2,"A","-",22107,,"N","A","H","-","A","D","0","Y","D","22",0,0,1,0,0,0,0,0,0,"-","-","BERKELEY","ALAMEDA","CA",0,0
"3879548",-122.274867121,37.853813731,2008,"0103","0","5","4","07",0,1,"A",,,,,,2400,7,"D","C","A","ASHBY AV","KING ST",83,"W","N","2009-03-19",103,"2008-07-11",2158,"19","40","5","6","0","0",,"0","012","-","Y","ALA",4,13,"-","-",12.52,"H","-","N","N",2,"A","-",21658,"A","N","A","H","-","C","D","0","Y","A","01",0,0,1,0,0,0,0,0,0,"-","-","BERKELEY","ALAMEDA","CA",0,0
"3879563",-122.27028315,37.8518638611,2008,"0103","0","3","2","18",0,1,"A",,"Y",,,,2100,7,"H","J","A","ADELINE  ST","WOOLSEY ST",0,,"Y","2009-02-19",103,"2008-07-09",1915,"43","39","5","6","0","0",,"0","010","-","N",,0,0,,,0,,,,"N",1,"C","-",0,,"N","A","A","-","A","D","0","Y","-","-",1,0,0,0,0,0,1,0,0,"-","-","BERKELEY","ALAMEDA","CA",0,0
"3879579",-122.293105655,37.8689613342,2008,"0103","0","4","4","21",0,1,"A",,"Y",,,,1200,7,"B","G","A","UNIVERSITY AV","10TH ST",80,"E","N","2009-02-19",103,"2008-07-10",1137,"137","32","5","6","0","0",,"0","016","-","N",,0,0,,,0,,,,"N",2,"A","-",22106,,"F","A","H","-","A","D","0","Y","A","01",0,0,1,0,0,0,1,0,0,"-","-","BERKELEY","ALAMEDA","CA",0,0
"3879599",-122.272203152,37.8642654419,2008,"0103","0","1","4","08",0,1,"A",,"Y",,,"Y",2100,7,"B","-","A","MARTIN LUTHER KING JR WY","HASTE ST",0,,"Y","2009-02-19",103,"2008-07-07",1816,"147","29","5","6","0","0",,"0","005","-","N",,0,0,,,0,,,,"N",1,"A","-",22107,,"N","A","H","-","A","D","0","Y","L","04",0,0,1,0,0,0,1,0,0,"-","-","BERKELEY","ALAMEDA","CA",0,0