"CASEID","POINT_X","POINT_Y","YEAR_","LOCATION","CHPTYPE","DAYWEEK","CRASHSEV","VIOLCAT","KILLED","INJURED","WEATHER1","PEDCOL","BICCOL","MCCOL","TRUCKCOL","ETOH","TIMECAT","MONTH_","CRASHTYP","INVOLVE","PED","PRIMARYRD","SECONDRD","DISTANCE","DIRECT","INTERSECT_","PROCDATE","JURIS","DATE_","TIME_","BADGE","JURIDIST","SHIFT","POP","SPECIAL","BEATTYPE","LAPDDIV","BEATCLAS","BEATNUMB","WEATHER2","STATEHW","CALTRANC","CALTRAND","STROUTE","ROUTESUF","POSTPRE","POSTMILE","LOCATYPE","RAMP","SIDEHW","TOWAWAY","PARTIES","PCF","VIOLCODE","VIOL","VIOLSUB","HITRUN","ROADSURF","RDCOND1","RDCOND2","LIGHTING","RIGHTWAY","CHPRDTYP","NOTPRIV","STFAULT","CHPFAULT","SEVINJ","OTHERINJ","COP","PEDKILL","PEDINJ","BICKILL","BICINJ","MCKILL","MCINJURE","RAMP1","RAMP2","CITY","COUNTY","STATE","X_CHP","Y_CHP"
"3880979",-122.27015512,37.8915596008,2008,"0103","0","2","4","-",0,1,"A",,,,,,1200,6,"C","C","A","MARIN AV","OXFORD ST",3,"E","N","2008-12-19",103,"2008-06-03",905,"143","12","5","6","0","0",,"0","001","-","N",,0,0,,,0,,,,"N",2,"A","-",0,,"N","A","H","-","A","A","0","Y","D","22",0,0,1,0,0,0,0,0,0,"-","-","BERKELEY","ALAMEDA","CA",0,0
"3880983",-122.266313152,37.8733634949,2008,"0103","0","5","4","09",0,1,"A",,,,,,1200,6,"D","C","A","OXFORD ST","BERKELEY WY",0,,"Y","2008-12-19",103,"2008-06-13",1105,"112","24","5","6","0","0",,"0","003","-","N",,0,0,,,0,,,,"Y",2,"A","-",21801,"A","N","A","H","-","A","A","0","Y","A","01",0,0,1,0,0,0,0,0,0,"-","-","BERKELEY","ALAMEDA","CA",0,0
"3882722",-122.269908329,37.8638458252,2008,"0103","0","5","3","18",0,1,"A",,"Y",,,,1800,7,"H","I","A","MILVIA ST","DWIGHT WY",77,"N","N","2009-02-05",103,"2008-07-11",1718,"72","29","5","6","0","0",,"0","005","-","N",,0,0,,,0,,,,"N",1,"C","-",0,,"N","A","H","-","A","D","0","Y","-","-",0,1,0,0,0,0,1,0,0,"-","-","BERKELEY","ALAMEDA","CA",0,0
"3895166",-122.265865669,37.8697471619,2008,"0103","0","4","3","08",0,2,"A",,"Y",,,,1800,7,"B","G","A","OXFORD ST","CENTER ST",300,"S","N","2009-02-03",103,"2008-07-24",1700,"77","29","5","6","0","0",,"0","004","-","N",,0,0,,,0,,,,"N",3,"A","-",22107,,"N","A","H","-","A","D","0","Y","A","07",0,2,0,0,0,0,2,0,0,"-","-","BERKELEY","ALAMEDA","CA",0,0
"3899890",-122.303855996,37.866458137,2008,"0103","1","4","4","03",0,3,"A",,,,,,1800,8,"C","C","A","RT 80","UNIVERSITY AV",130,"E","N","2009-04-08",9370,"2008-08-14",1615,"18812",,"2","6","0","1",,"2","081","-","Y","ALA",4,80,"-","-",5.86,"H","-","W","Y",4,"A","-",22350,,"N","A","H","-","A","D","6","Y","D","22",0,0,3,0,0,0,0,0,0,"-","-","BERKELEY","ALAMEDA","CA",0,0
"3900840",-122.306933163,37.876323408,2008,"0103","1","2","4","03",0,1,"A",,,,,,2100,8,"C","C","A","RT 80","GILMAN ST",350,"W","N","2009-04-29",9370,"2008-08-12",1825,"17934",,"2","6","0","1",,"2","081","-","Y","ALA",4,80,"-","-",6.55,"H","-","W","N",2,"A","-",22350,,"N","A","H","-","A","D","6","Y","A","01",0,0,1,0,0,0,0,0,0,"-","-","BERKELEY","ALAMEDA","CA",0,0
"3904553",-122.306804265,37.875924239,2008,"0103","1","3","4","03",0,1,"A",,,,,,1800,8,"C","C","A","RT 80","GILMAN ST",500,"W","N","2009-03-24",9370,"2008-08-20",1520,"18874",,"2","6","0","1",,"2","081","-","Y","ALA",4,80,"-","-",6.53,"H","-","W","Y",2,"A","-",22350,,"N","A","H","-","A","D","6","Y","A","01",0,0,1,0,0,0,0,0,0,"-","-","BERKELEY","ALAMEDA","CA",0,0
"3904589",-122.30198103,37.86065466,2008,"0103","1","3","4","03",0,1,"A",,,,,,600,8,"C","C","A","RT 80","UNIVERSITY AV",2112,"W","N","2009-04-01",9370,"2008-08-20",507,"18560",,"3","6","0","1",,"2","081","-","Y","ALA",4,80,"-","-",5.44,"H","-","E","Y",3,"A","-",22350,,"N","A","H","-","D","D","6","Y","A","01",0,0,1,0,0,0,0,0,0,"-","-","BERKELEY","ALAMEDA","CA",0,0
"3906931",-122.286623153,37.852055003,2008,"0103","0","4","4","11",0,1,"B","Y",,,,,1500,7,"B","C","B","RT 123","RT 13",0,,"Y","2009-04-01",103,"2008-07-17",1419,"6","40","5","6","0","0",,"0","013","-","Y","ALA",4,123,"-","-",1.9,"H","-","N","N",2,"A","-",21456,"B","N","A","H","-","A","A","0","Y","N","60",0,0,1,0,1,0,0,0,0,"-","-","BERKELEY","ALAMEDA","CA",0,0
"3907942",-122.27157315,37.8486938477,2008,"0103","0","4","2","09",0,1,"A",,,"Y",,,1800,9,"D","C","A","ALCATRAZ AV","ADELINE  ST",0,,"Y","2009-05-12",103,"2008-09-11",1500,"18965",,"5","6","0","0",,"0","901","-","N",,0,0,,,0,,,,"Y",2,"A","-",21801,"A","N","A","H","-","A","A","0","Y","A","01",1,0,0,0,0,0,0,0,1,"-","-","BERKELEY","ALAMEDA","CA",0,0
"3907951",-122.303333157,37.864765003,2008,"0103","1","4","4","01",0,1,"A",,,,,"Y",300,9,"E","I","A","RT 80","UNIVERSITY AV",300,"E","N","2009-06-09",9370,"2008-09-25",45,"18965",,"3","6","0","1",,"2","081","-","Y","ALA",4,80,"-","-",5.728,"R","2","W","Y",1,"A","-",23152,,"N","A","H","-","D","D","6","Y","A","01",0,0,1,0,0,0,0,0,0,"-","-","BERKELEY","ALAMEDA","CA",0,0
"3907967",-122.302033998,37.859822786,2008,"0103","1","5","4","03",0,1,"A",,,,,,1500,9,"C","C","A","RT 80","UNIVERSITY AV",2640,"W","N","2009-05-15",9370,"2008-09-19",1405,"18812",,"2","6","0","1",,"2","081","-","Y","ALA",4,80,"-","-",5.34,"H","-","W","N",3,"A","-",22350,,"N","A","H","-","A","D","6","Y","A","01",0,0,1,0,0,0,0,0,0,"-","-","BERKELEY","ALAMEDA","CA",0,0
"3907990",-122.303938855,37.866713995,2008,"0103","1","4","4","03",0,3,"A",,,,,,1800,9,"C","C","A","RT 80","UNIVERSITY AV",200,"E","N","2009-05-19",9370,"2008-09-18",1515,"18753",,"2","6","0","1",,"2","081","-","Y","ALA",4,80,"-","-",5.88,"H","-","W","Y",5,"A","-",22350,,"N","A","H","-","A","D","6","Y","A","01",0,0,3,0,0,0,0,0,0,"-","-","BERKELEY","ALAMEDA","CA",0,0
"3908001",-122.250883149,37.8679237366,2008,"0103","0","3","4","10",0,1,"A","Y",,,,,1800,8,"D","B","B","CHANNING WY","WARRING ST",0,,"Y","2009-02-25",103,"2008-08-06",1747,"151","27","5","6","0","0",,"0","007","-","N",,0,0,,,0,,,,"N",2,"A","-",21950,"A","N","A","H","-","A","D","0","Y","A","01",0,0,1,0,1,0,0,0,0,"-","-","BERKELEY","ALAMEDA","CA",0,0
"3908003",0,0,2008,"0103","0","7","4","09",0,1,"A",,,,,,1500,8,"D","C","A","ALCATRAZ AV","BAKU ST",0,,"Y","2009-03-26",103,"2008-08-03",1211,"110","40","5","6","0","0",,"0","013","-","N",,0,0,,,0,,,,"Y",2,"A","-",21802,"A","N","A","H","-","A","A","0","Y","A","01",0,0,1,0,0,0,0,0,0,"-","-","BERKELEY","ALAMEDA","CA",0,0
"3908005",-122.274433152,37.8630561829,2008,"0103","0","4","2","09",0,1,"A",,,"Y",,,1500,8,"D","D","A","DWIGHT WY","GRANT ST",0,,"Y","2009-02-25",103,"2008-08-07",1328,"3","30","5","6","0","0",,"0","005","-","N",,0,0,,,0,,,,"N",2,"A","-",21802,"A","N","A","H","-","A","A","0","Y","A","01",1,0,0,0,0,0,0,0,1,"-","-","BERKELEY","ALAMEDA","CA",0,0
"3908006",-122.266446089,37.8743934631,2008,"0103","0","6","3","03",0,1,"B",,"Y",,,,1200,8,"F","A","A","OXFORD ST","HEARST ST",90,"N","N","2009-02-26",103,"2008-08-16",955,"#51","26","5","6","0","0",,"0","002","-","N",,0,0,,,0,,,,"N",1,"A","-",22350,,"N","A","H","-","A","D","0","Y","L","04",0,1,0,0,0,0,1,0,0,"-","-","BERKELEY","ALAMEDA","CA",0,0
"3908014",-122.296713156,37.8682250977,2008,"0103","0","5","4","09",0,2,"A",,,,,,1200,8,"D","C","A","UNIVERSITY AV","7TH ST",0,,"Y","2009-02-26",103,"2008-08-29",911,"#93","21","5","6","0","0",,"0","016","-","N",,0,0,,,0,,,,"Y",2,"A","-",21802,"A","N","A","H","-","A","A","0","Y","A","07",0,0,2,0,0,0,0,0,0,"-","-","BERKELEY","ALAMEDA","CA",0,0
"3908015",-122.296713156,37.8682250977,2008,"0103","0","1","4","05",0,1,"A",,"Y",,,,1500,8,"D","G","A","UNIVERSITY AV","7TH ST",0,,"Y","2009-03-26",103,"2008-08-04",1335,"3","21","5","6","0","0",,"0","016","-","N",,0,0,,,0,,,,"N",2,"A","-",21202,"A","N","A","H","-","A","D","0","Y","L","04",0,0,1,0,0,0,1,0,0,"-","-","BERKELEY","ALAMEDA","CA",0,0
"3908017",-122.290076554,37.862793388,2008,"0103","0","1","4","03",0,1,"A",,,,,,1200,8,"C","C","A","RT 123","CHANNING WY",26,"S","N","2009-03-16",103,"2008-08-11",1029,"98","31","5","6","0","0",,"0","014","-","Y","ALA",4,123,"-","-",2.69,"H","-","N","Y",2,"A","-",22350,,"N","A","H","-","A","D","0","Y","A","01",0,0,1,0,0,0,0,0,0,"-","-","BERKELEY","ALAMEDA","CA",0,0
"3908018",-122.280523156,37.893196106,2008,"0103","0","5","3","10",0,1,"A","Y",,,,,1500,8,"G","B","B","TACOMA ST","COLUSA AV",0,,"Y","2009-02-26",103,"2008-08-29",1318,"128","13","5","6","0","0",,"0","001","-","N",,0,0,,,0,,,,"N",2,"A","-",21950,"A","N","A","H","-","A","D","0","Y","A","07",0,1,0,0,1,0,0,0,0,"-","-","BERKELEY","ALAMEDA","CA",0,0
"3908021",-122.268973153,37.8766059875,2008,"0103","0","1","4","17",0,1,"A",,"Y",,,,2100,8,"-","G","A","SHATTUCK AV","VIRGINIA",0,,"Y","2009-02-25",103,"2008-08-11",1900,"122","24","5","6","0","0",,"0","003","-","N",,0,0,,,0,,,,"N",2,"A","-",22517,,"N","A","H","-","A","D","0","Y","A","01",0,0,1,0,0,0,1,0,0,"-","-","BERKELEY","ALAMEDA","CA",0,0
"3908022",-122.26193315,37.8591957092,2008,"0103","0","5","3","09",0,1,"A",,"Y",,,,1800,8,"D","G","A","ELLSWORTH ST","STUART ST",0,,"Y","2009-02-26",103,"2008-08-29",1740,"23","36","5","6","0","0",,"0","009","-","N",,0,0,,,0,,,,"N",2,"A","-",21800,"A","N","A","H","-","A","A","0","Y","L","04",0,1,0,0,0,0,1,0,0,"-","-","BERKELEY","ALAMEDA","CA",0,0
"3908025",-122.271437117,37.8570785522,2008,"0103","0","7","4","10",0,2,"A","Y",,,,,2400,8,"G","B","B","MARTIN LUTHER KING WY","OREGON ST",12,"N","N","2009-02-25",103,"2008-08-10",2128,"69","34","5","6","0","0",,"0","012","-","N",,0,0,,,0,,,,"N",3,"A","-",21950,"A","N","A","D","-","C","A","0","Y","A","01",0,0,2,0,1,0,0,0,0,"-","-","BERKELEY","ALAMEDA","CA",0,0
"3908026",-122.27256026,37.86769104,2008,"0103","0","4","4","21",0,1,"A",,,,,,1500,8,"D","C","A","MARTIN LUTHER KING JR WY","BANCROFT WY",255,"N","N","2009-02-26",103,"2008-08-14",1405,"15","30","5","6","0","0",,"0","005","-","N",,0,0,,,0,,,,"N",2,"A","-",22106,,"N","A","H","-","A","D","0","Y","A","01",0,0,1,0,0,0,0,0,0,"-","-","BERKELEY","ALAMEDA","CA",0,0
"3908027",-122.251053799,37.8679008484,2008,"0103","0","7","4","11",0,1,"A","Y","Y",,,,2400,8,"D","B","D","CHANNING WY","WARRING ST",50,"W","N","2009-03-25",103,"2008-08-31",2316,"103","27","5","6","0","0",,"0","007","-","N",,0,0,,,0,,,,"N",2,"A","-",21954,"A","N","A","H","-","C","D","0","Y","N","60",0,0,1,0,1,0,0,0,0,"-","-","BERKELEY","ALAMEDA","CA",0,0
"3908028",-122.290757593,37.864862241,2008,"0103","0","5","4","09",0,2,"A",,,"Y",,,1200,8,"D","C","A","RT 123","BANCROFT WY",0,,"Y","2009-04-03",103,"2008-08-08",1129,"151","32","5","6","0","0",,"0","014","-","Y","ALA",4,123,"-","-",2.84,"H","-","N","Y",2,"A","-",21800,"A","N","A","H","-","A","A","0","Y","C","02",0,0,2,0,0,0,0,0,2,"-","-","BERKELEY","ALAMEDA","CA",0,0
"3908029",-122.27157315,37.8486938477,2008,"0103","0","1","4","09",0,1,"A",,,,,,900,8,"D","C","A","ADELINE  ST","ALCATRAZ ST",0,,"Y","2009-03-04",103,"2008-08-11",828,"50","39","5","6","0","0",,"0","010","-","N",,0,0,,,0,,,,"Y",2,"A","-",21453,"C","N","A","H","-","A","A","0","Y","A","01",0,0,1,0,0,0,0,0,0,"-","-","BERKELEY","ALAMEDA","CA",0,0
"3908037",-122.266078983,37.8852233887,2008,"0103","0","3","4","21",0,1,"A","Y",,,,,1200,8,"G","B","E","SUMMER ST","SPRUCE ST",127,"E","N","2009-02-25",103,"2008-08-13",919,"3","30","5","6","0","0",,"0","002","-","N",,0,0,,,0,,,,"N",2,"A","-",22106,,"N","A","E","-","A","D","0","Y","A","01",0,0,1,0,1,0,0,0,0,"-","-","BERKELEY","ALAMEDA","CA",0,0
"3908038",-122.272483152,37.8669967651,2008,"0103","0","5","3","09",0,1,"A",,,"Y",,,1200,8,"H","A","A","MARTIN LUTHER KING JR WY","BANCROFT WY",0,,"Y","2009-02-25",103,"2008-08-15",1032,"6","30","5","6","0","0",,"0","004","-","N",,0,0,,,0,,,,"N",2,"A","-",21801,"A","N","A","H","-","A","A","0","Y","A","01",0,1,0,0,0,0,0,0,1,"-","-","BERKELEY","ALAMEDA","CA",0,0
"3908040",-122.257033151,37.8764343262,2008,"0103","0","4","4","09",0,1,"A",,,,,,2400,8,"D","C","A","LA LOMA AV","RIDGE RD",0,,"Y","2009-03-26",103,"2008-08-07",2133,"136","25","5","6","0","0",,"0","002","-","N",,0,0,,,0,,,,"Y",2,"A","-",21802,"A","N","A","H","-","C","A","0","Y","A","01",0,0,1,0,0,0,0,0,0,"-","-","BERKELEY","ALAMEDA","CA",0,0
"3908042",-122.252973148,37.8560562134,2008,"0103","0","5","3","09",0,1,"A",,"Y",,,,1200,8,"D","G","A","COLLEGE AV","WEBSTER ST",0,,"Y","2009-02-25",103,"2008-08-15",900,"147","38","5","6","0","0",,"0","008","-","N",,0,0,,,0,,,,"N",2,"A","-",21801,"A","N","A","H","-","A","A","0","Y","D","22",0,1,0,0,0,0,1,0,0,"-","-","BERKELEY","ALAMEDA","CA",0,0
"3908054",-122.259405365,37.8668441772,2008,"0103","0","4","3","11",0,1,"B","Y",,,,,1500,8,"G","B","D","CHANNING WY","TELEGRAPH AV",170,"W","N","2009-02-26",103,"2008-08-14",1400,"6","28","5","6","0","0",,"0","006","-","N",,0,0,,,0,,,,"N",2,"A","-",21950,"B","N","A","H","-","A","D","0","Y","N","60",0,1,0,0,1,0,0,0,0,"-","-","BERKELEY","ALAMEDA","CA",0,0
"3908056",-122.267437629,37.8630485535,2008,"0103","0","7","3","09",0,1,"A",,"Y",,,,2100,8,"H","G","A","BLAKE ST","SHATTUCK AV",13,"W","N","2009-03-26",103,"2008-08-10",1905,"82","35","5","6","0","0",,"0","005","-","N",,0,0,,,0,,,,"N",2,"A","-",21804,"A","N","A","H","-","B","D","0","Y","L","04",0,1,0,0,0,0,1,0,0,"-","-","BERKELEY","ALAMEDA","CA",0,0
"3908059",-122.261582693,37.8610610962,2008,"0103","0","6","3","03",0,1,"A",,"Y",,,,1800,8,"H","J","A","DERBY ST","ELLSWORTH ST",208,"E","N","2009-03-25",103,"2008-08-02",1636,"116","36","5","6","0","0",,"0","009","-","N",,0,0,,,0,,,,"N",1,"A","-",22350,,"N","A","A","B","A","D","0","Y","L","04",0,1,0,0,0,0,1,0,0,"-","-","BERKELEY","ALAMEDA","CA",0,0
"3908060",-122.257997382,37.8633270264,2008,"0103","0","5","3","11",0,1,"A","Y",,,,,1500,8,"G","B","D","PARKER ST","REGENT ST",97,"W","N","2009-03-26",103,"2008-08-08",1357,"151","36","5","6","0","0",,"0","007","-","N",,0,0,,,0,,,,"N",2,"A","-",21954,"A","N","A","H","-","A","D","0","Y","N","60",0,1,0,0,1,0,0,0,0,"-","-","BERKELEY","ALAMEDA","CA",0,0
"3908062",-122.291201674,37.8814277649,2008,"0103","0","7","2","17",0,1,"A",,"Y",,,,1200,8,"A","G","A","GILMAN ST","SANTA FE AV",68,"W","N","2009-02-26",103,"2008-08-31",1157,"#93","19","5","6","0","0",,"0","018","-","N",,0,0,,,0,,,,"N",2,"A","-",22517,,"N","A","E","-","A","A","0","Y","A","01",1,0,0,0,0,0,1,0,0,"-","-","BERKELEY","ALAMEDA","CA",0,0
"3908064",-122.27183315,37.8474960327,2008,"0103","0","5","4","03",0,1,"A",,"Y",,,"Y",2100,8,"C","G","A","MARTIN LUTHER KING JR WY","ADELINE  ST",0,,"Y","2009-03-26",103,"2008-08-08",2049,"104","40","5","6","0","0",,"0","011","-","N",,0,0,,,0,,,,"N",2,"A","-",22350,,"N","A","H","-","C","A","0","Y","L","04",0,0,1,0,0,0,1,0,0,"-","-","BERKELEY","ALAMEDA","CA",0,0
"3908066",-122.291783156,37.8764343262,2008,"0103","0","6","4","05",0,1,"A",,"Y",,,,1500,8,"D","G","A","CORNELL AV","HOPKINS ST",0,,"Y","2009-02-26",103,"2008-08-30",1323,"64","19","5","6","0","0",,"0","018","-","N",,0,0,,,0,,,,"N",2,"A","-",21650,"1","N","A","H","-","A","A","0","Y","L","04",0,0,1,0,0,0,1,0,0,"-","-","BERKELEY","ALAMEDA","CA",0,0
"3908069",-122.268463152,37.872215271,2008,"0103","0","4","4","12",0,2,"A",,,,,,900,8,"D","C","A","UNIVERSITY AV","SHATTUCK AV",0,,"Y","2009-02-26",103,"2008-08-14",816,"3","29","5","6","0","0",,"0","004","-","N",,0,0,,,0,,,,"Y",2,"A","-",21453,"A","N","A","H","-","A","A","0","Y","A","07",0,0,2,0,0,0,0,0,0,"-","-","BERKELEY","ALAMEDA","CA",0,0
"3908077",-122.267803151,37.8666763306,2008,"0103","0","3","3","08",0,1,"A",,"Y",,,"Y",1500,8,"C","G","A","SHATTUCK AV","DURANT AV",0,,"Y","2009-02-26",103,"2008-08-13",1331,"104","29","5","6","0","0",,"0","005","-","N",,0,0,,,0,,,,"N",2,"A","-",22107,,"N","A","H","-","A","A","0","Y","A","01",0,1,0,0,0,0,1,0,0,"-","-","BERKELEY","ALAMEDA","CA",0,0
"3908079",-122.296713156,37.8682250977,2008,"0103","0","5","4","09",0,1,"A",,,,,,1200,8,"D","C","A","7TH ST","UNIVERSITY AV",0,,"Y","2009-03-26",103,"2008-08-01",1020,"50","21","5","6","0","0",,"0","017","-","N",,0,0,,,0,,,,"N",2,"A","-",21804,"A","N","A","H","-","A","A","0","Y","A","07",0,0,1,0,0,0,0,0,0,"-","-","BERKELEY","ALAMEDA","CA",0,0
"3908088",-122.28231094,37.8722076416,2008,"0103","0","5","4","03",0,1,"A",,,,,,1800,8,"C","C","A","SACRAMENTO ST","HEARST AV",30,"N","N","2009-03-02",103,"2008-08-22",1717,"39","22","5","6","0","0",,"0","018","-","N",,0,0,,,0,,,,"N",2,"A","-",22350,,"N","A","H","-","A","D","0","Y","A","01",0,0,1,0,0,0,0,0,0,"-","-","BERKELEY","ALAMEDA","CA",0,0
"3908092",-122.279913156,37.8913154602,2008,"0103","0","5","3","10",0,1,"A","Y",,,,,2100,8,"G","B","B","SOLANO AV","COLUSA AV",0,,"Y","2009-02-26",103,"2008-08-22",1903,"#007","13","5","6","0","0",,"0","001","-","N",,0,0,,,0,,,,"N",2,"A","-",21950,"A","N","A","H","-","B","D","0","Y","A","01",0,1,0,0,1,0,0,0,0,"-","-","BERKELEY","ALAMEDA","CA",0,0
"3908108",-122.26695315,37.8585166931,2008,"0103","0","1","2","17",0,1,"A",,"Y",,,,1500,8,"B","G","A","SHATTUCK AV","STUART ST",0,,"Y","2009-02-26",103,"2008-08-25",1258,"57","35","5","6","0","0",,"0","010","-","N",,0,0,,,0,,,,"N",2,"A","-",22517,,"N","A","H","-","A","D","0","Y","A","01",1,0,0,0,0,0,1,0,0,"-","-","BERKELEY","ALAMEDA","CA",0,0
"3908112",-122.25427315,37.8674964905,2008,"0103","0","7","3","17",0,1,"A",,"Y",,,,1500,8,"H","G","A","CHANNING WY","COLLEGE AV",0,,"Y","2009-02-26",103,"2008-08-24",1239,"126","28","5","6","0","0",,"0","007","-","N",,0,0,,,0,,,,"N",2,"A","-",22517,,"N","A","H","-","A","D","0","Y","A","01",0,1,0,0,0,0,1,0,0,"-","-","BERKELEY","ALAMEDA","CA",0,0
"3908116",-122.269883151,37.8636360168,2008,"0103","0","6","3","17",0,1,"B",,"Y",,,,1800,8,"D","G","A","DWIGHT WY","MILVIA ST",0,,"Y","2009-02-26",103,"2008-08-23",1741,"#110","29","5","6","0","0",,"0","005","-","N",,0,0,,,0,,,,"N",2,"A","-",21657,,"N","A","-","-","A","A","0","Y","L","04",0,1,0,0,0,0,1,0,0,"-","-","BERKELEY","ALAMEDA","CA",0,0
"3908136",-122.269693152,37.8682937622,2008,"0103","0","2","4","10",0,1,"A","Y",,,,,900,8,"D","B","B","KITTREDGE ST","HAROLD WY",0,,"Y","2009-02-26",103,"2008-08-26",800,"143","29","5","6","0","0",,"0","004","-","N",,0,0,,,0,,,,"N",2,"A","-",21950,"A","N","A","H","-","A","A","0","Y","A","01",0,0,1,0,1,0,0,0,0,"-","-","BERKELEY","ALAMEDA","CA",0,0
"3908139",-122.259583149,37.857093811,2008,"0103","0","4","4","09",0,1,"A",,,,,,1500,8,"D","C","A","TELEGRAPH AV","HOWE ST",0,,"Y","2009-02-26",103,"2008-08-21",1337,"57","36","5","6","0","0",,"0","009","-","N",,0,0,,,0,,,,"Y",2,"A","-",21801,"A","N","A","H","-","A","D","0","Y","-","-",0,0,1,0,0,0,0,0,0,"-","-","BERKELEY","ALAMEDA","CA",0,0
"3908144",-122.26864315,37.8564758301,2008,"0103","0","1","4","03",0,1,"A",,,,,,1500,8,"C","C","A","ADELINE ST","RUSSELL ST",0,,"Y","2009-02-26",103,"2008-08-25",1327,"57","35","5","6","0","0",,"0","010","-","N",,0,0,,,0,,,,"Y",4,"A","-",22350,,"N","A","H","-","A","D","0","Y","A","01",0,0,1,0,0,0,0,0,0,"-","-","BERKELEY","ALAMEDA","CA",0,0
"3908151",-122.259376415,37.856229823,2008,"0103","0","3","2","09",0,1,"A",,"Y",,,,2100,8,"D","G","A","TELEGRAPH AV","ASHBY AV",0,,"Y","2009-05-11",103,"2008-08-20",1844,"103","36","5","6","0","0",,"0","009","-","Y","ALA",4,13,"-","-",11.61,"I","5","S","N",2,"A","-",21801,"A","N","A","H","-","A","A","0","Y","A","01",1,0,0,0,0,0,1,0,0,"-","-","BERKELEY","ALAMEDA","CA",0,0
"3908155",-122.246436402,37.8589134216,2008,"0103","0","3","4","21",0,1,"B",,,,,,1200,8,"C","C","A","RUSSELL ST","CLAREMONT BL",313,"W","N","2009-02-26",103,"2008-08-20",932,"60","37","5","6","0","0",,"0","008","-","N",,0,0,,,0,,,,"Y",2,"A","-",22106,,"N","A","H","-","A","A","0","Y","A","01",0,0,1,0,0,0,0,0,0,"-","-","BERKELEY","ALAMEDA","CA",0,0
"3908156",-122.281950056,37.8689155579,2008,"0103","0","2","4","11",0,1,"A","Y",,,,,1500,8,"B","E","-","SACRAMENTO ST","ADDISON ST",190,"S","N","2009-04-15",103,"2008-08-05",1313,"6","31","5","6","0","0",,"0","004","B","N",,0,0,,,0,,,,"Y",2,"A","-",21954,"A","N","A","H","-","A","D","0","Y","N","60",0,0,1,0,1,0,0,0,0,"-","-","BERKELEY","ALAMEDA","CA",0,0
"3908159",-122.305551954,37.8785209656,2008,"0103","0","3","4","03",0,4,"A",,,,,,1500,8,"C","C","A","GILMAN ST","2ND ST",81,"E","N","2009-02-26",103,"2008-08-20",1440,"143","20","5","6","0","0",,"0","017","-","N",,0,0,,,0,,,,"N",3,"A","-",22350,,"N","A","H","-","A","D","0","Y","A","01",0,0,4,0,0,0,0,0,0,"-","-","BERKELEY","ALAMEDA","CA",0,0
"3911910",-122.302692003,37.863516749,2008,"0103","1","2","4","03",0,1,"A",,,,,,2100,9,"C","C","A","RT 80","UNIVERSITY AV",910,"W","N","2009-04-23",9370,"2008-09-02",1835,"18499",,"2","6","0","1",,"2","081","-","Y","ALA",4,80,"-","-",5.67,"H","-","E","N",2,"A","-",22350,,"N","A","H","-","A","D","6","Y","A","01",0,0,1,0,0,0,0,0,0,"-","-","BERKELEY","ALAMEDA","CA",0,0
"3913236",-122.298993071,37.849569646,2008,"0103","1","6","3","08",0,2,"A",,,"Y",,,1500,8,"B","C","A","RT 80","ASHBY AV",47,"E","N","2009-04-08",9370,"2008-08-09",1315,"01889",,"1","6","0","1",,"2","081","-","Y","ALA",4,80,"-","-",4.59,"H","-","E","Y",2,"A","-",22107,,"N","A","H","-","A","D","6","Y","A","07",0,1,1,0,0,0,0,0,2,"-","-","BERKELEY","ALAMEDA","CA",0,0
"3918308",-122.308303159,37.881815003,2008,"0103","1","5","4","03",0,1,"A",,,,,,1800,9,"C","C","A","RT 80","GILMAN ST",100,"E","N","2009-04-30",9370,"2008-09-12",1610,"18316",,"2","6","0","1",,"2","081","-","Y","ALA",4,80,"-","-",6.822,"R","1","W","N",2,"A","-",22350,,"M","A","H","-","A","D","6","Y","A","01",0,0,1,0,0,0,0,0,0,"T","-","BERKELEY","ALAMEDA","CA",0,0
"3918366",-122.298814862,37.847786305,2008,"0103","1","1","4","07",0,1,"A",,,,,,2100,9,"B","C","A","RT 80","EAST ASHBY AV",211,"W","N","2009-05-15",9370,"2008-09-22",1830,"19059",,"2","6","0","1",,"2","081","-","Y","ALA",4,80,"-","-",4.54,"H","-","W","Y",2,"A","-",21658,"A","N","A","H","-","A","D","6","Y","A","07",0,0,1,0,0,0,0,0,0,"-","-","BERKELEY","ALAMEDA","CA",0,0
"3919130",-122.304366276,37.868031701,2008,"0103","1","2","4","03",0,1,"A",,,,,,2100,10,"C","C","A","RT 80","UNIVERSITY AV",150,"W","N","2009-08-20",9370,"2008-10-07",1825,"18475",,"2","6","0","1",,"2","081","-","Y","ALA",4,80,"-","-",5.983,"R","1","W","N",2,"A","-",22350,,"N","A","H","-","B","D","6","Y","A","01",0,0,1,0,0,0,0,0,0,"T","-","BERKELEY","ALAMEDA","CA",0,0