"CASEID","POINT_X","POINT_Y","YEAR_","LOCATION","CHPTYPE","DAYWEEK","CRASHSEV","VIOLCAT","KILLED","INJURED","WEATHER1","PEDCOL","BICCOL","MCCOL","TRUCKCOL","ETOH","TIMECAT","MONTH_","CRASHTYP","INVOLVE","PED","PRIMARYRD","SECONDRD","DISTANCE","DIRECT","INTERSECT_","PROCDATE","JURIS","DATE_","TIME_","BADGE","JURIDIST","SHIFT","POP","SPECIAL","BEATTYPE","LAPDDIV","BEATCLAS","BEATNUMB","WEATHER2","STATEHW","CALTRANC","CALTRAND","STROUTE","ROUTESUF","POSTPRE","POSTMILE","LOCATYPE","RAMP","SIDEHW","TOWAWAY","PARTIES","PCF","VIOLCODE","VIOL","VIOLSUB","HITRUN","ROADSURF","RDCOND1","RDCOND2","LIGHTING","RIGHTWAY","CHPRDTYP","NOTPRIV","STFAULT","CHPFAULT","SEVINJ","OTHERINJ","COP","PEDKILL","PEDINJ","BICKILL","BICINJ","MCKILL","MCINJURE","RAMP1","RAMP2","CITY","COUNTY","STATE","X_CHP","Y_CHP"
"3919155",-122.29924641,37.850721311,2008,"0103","1","6","3","08",0,3,"C",,,,,,300,10,"D","C","A","RT 80","ASHBY AV",350,"E","N","2009-08-20",9370,"2008-10-04",140,"18719",,"3","6","0","1",,"2","081","-","Y","ALA",4,80,"-","-",4.65,"H","-","E","Y",3,"A","-",22107,,"N","B","H","-","D","D","6","Y","A","01",0,2,1,0,0,0,0,0,0,"-","-","BERKELEY","ALAMEDA","CA",0,0
"3919228",-122.302692003,37.863516749,2008,"0103","1","3","4","03",0,2,"A",,,,,,1800,9,"C","C","A","RT 80","UNIVERSITY AV",875,"W","N","2009-04-30",9370,"2008-09-24",1555,"10521",,"2","6","0","1",,"2","081","-","Y","ALA",4,80,"-","-",5.67,"H","-","E","Y",4,"A","-",22350,,"N","A","H","-","A","D","6","Y","A","01",0,0,2,0,0,0,0,0,0,"-","-","BERKELEY","ALAMEDA","CA",0,0
"3919334",-122.298030008,37.844387159,2008,"0103","1","1","4","03",0,3,"A",,,,,,1800,9,"C","C","A","RT 80","WEST ASHBY AV",346,"W","N","2009-05-15",9370,"2008-09-22",1645,"01396",,"2","6","0","1",,"2","080","-","Y","ALA",4,80,"-","-",4.38,"H","-","W","Y",3,"A","-",22350,,"N","A","H","-","A","D","6","Y","A","01",0,0,3,0,0,0,0,0,0,"-","-","BERKELEY","ALAMEDA","CA",0,0
"3921070",-122.268196446,37.8576889038,2008,"0103","0","6","3","03",0,1,"A",,"Y",,,,2100,6,"D","G","A","ADELINE  ST","OREGON",97,"N","N","2008-12-19",103,"2008-06-21",1919,"35","35","5","6","0","0",,"0","010","-","N",,0,0,,,0,,,,"N",2,"A","-",22350,,"N","A","H","-","A","A","0","Y","L","04",0,1,0,0,0,0,1,0,0,"-","-","BERKELEY","ALAMEDA","CA",0,0
"3922484",-122.304597859,37.868761459,2008,"0103","1","6","4","03",0,3,"A",,,,,,1800,9,"C","C","A","RT 80","UNIVERSITY AV",1056,"E","N","2009-04-17",9370,"2008-09-13",1610,"18316",,"2","6","0","1",,"2","081","-","Y","ALA",4,80,"-","-",6.04,"H","-","W","Y",3,"A","-",22350,,"N","A","H","-","A","D","6","Y","A","01",0,0,3,0,0,0,0,0,0,"-","-","BERKELEY","ALAMEDA","CA",0,0
"3925041",-122.260790816,37.8819160461,2008,"0103","0","3","3","00",0,1,"A",,"Y",,,,2100,9,"H","-","A","HAWTHORNE TER","LE ROY AV",102,"W","N","2009-05-04",103,"2008-09-24",1949,"42","16","5","6","0","0",,"0","002","-","N",,0,0,,,0,,,,"N",1,"D","-",0,,"N","A","H","-","C","D","0","Y","-","-",0,1,0,0,0,0,1,0,0,"-","-","BERKELEY","ALAMEDA","CA",0,0
"3925042",-122.288973156,37.8779449463,2008,"0103","0","4","4","-",0,1,"A",,"Y",,,,1800,9,"D","G","A","HOPKINS ST","PERALTA AV",0,,"Y","2009-05-04",103,"2008-09-18",1741,"39","19","5","6","0","0",,"0","018","-","N",,0,0,,,0,,,,"N",2,"A","-",0,,"N","A","H","-","A","D","0","Y","L","04",0,0,1,0,0,0,1,0,0,"-","-","BERKELEY","ALAMEDA","CA",0,0
"3925050",-122.265598804,37.8651313782,2008,"0103","0","2","4","03",0,1,"A",,,,,,2100,9,"C","C","A","HASTE ST","FULTON",28,"S","N","2009-05-04",103,"2008-09-16",2033,"69","29","5","6","0","0",,"0","005","-","N",,0,0,,,0,,,,"Y",2,"A","-",22350,,"N","A","H","-","C","D","0","Y","A","01",0,0,1,0,0,0,0,0,0,"-","-","BERKELEY","ALAMEDA","CA",0,0
"3925054",-122.266726042,37.8566818237,2008,"0103","0","4","3","08",0,1,"A",,"Y",,,,900,9,"H","G","A","SHATTUCK AV","RUSSELL ST",19,"S","N","2009-05-04",103,"2008-09-18",808,"102","35","5","6","0","0",,"0","010","-","N",,0,0,,,0,,,,"N",2,"A","-",22107,,"N","A","H","-","A","D","0","Y","L","04",0,1,0,0,0,0,1,0,0,"-","-","BERKELEY","ALAMEDA","CA",0,0
"3925057",-122.267803151,37.8666763306,2008,"0103","0","2","3","10",0,1,"A","Y",,,,,1200,9,"A","B","B","SHATTUCK AV","DURANT AV",0,,"Y","2009-05-04",103,"2008-09-23",949,"57","29","5","6","0","0",,"0","005","-","N",,0,0,,,0,,,,"N",2,"A","-",21950,"A","N","A","H","-","A","A","0","Y","-","-",0,1,0,0,1,0,0,0,0,"-","-","BERKELEY","ALAMEDA","CA",0,0
"3925058",-122.261203152,37.8794136047,2008,"0103","0","3","3","-",0,1,"A",,,"Y",,,1800,9,"B","C","A","CEDAR ST","EUCLID AV",0,,"Y","2009-05-04",103,"2008-09-17",1621,"42","16","5","6","0","0",,"0","002","-","N",,0,0,,,0,,,,"Y",2,"A","-",0,,"N","A","H","-","A","A","0","Y","C","02",0,1,0,0,0,0,0,0,1,"-","-","BERKELEY","ALAMEDA","CA",0,0
"3925062",-122.271944977,37.8717727661,2008,"0103","0","4","3","05",0,1,"A",,"Y",,,,1800,9,"D","G","A","BONITA AV","UNIVERSITY AV",6,"N","N","2009-05-04",103,"2008-09-18",1706,"38","24","5","6","0","0",,"0","003","-","N",,0,0,,,0,,,,"N",2,"A","-",21650,"1","N","A","H","-","A","A","0","Y","L","04",0,1,0,0,0,0,1,0,0,"-","-","BERKELEY","ALAMEDA","CA",0,0
"3925065",-122.267473151,37.8639564514,2008,"0103","0","3","4","-",0,1,"A",,,,,,1500,9,"A","C","A","DWIGHT WY","SHATTUCK AV",0,,"Y","2009-05-04",103,"2008-09-24",1338,"145","29","5","6","0","0",,"0","005","-","N",,0,0,,,0,,,,"Y",2,"A","-",0,,"N","A","H","-","A","A","0","Y","A","01",0,0,1,0,0,0,0,0,0,"-","-","BERKELEY","ALAMEDA","CA",0,0
"3925066",-122.270693152,37.8708953857,2008,"0103","0","4","4","10",0,1,"A","Y",,,,,1200,9,"G","B","B","MILVIA ST","ADDISON ST",0,,"Y","2009-05-04",103,"2008-09-18",1053,"26","29","5","6","0","0",,"0","004","-","N",,0,0,,,0,,,,"N",2,"A","-",21950,"A","N","A","H","-","A","A","0","Y","-","-",0,0,1,0,1,0,0,0,0,"-","-","BERKELEY","ALAMEDA","CA",0,0
"3925085",-122.252494017,37.8513641357,2008,"0103","0","7","3","09",0,1,"A",,"Y",,,,1500,9,"D","G","A","COLLEGE AV","ALCATRAZ AV",40,"N","N","2009-05-04",103,"2008-09-21",1300,"#1","39","5","6","0","0",,"0","009","-","N",,0,0,,,0,,,,"N",2,"A","-",21801,"A","N","A","H","-","A","-","0","Y","-","-",0,1,0,0,0,0,1,0,0,"-","-","BERKELEY","ALAMEDA","CA",0,0
"3925089",-122.278923156,37.8895568848,2008,"0103","0","6","4","09",0,1,"A",,"Y",,,,1800,9,"D","G","A","COLUSA AV","MARIN AV",0,,"Y","2009-05-04",103,"2008-09-20",1626,"4","13","5","6","0","0",,"0","001","-","N",,0,0,,,0,,,,"N",2,"A","-",21801,,"N","A","H","-","A","A","0","Y","A","01",0,0,1,0,0,0,1,0,0,"-","-","BERKELEY","ALAMEDA","CA",0,0
"3925090",-122.273288714,37.8632125854,2008,"0103","0","2","2","03",0,1,"A",,"Y",,,,2100,9,"H","I","A","DWIGHT WY","MCKINLEY AV",13,"E","N","2009-05-04",103,"2008-09-16",1855,"154","30","5","6","0","0",,"0","005","-","N",,0,0,,,0,,,,"N",1,"A","-",22350,,"N","A","H","-","B","D","0","Y","L","04",1,0,0,0,0,0,1,0,0,"-","-","BERKELEY","ALAMEDA","CA",0,0
"3925101",-122.268973153,37.8766059875,2008,"0103","0","6","3","08",0,1,"A",,"Y",,,,1800,9,"D","G","A","VIRGINIA ST","SHATTUCK AV",0,,"Y","2009-05-04",103,"2008-09-20",1649,"38","24","5","6","0","0",,"0","003","-","N",,0,0,,,0,,,,"N",2,"A","-",22107,,"F","A","H","-","A","A","0","Y","A","01",0,1,0,0,0,0,1,0,0,"-","-","BERKELEY","ALAMEDA","CA",0,0
"3925109",-122.291355155,37.850906671,2008,"0103","0","5","4","03",0,1,"A",,,,,,300,9,"C","C","A","ASHBY AV","7TH ST",0,,"Y","2009-05-13",103,"2008-09-19",19,"#134","20","5","6","0","0",,"0","015","-","Y","ALA",4,13,"-","-",13.54,"H","-","N","Y",2,"A","-",22350,,"F","A","H","-","C","D","0","Y","A","01",0,0,1,0,0,0,0,0,0,"-","-","BERKELEY","ALAMEDA","CA",0,0
"3925117",-122.270273151,37.8562545776,2008,"0103","0","5","4","08",0,1,"A",,"Y",,,,900,9,"G","G","A","RUSSELL ST","OTIS ST",0,,"Y","2009-05-04",103,"2008-09-19",850,"99","35","5","6","0","0",,"0","010","-","N",,0,0,,,0,,,,"N",2,"A","-",22107,,"F","A","H","-","A","A","0","Y","A","01",0,0,1,0,0,0,1,0,0,"-","-","BERKELEY","ALAMEDA","CA",0,0
"3925218",0,0,2008,"0103","0","1","3","12",0,1,"A",,"Y",,,,2100,9,"D","G","A","OXFORD ST","BANCROFT WY",0,,"Y","2009-04-10",103,"2008-09-29",1848,"16",,"5","6","0","0",,"0","029","-","N",,0,0,,,0,,,,"N",2,"A","-",21453,"A","N","A","H","-","A","A","0","Y","A","01",0,1,0,0,0,0,1,0,0,"-","-","BERKELEY","ALAMEDA","CA",0,0
"3925226",-122.276773986,37.8711280823,2008,"0103","0","2","3","03",0,1,"A",,"Y",,,,300,9,"H","G","A","UNIVERSITY AV","MCGEE AV",237,"E","N","2009-04-10",103,"2008-09-30",40,"122",,"5","6","0","0",,"0","003","-","N",,0,0,,,0,,,,"N",2,"A","-",22350,,"N","A","H","-","C","D","0","Y","L","04",0,1,0,0,0,0,1,0,0,"-","-","BERKELEY","ALAMEDA","CA",0,0
"3925230",-122.250429591,37.8648223877,2008,"0103","0","1","3","03",0,1,"A",,"Y",,,,2100,9,"H","I","A","WARRING ST","PARKER ST",243,"N","N","2009-04-10",103,"2008-09-29",1902,"81","37","5","6","0","0",,"0","008","-","N",,0,0,,,0,,,,"N",1,"A","-",22350,,"N","A","H","-","B","A","0","Y","L","04",0,1,0,0,0,0,1,0,0,"-","-","BERKELEY","ALAMEDA","CA",0,0
"3925234",-122.293368808,37.8689041138,2008,"0103","0","2","3","03",0,1,"A",,,"Y",,,1800,9,"E","A","A","UNIVERSITY AV","10TH ST",1,"E","N","2009-04-10",103,"2008-09-30",1736,"151","21","5","6","0","0",,"0","016","-","N",,0,0,,,0,,,,"N",1,"A","-",22350,,"N","A","H","-","A","D","0","Y","C","02",0,1,0,0,0,0,0,0,1,"-","-","BERKELEY","ALAMEDA","CA",0,0
"3925238",-122.290711289,37.8606033325,2008,"0103","0","2","4","08",0,1,"A",,,"Y",,,1500,9,"E","E","A","10TH ST","DWIGHT WY",95,"S","N","2009-04-10",103,"2008-09-30",1445,"146",,"5","6","0","0",,"0","015","-","N",,0,0,,,0,,,,"Y",4,"A","-",22107,,"N","A","H","-","A","D","0","Y","A","01",0,0,1,0,0,0,0,0,0,"-","-","BERKELEY","ALAMEDA","CA",0,0
"3925246",-122.272093152,37.8633651733,2008,"0103","0","6","4","01",0,2,"A",,,,,"Y",300,9,"A","C","A","MARTIN LUTHER KING JR WY","DWIGHT WY",0,,"Y","2009-04-10",103,"2008-09-27",122,"104",,"5","6","0","0",,"0","005","-","N",,0,0,,,0,,,,"Y",2,"A","-",23152,"A","N","A","H","-","C","A","0","Y","A","01",0,0,2,0,0,0,0,0,0,"-","-","BERKELEY","ALAMEDA","CA",0,0
"3925258",-122.266174219,37.8721313477,2008,"0103","0","1","3","03",0,1,"A",,"Y",,,,1500,9,"E","A","A","OXFORD ST","UNIVERSITY AV",125,"S","N","2009-04-10",103,"2008-09-29",1301,"57","24","5","6","0","0",,"0","003","-","N",,0,0,,,0,,,,"N",1,"A","-",22350,,"N","A","H","-","A","D","0","Y","L","04",0,1,0,0,0,0,1,0,0,"-","-","BERKELEY","ALAMEDA","CA",0,0
"3925278",-122.263393151,37.8663253784,2008,"0103","0","5","4","12",0,1,"A",,"Y",,,,2400,9,"A","G","A","CHANNING WY","ELLSWORTH ST",0,,"Y","2009-04-10",103,"2008-09-26",2202,"93",,"5","6","0","0",,"0","006","-","N",,0,0,,,0,,,,"N",2,"A","-",22450,,"N","A","-","-","C","A","0","Y","L","04",0,0,1,0,0,0,1,0,0,"-","-","BERKELEY","ALAMEDA","CA",0,0
"3925636",-122.269307414,37.8793830872,2008,"0103","0","6","4","03",0,1,"A",,,,,,300,8,"C","E","A","SHATTUCK AV","VINE ST",300,"S","N","2009-03-03",103,"2008-08-16",135,"159","17","5","6","0","0",,"0","002","-","N",,0,0,,,0,,,,"Y",2,"A","-",22350,,"N","A","H","-","C","D","0","Y","A","01",0,0,1,0,0,0,0,0,0,"-","-","BERKELEY","ALAMEDA","CA",0,0
"3925676",-122.279891319,37.8921165466,2008,"0103","0","2","2","03",0,1,"A","Y",,,,,1800,8,"G","B","F","CATALINA AV","COLUSA AV",53,"E","N","2009-03-03",103,"2008-08-19",1630,"7","13","5","6","0","0",,"0","001","-","N",,0,0,,,0,,,,"Y",2,"A","-",22350,,"N","A","H","-","A","D","0","Y","A","01",1,0,0,0,1,0,0,0,0,"-","-","BERKELEY","ALAMEDA","CA",0,0
"3927751",-122.265303151,37.8642463684,2008,"0103","0","3","4","12",0,1,"A",,,,,,900,7,"B","C","A","FULTON ST","DWIGHT WY",0,,"Y","2009-01-31",103,"2008-07-02",805,"112","239","5","6","0","0",,"0","005","-","N",,0,0,,,0,,,,"Y",2,"A","-",21453,"A","N","A","H","-","A","A","0","Y","-","-",0,0,1,0,0,0,0,0,0,"-","-","BERKELEY","ALAMEDA","CA",0,0
"3933721",-122.25778884,37.8680114746,2008,"0103","0","1","4","21",0,1,"A",,,,,,2400,9,"B","C","A","DURANT AV","BOWDITCH ST",296,"W","N","2009-05-12",103,"2008-09-01",2108,"68","28","5","6","0","0",,"0","007","-","N",,0,0,,,0,,,,"N",2,"A","-",22106,,"N","A","H","-","C","D","0","Y","A","01",0,0,1,0,0,0,0,0,0,"-","-","BERKELEY","ALAMEDA","CA",0,0
"3933725",-122.294883156,37.8700256348,2008,"0103","0","1","4","03",0,1,"A",,,,,,2100,9,"F","I","A","HEARST AV","9TH ST",0,,"Y","2009-05-04",103,"2008-09-01",2037,"56","21","5","6","0","0",,"0","016","-","N",,0,0,,,0,,,,"Y",2,"A","-",22350,,"N","A","H","-","C","A","0","Y","A","01",0,0,1,0,0,0,0,0,0,"-","-","BERKELEY","ALAMEDA","CA",0,0
"3933729",-122.304300717,37.8736763,2008,"0103","0","2","3","03",0,2,"A",,,,,,1500,9,"D","E","A","2ND AV","CEDAR ST",158,"N","N","2009-05-04",103,"2008-09-02",1239,"151","20","5","6","0","0",,"0","017","-","N",,0,0,,,0,,,,"Y",3,"A","-",22350,,"F","A","A","B","A","D","0","Y","A","01",0,1,1,0,0,0,0,0,0,"-","-","BERKELEY","ALAMEDA","CA",0,0
"3933768",0,0,2008,"0103","0","5","4","11",0,1,"A","Y",,,,,1500,9,"G","B","B","BANCROFT WY","OXFORD ST",0,,"Y","2009-05-01",103,"2008-09-05",1208,"51","29","5","6","0","0",,"0","004","-","N",,0,0,,,0,,,,"N",2,"A","-",21950,"B","N","A","H","-","A","A","0","Y","N","60",0,0,1,0,1,0,0,0,0,"-","-","BERKELEY","ALAMEDA","CA",0,0
"3933771",-122.270862888,37.8506240845,2008,"0103","0","4","2","-",0,1,"A","Y",,,,,2100,9,"G","B","D","ADELINE ST","FAIRVIEW ST",11,"S","N","2009-05-01",103,"2008-09-11",2054,"97","39","5","6","0","0",,"0","011","-","N",,0,0,,,0,,,,"N",2,"A","-",0,,"N","A","H","-","C","D","0","Y","N","60",1,0,0,0,1,0,0,0,0,"-","-","BERKELEY","ALAMEDA","CA",0,0
"3933776",-122.308303159,37.881815003,2008,"0103","0","4","4","09",0,1,"A",,,,,,1500,9,"B","C","A","GILMAN AV","RT 80",0,,"Y","2009-06-09",103,"2008-09-04",1222,"57","20","5","6","0","0",,"0","017","-","Y","ALA",4,80,"-","-",6.822,"R","4","W","Y",3,"A","-",21802,"A","N","A","H","-","A","A","0","Y","A","08",0,0,1,0,0,0,0,0,0,"-","W","BERKELEY","ALAMEDA","CA",0,0
"3933780",-122.292488637,37.870241454,2008,"0103","0","3","3","00",0,1,"A",,"Y",,,,2400,9,"B","G","A","RT 123","HEARST AV",60,"S","N","2009-05-07",103,"2008-09-03",2328,"146","21","5","6","0","0",,"0","016","-","Y","ALA",4,123,"-","-",3.23,"H","-","N","N",2,"D","-",0,,"F","A","H","-","C","D","0","Y","-","-",0,1,0,0,0,0,1,0,0,"-","-","BERKELEY","ALAMEDA","CA",0,0
"3933783",0,0,2008,"0103","0","4","3","09",0,1,"A",,"Y",,,,1800,9,"D","G","A","SACRAMENTO ST","TYLER ST",40128,"N","N","2009-05-01",103,"2008-09-11",1707,"110","40","5","6","0","0",,"0","013","-","N",,0,0,,,0,,,,"N",2,"A","-",21800,,"N","A","H","-","A","-","0","Y","L","04",0,1,0,0,0,0,1,0,0,"-","-","BERKELEY","ALAMEDA","CA",0,0
"3933792",-122.299500501,37.8697128296,2008,"0103","0","6","3","01",0,1,"A",,,"Y",,"Y",2400,9,"B","E","A","5TH ST","HEARST AV",228,"N","N","2009-05-01",103,"2008-09-06",2155,"101","20","5","6","0","0",,"0","016","-","N",,0,0,,,0,,,,"N",5,"A","-",23152,,"N","A","H","-","C","D","0","Y","A","01",0,1,0,0,0,0,0,0,0,"-","-","BERKELEY","ALAMEDA","CA",0,0
"3933798",-122.253115031,37.857028145,2008,"0103","0","1","4","08",0,1,"A",,"Y",,,,1800,9,"B","G","A","BENVENUE AV","ASHBY AV",0,,"Y","2009-05-15",103,"2008-09-15",1730,"57","36","5","6","0","0",,"0","009","-","Y","ALA",4,13,"-","-",11.3,"I","5","N","N",2,"A","-",22101,"D","N","A","H","-","A","A","0","Y","A","07",0,0,1,0,0,0,1,0,0,"-","-","BERKELEY","ALAMEDA","CA",0,0
"3933807",-122.276852126,37.884223938,2008,"0103","0","2","4","08",0,1,"B",,,,,,1800,9,"C","E","A","HOPKINS ST","BEVERLY PL",27,"W","N","2009-05-01",103,"2008-09-09",1758,"57","13","5","6","0","0",,"0","001","-","N",,0,0,,,0,,,,"Y",2,"A","-",22107,,"N","A","H","-","A","D","0","Y","A","07",0,0,1,0,0,0,0,0,0,"-","-","BERKELEY","ALAMEDA","CA",0,0
"3933810",-122.277257709,37.8795852661,2008,"0103","0","2","4","03",0,1,"A",,"Y",,,,900,9,"H","-","A","EDITH ST","VINE ST",150,"N","N","2009-04-30",103,"2008-09-16",750,"26",,"5","6","0","0",,"0","003","-","N",,0,0,,,0,,,,"N",1,"A","-",22350,,"N","A","H","-","A","A","0","Y","-","-",0,0,1,0,0,0,1,0,0,"-","-","BERKELEY","ALAMEDA","CA",0,0
"3933812",-122.26869066,37.8563575745,2008,"0103","0","5","4","07",0,1,"A",,,,,,2100,9,"B","C","A","ADELINE","RUSSELL",45,"S","-","2009-05-01",103,"2008-09-05",1849,"677","35","5","6","0","0",,"0","010","-","N",,0,0,,,0,,,,"N",2,"A","-",21658,"A","N","A","H","-","A","D","0","Y","A","01",0,0,1,0,0,0,0,0,0,"-","-","BERKELEY","ALAMEDA","CA",0,0
"3933815",-122.269423615,37.8803749084,2008,"0103","0","3","3","07",0,1,"A",,,"Y",,,1800,9,"B","C","A","SHATTUCK AV","VINE ST",62,"N","N","2009-05-01",103,"2008-09-10",1524,"57","17","5","6","0","0",,"0","002","-","N",,0,0,,,0,,,,"N",2,"A","-",21658,"A","N","A","H","-","A","A","0","Y","A","01",0,1,0,0,0,0,0,0,1,"-","-","BERKELEY","ALAMEDA","CA",0,0
"3933819",-122.283303154,37.8637542725,2008,"0103","0","3","3","09",0,1,"A",,"Y",,,,1200,9,"D","G","A","CHANNING WY","ACTON ST",0,,"Y","2009-05-06",103,"2008-09-10",1130,"143","31","5","6","0","0",,"0","014","-","N",,0,0,,,0,,,,"N",2,"A","-",21802,"A","N","A","H","-","A","A","0","Y","A","01",0,1,0,0,0,0,1,0,0,"-","-","BERKELEY","ALAMEDA","CA",0,0
"3933820",-122.286801961,37.852177668,2008,"0103","0","6","3","08",0,1,"A",,,,,,1800,9,"D","C","A","RT 123","RT 13",10,"S","N","2009-05-28",103,"2008-09-06",1748,"53","40","5","6","0","0",,"0","013","-","Y","ALA",4,123,"-","-",1.91,"H","-","S","Y",3,"A","-",22100,"A","N","A","H","-","A","A","0","Y","A","01",0,1,0,0,0,0,0,0,0,"-","-","BERKELEY","ALAMEDA","CA",0,0
"3933822",-122.268734366,37.8721847534,2008,"0103","0","5","3","08",0,1,"B",,,"Y",,,2100,9,"B","C","A","UNIVERSITY AV","SHATTUCK AV",79,"W","N","2009-04-30",103,"2008-09-12",2033,"39","29","5","6","0","0",,"0","004","-","N",,0,0,,,0,,,,"N",2,"A","-",22107,,"N","A","H","-","C","D","0","Y","A","01",0,1,0,0,0,0,0,0,0,"-","-","BERKELEY","ALAMEDA","CA",0,0
"3933823",-122.252323149,37.8694648743,2008,"0103","0","1","4","17",0,1,"A",,"Y",,,,900,9,"C","G","A","PIEDMONT AV","BANCROFT",50,"S","N","2009-05-04",103,"2008-09-08",805,"9",,"5","6","0","0",,"0","001","-","N",,0,0,,,0,,,,"N",2,"A","-",22517,,"N","A","H","-","A","D","0","Y","A","01",0,0,1,0,0,0,1,0,0,"-","-","BERKELEY","ALAMEDA","CA",0,0
"3933824",-122.306520123,37.8783187866,2008,"0103","0","6","3","09",0,2,"A",,,,,,1500,9,"D","C","A","GILMAN ST","EASTSHORE HWY",11,"W","N","2009-05-01",103,"2008-09-06",1220,"33","20","5","6","0","0",,"0","017","-","N",,0,0,,,0,,,,"N",2,"A","-",21802,"A","N","A","H","-","A","D","0","Y","A","01",0,2,0,0,0,0,0,0,0,"-","-","BERKELEY","ALAMEDA","CA",0,0
"3933831",-122.27097315,37.8524665833,2008,"0103","0","7","2","03",0,1,"A","Y",,,,,1800,9,"G","B","B","MARTIN LUTHER KING JR WY","PRINCE ST",0,,"Y","2009-05-01",103,"2008-09-07",1635,"31","40","5","6","0","0",,"0","011","-","N",,0,0,,,0,,,,"N",2,"A","-",22350,,"N","A","H","-","A","D","0","Y","N","60",1,0,0,0,1,0,0,0,0,"-","-","BERKELEY","ALAMEDA","CA",0,0
"3933832",-122.281823154,37.8673858643,2008,"0103","0","2","4","-",0,1,"A",,,,,,1800,9,"B","C","A","SACRAMENTO ST","ALLSTON WY",0,,"Y","2009-05-01",103,"2008-09-02",1601,"57","31","5","6","0","0",,"0","004","-","N",,0,0,,,0,,,,"Y",2,"A","-",0,,"N","A","H","-","A","A","0","Y","-","-",0,0,1,0,0,0,0,0,0,"-","-","BERKELEY","ALAMEDA","CA",0,0
"3933836",-122.274433152,37.8630561829,2008,"0103","0","3","3","12",0,1,"A",,"Y",,,,2400,9,"D","G","A","DWIGHT WY","GRANT ST",0,,"Y","2009-05-01",103,"2008-09-03",2100,"124","30","5","6","0","0",,"0","005","-","N",,0,0,,,0,,,,"N",2,"A","-",22450,,"N","A","H","-","C","A","0","Y","L","04",0,1,0,0,0,0,1,0,0,"-","-","BERKELEY","ALAMEDA","CA",0,0
"3933840",-122.284993153,37.8589859009,2008,"0103","0","2","3","12",0,1,"A",,"Y",,,,2100,9,"H","G","A","CARLETON ST","MABEL AV",0,,"Y","2009-05-01",103,"2008-09-02",2049,"29","36","5","6","0","0",,"0","014","-","N",,0,0,,,0,,,,"N",2,"A","-",22450,,"N","A","H","-","C","A","0","Y","L","04",0,1,0,0,0,0,1,0,0,"-","-","BERKELEY","ALAMEDA","CA",0,0
"3945056",-122.252383149,37.869594574,2008,"0103","0","3","4","03",0,1,"A",,"Y",,,,2100,10,"H","G","A","BANCROFT WY","PIEDMONT AV",0,,"Y","2009-05-16",103,"2008-10-01",1948,"50","26","5","6","0","0",,"0","007","-","N",,0,0,,,0,,,,"N",2,"A","-",22350,,"N","A","H","-","C","A","0","Y","L","04",0,0,1,0,0,0,0,0,0,"-","-","BERKELEY","ALAMEDA","CA",0,0
"3945076",-122.254073318,37.8664588928,2008,"0103","0","2","4","03",0,1,"A",,,,,,1500,9,"C","C","A","COLLEGE AV","HASTE ST",54,"S","N","2009-04-17",103,"2008-09-30",1245,"21","277","5","6","0","0",,"0","007","-","N",,0,0,,,0,,,,"N",2,"A","-",22350,,"N","A","H","-","A","D","0","Y","D","22",0,0,1,0,0,0,0,0,0,"-","-","BERKELEY","ALAMEDA","CA",0,0
"3953776",-122.307556879,37.879430162,2008,"0103","1","1","4","04",0,2,"A",,,,,,1800,10,"C","C","A","RT 80","GILLMAN ST",100,"E","N","2009-06-09",9370,"2008-10-20",1740,"12091",,"2","6","0","1",,"2","081","-","Y","ALA",4,80,"-","-",6.7,"H","-","E","N",2,"A","-",21703,,"N","A","H","-","A","D","6","Y","A","01",0,0,2,0,0,0,0,0,0,"-","-","BERKELEY","ALAMEDA","CA",0,0
"3972720",-122.307247554,37.877322628,2008,"0103","1","7","3","08",0,2,"A",,,,,,1500,10,"E","I","A","RT 80","GILMAN ST",109,"W","N","2009-06-08",9370,"2008-10-26",1355,"18812",,"1","6","0","1",,"2","081","-","Y","ALA",4,80,"-","-",6.6,"H","-","W","Y",1,"A","-",22107,,"N","A","H","-","A","D","6","Y","A","01",0,1,1,0,0,0,0,0,0,"-","-","BERKELEY","ALAMEDA","CA",0,0
"3972794",-122.307309503,37.877522632,2008,"0103","1","6","3","01",0,1,"C",,,,,"Y",600,11,"E","I","A","RT 80","GILMAN ST",50,"W","N","2009-08-12",9370,"2008-11-01",403,"01871",,"3","6","0","1",,"2","081","-","Y","ALA",4,80,"-","-",6.61,"H","-","W","Y",1,"A","-",23152,"A","N","B","H","-","D","D","6","Y","A","01",0,1,0,0,0,0,0,0,0,"-","-","BERKELEY","ALAMEDA","CA",0,0
"3972882",-122.29841557,37.847079642,2008,"0103","1","5","4","07",0,4,"A",,,,"Y",,2400,11,"B","C","A","RT 80","EAST ASHBY AV",617,"W","N","2009-06-22",9370,"2008-11-28",2345,"19066",,"3","6","0","1",,"2","081","-","Y","ALA",4,80,"-","-",4.46,"H","-","E","Y",3,"A","-",21658,"A","N","A","H","-","C","D","6","Y","A","01",0,0,4,0,0,0,0,0,0,"-","-","BERKELEY","ALAMEDA","CA",0,0