"CASEID","POINT_X","POINT_Y","YEAR_","LOCATION","CHPTYPE","DAYWEEK","CRASHSEV","VIOLCAT","KILLED","INJURED","WEATHER1","PEDCOL","BICCOL","MCCOL","TRUCKCOL","ETOH","TIMECAT","MONTH_","CRASHTYP","INVOLVE","PED","PRIMARYRD","SECONDRD","DISTANCE","DIRECT","INTERSECT_","PROCDATE","JURIS","DATE_","TIME_","BADGE","JURIDIST","SHIFT","POP","SPECIAL","BEATTYPE","LAPDDIV","BEATCLAS","BEATNUMB","WEATHER2","STATEHW","CALTRANC","CALTRAND","STROUTE","ROUTESUF","POSTPRE","POSTMILE","LOCATYPE","RAMP","SIDEHW","TOWAWAY","PARTIES","PCF","VIOLCODE","VIOL","VIOLSUB","HITRUN","ROADSURF","RDCOND1","RDCOND2","LIGHTING","RIGHTWAY","CHPRDTYP","NOTPRIV","STFAULT","CHPFAULT","SEVINJ","OTHERINJ","COP","PEDKILL","PEDINJ","BICKILL","BICINJ","MCKILL","MCINJURE","RAMP1","RAMP2","CITY","COUNTY","STATE","X_CHP","Y_CHP"
"4020400",-122.25864315,37.8660163879,2008,"0103","0","4","3","12",0,1,"A",,,,,,1200,12,"D","C","A","TELEGRAPH AV","HASTE AV",0,,"Y","2009-08-12",103,"2008-12-11",1118,"57","28","5","6","0","0",,"0","007","-","N",,0,0,,,0,,,,"N",3,"A","-",21453,"A","N","A","H","-","A","A","0","Y","A","01",0,1,0,0,0,0,0,0,0,"-","-","BERKELEY","ALAMEDA","CA",0,0
"4020402",-122.290859458,37.864781054,2008,"0103","0","5","3","08",0,1,"A",,,"Y",,,1800,12,"C","C","A","SAN PABLO AV","BANCROFT WY",12,"N","N","2009-08-14",103,"2008-12-19",1749,"1","31","5","6","0","0",,"0","016","-","Y","ALA",4,123,"-","-",2.84,"H","-","S","N",2,"A","-",22107,,"F","A","H","-","C","D","0","Y","-","-",0,1,0,0,0,0,0,0,1,"-","-","BERKELEY","ALAMEDA","CA",0,0
"4020407",-122.286536861,37.85125866,2008,"0103","0","1","4","08",0,1,"B",,,,,,2400,12,"A","C","A","RT 123","FOLGER AV",36,"S","N","2009-08-14",103,"2008-12-22",2131,"144","20","5","6","0","0",,"0","015","-","Y","ALA",4,123,"-","-",1.85,"I","5","S","Y",2,"A","-",22107,,"N","B","H","-","C","D","0","Y","A","07",0,0,1,0,0,0,0,0,0,"-","-","BERKELEY","ALAMEDA","CA",0,0
"4020411",-122.279196251,37.853269464,2008,"0103","0","1","3","03",0,1,"A",,,,,,2100,12,"C","E","A","RT 13","SACRAMENTO ST",36,"E","N","2009-08-25",103,"2008-12-22",2008,"123","33","5","6","0","0",,"0","011","-","Y","ALA",4,13,"-","-",12.75,"H","-","S","Y",3,"A","-",22350,,"N","A","H","-","C","D","0","Y","A","01",0,1,0,0,0,0,0,0,0,"-","-","BERKELEY","ALAMEDA","CA",0,0
"4020413",-122.26790707,37.8676300049,2008,"0103","0","7","4","03",0,1,"B",,,,,,1500,12,"C","C","A","SHATTUCK AV","BANCROFT WY",20,"N","N","2009-07-31",103,"2008-12-14",1201,"82","29","5","6","0","0",,"0","004","-","N",,0,0,,,0,,,,"N",2,"A","-",22350,,"N","B","H","-","A","A","0","Y","A","01",0,0,1,0,0,0,0,0,0,"-","-","BERKELEY","ALAMEDA","CA",0,0
"4020415",-122.267283151,37.8621444702,2008,"0103","0","1","4","09",0,2,"A",,,,,,2100,12,"D","D","A","SHATTUCK AV","PARKER ST",0,,"Y","2009-07-30",103,"2008-12-22",1926,"32","35","5","6","0","0",,"0","005","-","N",,0,0,,,0,,,,"Y",2,"A","-",21802,"A","N","A","H","-","C","A","0","Y","-","-",0,0,2,0,0,0,0,0,0,"-","-","BERKELEY","ALAMEDA","CA",0,0
"4020417",-122.277763156,37.8890037537,2008,"0103","0","2","2","08",0,1,"B",,,,,,1800,12,"A","I","A","MARIN AV","FRESNO AV",0,,"Y","2009-08-03",103,"2008-12-16",1549,"122","13","5","6","0","0",,"0","001","-","N",,0,0,,,0,,,,"Y",1,"A","-",22107,,"N","A","H","-","A","D","0","Y","A","01",1,0,0,0,0,0,0,0,0,"-","-","BERKELEY","ALAMEDA","CA",0,0
"4020418",-122.268064293,37.855102148,2008,"0103","0","5","4","08",0,2,"A",,,,,,1500,12,"B","C","A","ASHBY AV","NEWBURY ST",10,"W","N","2009-09-04",103,"2008-12-19",1239,"99","1440","5","6","0","0",,"0","010","-","Y","ALA",4,13,"-","-",12.13,"H","-","N","N",3,"A","-",22107,,"N","A","H","-","A","D","0","Y","A","01",0,0,2,0,0,0,0,0,0,"-","-","BERKELEY","ALAMEDA","CA",0,0
"4020419",-122.245823147,37.8608131409,2008,"0103","0","1","4","03",0,1,"B",,,,,,1800,12,"C","C","A","BELROSE AV","GARBER ST",0,"N","N","2009-07-30",103,"2008-12-22",1652,"ROE#8","37","5","6","0","0",,"0","008","-","N",,0,0,,,0,,,,"N",2,"A","-",22350,,"N","A","H","-","B","A","0","Y","D","22",0,0,1,0,0,0,0,0,0,"-","-","BERKELEY","ALAMEDA","CA",0,0
"4020422",-122.238206949,37.855189689,2008,"0103","0","5","4","09",0,1,"B",,,"Y",,,1500,12,"D","C","A","RT 13","ALVARADO RD",0,,"Y","2009-08-25",103,"2008-12-19",1308,"151","27","5","6","0","0",,"0","00B","-","Y","ALA",4,13,"-","-",10.4,"I","5","N","Y",2,"A","-",21802,"A","N","B","H","-","A","D","0","Y","A","01",0,0,1,0,0,0,0,0,1,"-","-","BERKELEY","ALAMEDA","CA",0,0
"4020423",-122.253203148,37.8584747314,2008,"0103","0","5","4","10",0,1,"A","Y",,,,,1500,12,"D","B","B","COLLEGE AV","RUSSELL ST",0,,"Y","2009-07-30",103,"2008-12-26",1436,"151","36","5","6","0","0",,"0","009","-","N",,0,0,,,0,,,,"N",3,"A","-",21950,"A","N","A","H","-","A","D","0","Y","A","01",0,0,1,0,1,0,0,0,0,"-","-","BERKELEY","ALAMEDA","CA",0,0
"4020425",-122.274433152,37.8630561829,2008,"0103","0","2","4","09",0,1,"B",,,,,,1500,12,"D","C","A","DWIGHT WY","GRANT ST",0,,"Y","2009-07-31",103,"2008-12-16",1257,"147","34","5","6","0","0",,"0","005","-","N",,0,0,,,0,,,,"Y",2,"A","-",21802,"A","F","B","H","-","A","A","0","Y","A","07",0,0,1,0,0,0,0,0,0,"-","-","BERKELEY","ALAMEDA","CA",0,0
"4020427",-122.267933151,37.8583831787,2008,"0103","0","5","4","09",0,1,"A",,,,,,1800,12,"D","C","A","ADELINE ST","STUART ST",0,,"Y","2009-07-30",103,"2008-12-26",1656,"35","35","5","6","0","0",,"0","010","-","N",,0,0,,,0,,,,"Y",2,"A","-",21802,"A","N","A","H","-","C","A","0","Y","A","01",0,0,1,0,0,0,0,0,0,"-","-","BERKELEY","ALAMEDA","CA",0,0
"4020430",-122.283325641,37.852815774,2008,"0103","0","6","4","03",0,1,"A",,,,,,1200,12,"C","C","A","ASHBY AV","MABEL ST",162,"E","N","2009-09-04",103,"2008-12-20",1143,"72","33","5","6","0","0",,"0","013","-","Y","ALA",4,13,"-","-",12.99,"H","-","N","N",2,"A","-",22350,,"N","A","H","-","A","D","0","Y","-","-",0,0,1,0,0,0,0,0,0,"-","-","BERKELEY","ALAMEDA","CA",0,0
"4020431",-122.271273153,37.8762550354,2008,"0103","0","3","4","09",0,1,"B",,"Y",,,,1800,12,"D","G","A","MILVIA ST","VIRGINIA ST",0,,"Y","2009-08-24",103,"2008-12-24",1757,"110","24","5","6","0","0",,"0","003","-","N",,0,0,,,0,,,,"N",2,"A","-",21802,"A","N","-","H","-","C","A","0","Y","A","01",0,0,1,0,0,0,1,0,0,"-","-","BERKELEY","ALAMEDA","CA",0,0
"4020433",-122.271531582,37.8578605652,2008,"0103","0","1","4","03",0,1,"C",,,,,,2100,12,"C","C","A","MARTIN LUTHER KING JR WY","STUART ST",35,"S","N","2009-07-31",103,"2008-12-15",1809,"57","35","5","6","0","0",,"0","009","-","N",,0,0,,,0,,,,"N",2,"A","-",22350,,"N","B","H","-","C","D","0","Y","A","01",0,0,1,0,0,0,0,0,0,"-","-","BERKELEY","ALAMEDA","CA",0,0
"4020439",-122.275251188,37.8713378906,2008,"0103","0","3","3","09",0,1,"B",,,,,,1800,12,"D","C","A","UNIVERSITY AV","GRANT ST",24,"E","N","2009-07-30",103,"2008-12-24",1532,"110","23","5","6","0","0",,"0","003","-","N",,0,0,,,0,,,,"Y",2,"A","-",21801,"A","N","A","H","-","A","D","0","Y","A","01",0,1,0,0,0,0,0,0,0,"-","-","BERKELEY","ALAMEDA","CA",0,0
"4020441",-122.273647312,37.8664054871,2008,"0103","0","3","4","-",0,1,"A",,,,,,1500,12,"A","I","A","MCKINLEY ST","BANCROFT WY",157,"S","N","2009-08-03",103,"2008-12-17",1430,"37","30","5","6","0","0",,"0","005","-","N",,0,0,,,0,,,,"Y",1,"A","-",0,,"N","A","H","-","A","A","0","Y","A","01",0,0,1,0,0,0,0,0,0,"-","-","BERKELEY","ALAMEDA","CA",0,0
"4020445",-122.26673315,37.8567352295,2008,"0103","0","3","2","09",0,1,"A",,"Y",,,,1200,12,"D","G","A","SHATTUCK AV","RUSSELL ST",0,,"Y","2009-07-31",103,"2008-12-17",1102,"6","23","5","6","0","0",,"0","010","-","N",,0,0,,,0,,,,"N",2,"A","-",21802,"A","N","A","H","-","A","A","0","Y","L","04",1,0,0,0,0,0,1,0,0,"-","-","BERKELEY","ALAMEDA","CA",0,0
"4020446",-122.250910946,37.857680402,2008,"0103","0","5","4","04",0,1,"A",,,,,,1800,12,"C","C","A","ASHBY AV","PIEDMONT AV",0,,"Y","2009-08-28",103,"2008-12-19",1645,"17","37","5","6","0","0",,"0","008","-","Y","ALA",4,13,"-","-",11.12,"H","-","S","N",2,"A","-",21703,,"N","A","H","-","B","D","0","Y","A","01",0,0,1,0,0,0,0,0,0,"-","-","BERKELEY","ALAMEDA","CA",0,0
"4020450",-122.282393154,37.8730735779,2008,"0103","0","7","3","03",0,1,"C",,,,,,2100,12,"E","I","A","SACRAMENTO ST","DELAWARE ST",0,,"Y","2009-08-03",103,"2008-12-21",1914,"38","23","5","6","0","0",,"0","003","-","N",,0,0,,,0,,,,"Y",1,"A","-",22350,,"N","B","H","-","C","A","0","Y","A","01",0,1,0,0,0,0,0,0,0,"-","-","BERKELEY","ALAMEDA","CA",0,0
"4020454",-122.293040385,37.871884871,2008,"0103","0","7","4","10",0,1,"C","Y",,,,,1200,12,"G","B","B","DELAWARE ST","RT 123",0,,"Y","2009-08-14",103,"2008-12-21",1017,"94","21","5","6","0","0",,"0","018","-","Y","ALA",4,123,"-","-",3.35,"H","-","N","N",2,"A","-",21950,"A","N","B","H","-","A","A","0","Y","-","-",0,0,1,0,1,0,0,0,0,"-","-","BERKELEY","ALAMEDA","CA",0,0
"4020455",-122.271543151,37.8579559326,2008,"0103","0","1","3","09",0,3,"A",,,,,,1500,12,"D","C","A","MARTIN LUTHER KING JR WY","STUART ST",0,,"Y","2009-07-30",103,"2008-12-29",1211,"98","35","5","6","0","0",,"0","012","-","N",,0,0,,,0,,,,"Y",2,"A","-",21801,"A","N","A","H","-","A","A","0","Y","A","01",0,1,2,0,0,0,0,0,0,"-","-","BERKELEY","ALAMEDA","CA",0,0
"4020457",-122.281161146,37.8800926208,2008,"0103","0","3","3","21",0,1,"A",,"Y",,,,900,12,"B","G","A","CALIFORNIA ST","ROSE ST",172,"N","N","2009-07-31",103,"2008-12-17",817,"6","18","5","6","0","0",,"0","003","B","N",,0,0,,,0,,,,"N",2,"A","-",22106,,"N","A","H","-","A","D","0","Y","D","22",0,1,0,0,0,0,1,0,0,"-","-","BERKELEY","ALAMEDA","CA",0,0
"4020458",-122.289666648,37.860987329,2008,"0103","0","7","3","12",0,1,"B",,"Y",,,,900,12,"D","G","A","DWIGHT WY","RT 123",0,,"Y","2009-08-14",103,"2008-12-21",846,"0100","32","5","6","0","0",,"0","015","-","Y","ALA",4,123,"-","-",2.57,"I","6","S","N",2,"A","-",21453,"A","N","A","H","-","A","A","0","Y","L","04",0,1,0,0,0,0,1,0,0,"-","-","BERKELEY","ALAMEDA","CA",0,0
"4020462",-122.286582255,37.8651695251,2008,"0103","0","6","4","09",0,1,"A",,"Y",,,,2100,12,"D","G","A","BANCROFT WY","BONAR ST",12,"E","N","2009-08-11",103,"2008-12-20",1834,"141","31","5","6","0","0",,"0","014","-","N",,0,0,,,0,,,,"N",2,"A","-",21802,"A","N","A","H","-","C","A","0","Y","L","04",0,0,1,0,0,0,1,0,0,"-","-","BERKELEY","ALAMEDA","CA",0,0
"4020463",-122.278943571,37.8523635864,2008,"0103","0","1","4","05",0,1,"A",,"Y",,,,1200,12,"D","G","A","SACRAMENTO ST","TYLER ST",15,"S","N","2009-07-30",103,"2008-12-29",900,"98","40","5","6","0","0",,"0","112","-","N",,0,0,,,0,,,,"N",2,"A","-",21650,,"N","A","H","-","A","A","0","Y","L","04",0,0,1,0,0,0,1,0,0,"-","-","BERKELEY","ALAMEDA","CA",0,0
"4020467",-122.267108392,37.880443573,2008,"0103","0","6","4","03",0,1,"A",,,,,"Y",1200,12,"C","C","A","OXFORD ST","VINE ST",15,"S","N","2009-07-30",103,"2008-12-27",1115,"51","17","5","6","0","0",,"0","002","-","N",,0,0,,,0,,,,"N",2,"A","-",22350,,"N","A","H","-","A","D","0","Y","-","-",0,0,1,0,0,0,0,0,0,"-","-","BERKELEY","ALAMEDA","CA",0,0
"4020469",-122.27074062,37.8509292603,2008,"0103","0","4","4","03",0,1,"C",,,,,,1800,12,"C","C","A","ADELINE ST","FAIRVIEW ST",105,"N","N","2009-07-31",103,"2008-12-18",1718,"57","40","5","6","0","0",,"0","009","-","N",,0,0,,,0,,,,"Y",2,"A","-",22350,,"N","A","H","-","C","A","0","Y","-","-",0,0,1,0,0,0,0,0,0,"-","-","BERKELEY","ALAMEDA","CA",0,0
"4020470",-122.281643153,37.8658065796,2008,"0103","0","1","4","09",0,1,"A",,,,,,1200,12,"D","C","A","SACRAMENTO ST","BACROFT WY",0,,"Y","2009-08-03",103,"2008-12-22",1049,"66","31","5","6","0","0",,"0","005","-","N",,0,0,,,0,,,,"Y",2,"A","-",21802,"A","N","A","H","-","A","A","0","Y","A","01",0,0,1,0,0,0,0,0,0,"-","-","BERKELEY","ALAMEDA","CA",0,0
"4020473",-122.282804174,37.876701355,2008,"0103","0","4","4","21",0,2,"B",,,,,,1800,12,"C","C","A","CEDAR ST","SACRAMENTO ST",12,"W","N","2009-07-31",103,"2008-12-18",1518,"57","19","5","6","0","0",,"0","018","-","N",,0,0,,,0,,,,"N",2,"A","-",22106,,"N","A","H","-","A","A","0","Y","A","01",0,0,2,0,0,0,0,0,0,"-","-","BERKELEY","ALAMEDA","CA",0,0
"4020475",-122.267393578,37.8929367065,2008,"0103","0","3","4","03",0,1,"A",,,,,,1200,12,"B","E","A","SPRUCE ST","MARIN AV",122,"S","N","2009-07-30",103,"2008-12-31",1102,"84","14","5","6","0","0",,"0","002","-","N",,0,0,,,0,,,,"N",2,"A","-",22350,,"N","A","H","-","A","D","0","Y","A","01",0,0,1,0,0,0,0,0,0,"-","-","BERKELEY","ALAMEDA","CA",0,0
"4020479",-122.271433151,37.85704422,2008,"0103","0","2","3","09",0,2,"A",,,,,,1500,12,"D","A","A","MARTIN LUTHER KING JR WY","OREGON ST",0,,"Y","2009-07-30",103,"2008-12-30",1422,"151","34","5","6","0","0",,"0","012","-","N",,0,0,,,0,,,,"Y",2,"A","-",21802,"A","N","A","H","-","A","A","0","Y","A","01",0,1,1,0,0,0,0,0,0,"-","-","BERKELEY","ALAMEDA","CA",0,0
"4027043",-122.298268177,37.8658447266,2008,"0103","0","1","3","08",0,1,"A",,,,,,1800,10,"D","C","A","5TH ST","ADDISON ST",230,"S","N","2009-06-03",103,"2008-10-20",1622,"19","20","5","6","0","0",,"0","016","-","N",,0,0,,,0,,,,"Y",2,"A","-",22107,,"N","A","H","-","A","D","0","Y","A","01",0,1,0,0,0,0,0,0,0,"-","-","BERKELEY","ALAMEDA","CA",0,0
"4027044",-122.273161644,37.8716011047,2008,"0103","0","1","4","03",0,1,"A",,,,,,1500,10,"C","C","A","UNIVERSITY AV","MARTIN LUTHER KING JR WY",41,"W","N","2009-06-03",103,"2008-10-20",1209,"57","24","5","6","0","0",,"0","003","-","N",,0,0,,,0,,,,"N",3,"A","-",22350,,"N","A","D","-","A","A","0","Y","A","01",0,0,1,0,0,0,0,0,0,"-","-","BERKELEY","ALAMEDA","CA",0,0
"4027048",-122.270483152,37.8690757751,2008,"0103","0","1","3","09",0,3,"A",,,,,,1500,10,"D","C","A","MILVIA ST","ALLSTON WY",0,,"Y","2009-06-03",103,"2008-10-20",1205,"100","29","5","6","0","0",,"0","004","-","N",,0,0,,,0,,,,"Y",2,"A","-",21801,"A","N","A","H","-","A","A","0","Y","A","01",0,1,2,0,0,0,0,0,0,"-","-","BERKELEY","ALAMEDA","CA",0,0
"4027050",-122.26111315,37.8666267395,2008,"0103","0","2","3","05",0,1,"A",,"Y",,,,1500,10,"D","G","A","CHANNING WY","DANA ST",0,,"Y","2009-06-03",103,"2008-10-14",1244,"147","28","5","6","0","0",,"0","006","-","N",,0,0,,,0,,,,"N",2,"A","-",21650,,"N","A","H","-","A","A","0","Y","L","04",0,1,0,0,0,0,1,0,0,"-","-","BERKELEY","ALAMEDA","CA",0,0
"4027054",-122.280109176,37.8731575012,2008,"0103","0","2","4","05",0,1,"A",,"Y",,,,1200,10,"E","E","A","CALIFORNIA ST","DELAWARE",68,"S","N","2009-06-03",103,"2008-10-14",920,"18","23","5","6","0","0",,"0","003","-","N",,0,0,,,0,,,,"N",2,"A","-",21650,,"N","A","H","-","A","D","0","Y","L","04",0,0,1,0,0,0,1,0,0,"-","-","BERKELEY","ALAMEDA","CA",0,0
"4027055",-122.271543151,37.8579559326,2008,"0103","0","7","3","09",0,1,"A",,"Y",,,,2100,10,"D","G","A","MARTIN LUTHER KING JR WY","STUART ST",0,,"Y","2009-06-03",103,"2008-10-05",2056,"114","34","5","6","0","0",,"0","012","-","N",,0,0,,,0,,,,"N",2,"A","-",21801,"A","N","A","H","-","C","D","0","Y","A","01",0,1,0,0,0,0,1,0,0,"-","-","BERKELEY","ALAMEDA","CA",0,0
"4027058",-122.280333154,37.8751335144,2008,"0103","0","1","3","09",0,1,"A",,"Y",,,,2100,10,"D","G","A","VIRGINIA ST","CALIFORNIA ST",0,,"Y","2009-06-03",103,"2008-10-13",1830,"55","23","5","6","0","0",,"0","003","-","N",,0,0,,,0,,,,"N",2,"A","-",21801,"A","N","A","H","-","B","D","0","Y","A","01",0,1,0,0,0,0,1,0,0,"-","-","BERKELEY","ALAMEDA","CA",0,0
"4027059",-122.28796511,37.856189499,2008,"0103","0","1","4","03",0,1,"A",,,,,,1200,10,"C","C","A","RT 123","GRAYSON ST",20,"S","N","2009-07-09",103,"2008-10-06",1150,"3","20","5","6","0","0",,"0","013","-","Y","ALA",4,123,"-","-",2.21,"H","-","N","N",2,"A","-",22350,,"N","A","H","-","A","A","0","Y","A","08",0,0,1,0,0,0,0,0,0,"-","-","BERKELEY","ALAMEDA","CA",0,0
"4027066",-122.26093315,37.8657264709,2008,"0103","0","7","3","10",0,1,"A","Y",,,,,2100,10,"A","B","B","HASTE ST","DANA ST",0,,"Y","2009-06-02",103,"2008-10-12",1802,"130","28","5","6","0","0",,"0","006","-","N",,0,0,,,0,,,,"N",2,"A","-",21950,"A","N","A","H","-","A","A","0","Y","A","01",0,1,0,0,1,0,0,0,0,"-","-","BERKELEY","ALAMEDA","CA",0,0
"4027067",-122.26831315,37.8535842896,2008,"0103","0","1","4","09",0,1,"A",,,,,,1800,10,"D","C","A","ESSEX ST","TREMONT AV",0,,"Y","2009-06-03",103,"2008-10-06",1531,"57","39","5","6","0","0",,"0","010","-","N",,0,0,,,0,,,,"Y",2,"A","-",21802,"A","N","A","H","-","A","A","0","Y","D","22",0,0,1,0,0,0,0,0,0,"-","-","BERKELEY","ALAMEDA","CA",0,0
"4027071",-122.271993152,37.8624649048,2008,"0103","0","2","4","08",0,1,"A",,,,,,1800,10,"D","C","A","BLAKE ST","MARTIN LUTHER KING JR WY",0,,"Y","2009-06-03",103,"2008-10-07",1646,"57","34","5","6","0","0",,"0","005","-","N",,0,0,,,0,,,,"Y",2,"A","-",22101,"D","N","A","H","-","A","A","0","Y","-","-",0,0,1,0,0,0,0,0,0,"-","-","BERKELEY","ALAMEDA","CA",0,0
"4027074",-122.289873155,37.8720932007,2008,"0103","0","7","4","09",0,2,"A",,"Y",,,,2100,10,"D","G","A","DELAWARE ST","CURTIS ST",0,,"Y","2009-06-03",103,"2008-10-12",1800,"26","22","5","6","0","0",,"0","018","-","N",,0,0,,,0,,,,"N",3,"A","-",21802,"A","N","A","H","-","A","A","0","Y","A","01",0,0,2,0,0,0,2,0,0,"-","-","BERKELEY","ALAMEDA","CA",0,0
"4027075",-122.273421544,37.8778610229,2008,"0103","0","1","4","03",0,1,"A",,,,,,2100,10,"C","C","A","CEDAR ST","MARTIN LUTHER KING JR WY",100,"E","N","2009-06-03",103,"2008-10-06",1823,"73","0103","5","6","0","0",,"0","017","-","N",,0,0,,,0,,,,"N",3,"A","-",22350,,"N","A","H","-","A","A","0","Y","A","01",0,0,1,0,0,0,0,0,0,"-","-","BERKELEY","ALAMEDA","CA",0,0
"4027076",-122.278493913,37.8505096436,2008,"0103","0","3","3","08",0,1,"A",,"Y",,,,1200,10,"E","I","A","SACRAMENTO ST","WOOLSEY ST",32,"S","N","2009-06-09",103,"2008-10-15",1131,"151","40","5","6","0","0",,"0","011","-","N",,0,0,,,0,,,,"N",1,"A","-",22107,,"N","A","H","-","A","D","0","Y","L","04",0,1,0,0,0,0,1,0,0,"-","-","BERKELEY","ALAMEDA","CA",0,0
"4027077",-122.256178719,37.856639942,2008,"0103","0","3","4","21",0,2,"A",,,,,,1200,10,"B","C","A","RT 13","REGENT ST",104,"W","N","2009-06-30",103,"2008-10-08",1020,"57","36","5","6","0","0",,"0","009","-","Y","ALA",4,13,"-","-",11.47,"H","-","N","N",2,"A","-",22106,,"N","A","H","-","A","D","0","Y","-","-",0,0,2,0,0,0,0,0,0,"-","-","BERKELEY","ALAMEDA","CA",0,0
"4027080",-122.264469687,37.855551009,2008,"0103","0","3","4","03",0,2,"A",,,,,,1200,10,"C","C","A","RT 13","WHEELER ST",12,"E","N","2009-06-30",103,"2008-10-15",937,"57","35","5","6","0","0",,"0","010","-","Y","ALA",4,13,"-","-",11.9,"H","-","S","N",2,"A","-",22350,,"N","A","H","-","A","A","0","Y","A","01",0,0,2,0,0,0,0,0,0,"-","-","BERKELEY","ALAMEDA","CA",0,0
"4027084",-122.27097315,37.8524665833,2008,"0103","0","3","3","10",0,2,"A","Y","Y",,,,900,10,"G","B","B","MARTIN LUTHER KING JR WY","PRINCE ST",0,,"Y","2009-06-03",103,"2008-10-15",810,"3","39","5","6","0","0",,"0","010","-","N",,0,0,,,0,,,,"N",3,"A","-",21950,"A","N","A","H","-","B","D","0","Y","L","04",0,2,0,0,2,0,0,0,0,"-","-","BERKELEY","ALAMEDA","CA",0,0
"4027092",-122.292946985,37.856590271,2008,"0103","0","3","3","17",0,1,"A",,"Y",,,,1800,10,"B","G","A","7TH ST","CARLETON ST",140,"S","N","2009-06-03",103,"2008-10-22",1703,"141","20","5","6","0","0",,"0","015","-","N",,0,0,,,0,,,,"N",2,"A","-",22517,,"N","A","H","-","A","D","0","Y","A","01",0,1,0,0,0,0,1,0,0,"-","-","BERKELEY","ALAMEDA","CA",0,0
"4027094",0,0,2008,"0103","0","6","2","00",0,1,"A",,"Y",,,,1200,10,"H","-","A","WILDCAT CANYON RD","CANON DR",2100,"S","N","2009-06-02",103,"2008-10-11",936,"19","11","5","6","0","0",,"0","001","-","N",,0,0,,,0,,,,"N",1,"D","-",0,,"N","A","B","-","A","D","0","Y","-","-",1,0,0,0,0,0,1,0,0,"-","-","BERKELEY","ALAMEDA","CA",0,0
"4027097",-122.258701372,37.856317074,2008,"0103","0","5","3","09",0,1,"A",,"Y",,,,2100,10,"D","G","A","TELEGRAPH AV","RT 13",0,,"Y","2009-06-30",103,"2008-10-10",1926,"17","36","5","6","0","0",,"0","009","-","Y","ALA",4,13,"-","-",11.61,"I","5","N","N",2,"A","-",21801,"A","F","A","H","-","C","A","0","Y","-","99",0,1,0,0,0,0,1,0,0,"-","-","BERKELEY","ALAMEDA","CA",0,0
"4027099",-122.297133156,37.8695449829,2008,"0103","0","2","4","09",0,1,"A",,"Y",,,,1800,10,"D","G","A","HEARST AV","7TH ST",0,,"Y","2009-07-09",103,"2008-10-07",1503,"151","21","5","6","0","0",,"0","016","-","N",,0,0,,,0,,,,"N",2,"A","-",21802,"A","N","A","H","-","A","A","0","Y","A","01",0,0,1,0,0,0,1,0,0,"-","-","BERKELEY","ALAMEDA","CA",0,0
"4027101",-122.269198033,37.8802337646,2008,"0103","0","5","4","17",0,1,"A","Y",,,,,2100,10,"B","B","E","VINE ST","SHATTUCK AV",60,"E","N","2009-06-03",103,"2008-10-10",1823,"33","17","5","6","0","0",,"0","002","-","N",,0,0,,,0,,,,"N",2,"A","-",22517,,"N","A","H","-","A","D","0","Y","N","60",0,0,1,0,1,0,0,0,0,"-","-","BERKELEY","ALAMEDA","CA",0,0
"4027105",-122.252694265,37.8695526123,2008,"0103","0","5","3","07",0,1,"A",,"Y",,,,1500,10,"D","G","A","BANCROFT WY","PIEDMONT AV",91,"W","N","2009-06-03",103,"2008-10-10",1423,"151","26","5","6","0","0",,"0","007","-","N",,0,0,,,0,,,,"N",2,"A","-",21658,"A","N","A","H","-","A","D","0","Y","A","01",0,1,0,0,0,0,1,0,0,"-","-","BERKELEY","ALAMEDA","CA",0,0
"4027107",-122.253960804,37.8659286499,2008,"0103","0","2","3","17",0,1,"A",,"Y",,,,1800,10,"B","G","A","COLLEGE AV","DWIGHT WY",75,"N","N","2009-06-03",103,"2008-10-07",1758,"6","27","5","6","0","0",,"0","007","-","N",,0,0,,,0,,,,"N",2,"A","-",22517,,"N","A","H","-","A","D","0","Y","A","01",0,1,0,0,0,0,1,0,0,"-","-","BERKELEY","ALAMEDA","CA",0,0
"4027108",-122.264583151,37.8661842346,2008,"0103","0","5","4","09",0,1,"A",,,,,,2100,10,"D","C","A","CHANNING WY","ATHERTON ST",0,,"Y","2009-06-03",103,"2008-10-24",1939,"93","28","5","6","0","0",,"0","006","-","N",,0,0,,,0,,,,"N",2,"A","-",21804,,"N","A","H","-","C","A","0","Y","A","01",0,0,1,0,0,0,0,0,0,"-","-","BERKELEY","ALAMEDA","CA",0,0
"4027109",-122.286812259,37.852119098,2008,"0103","0","5","4","01",0,1,"A",,,,,"Y",300,10,"E","I","A","DWIGHT WY","RT 13",18,"W","N","2009-06-30",103,"2008-10-10",57,"10","31","5","6","0","0",,"0","016","-","Y","ALA",4,13,"-","-",13.19,"H","-","N","Y",1,"A","-",23152,,"N","A","H","-","C","A","0","Y","A","01",0,0,1,0,0,0,0,0,0,"-","-","BERKELEY","ALAMEDA","CA",0,0