"CASEID","POINT_X","POINT_Y","YEAR_","LOCATION","CHPTYPE","DAYWEEK","CRASHSEV","VIOLCAT","KILLED","INJURED","WEATHER1","PEDCOL","BICCOL","MCCOL","TRUCKCOL","ETOH","TIMECAT","MONTH_","CRASHTYP","INVOLVE","PED","PRIMARYRD","SECONDRD","DISTANCE","DIRECT","INTERSECT_","PROCDATE","JURIS","DATE_","TIME_","BADGE","JURIDIST","SHIFT","POP","SPECIAL","BEATTYPE","LAPDDIV","BEATCLAS","BEATNUMB","WEATHER2","STATEHW","CALTRANC","CALTRAND","STROUTE","ROUTESUF","POSTPRE","POSTMILE","LOCATYPE","RAMP","SIDEHW","TOWAWAY","PARTIES","PCF","VIOLCODE","VIOL","VIOLSUB","HITRUN","ROADSURF","RDCOND1","RDCOND2","LIGHTING","RIGHTWAY","CHPRDTYP","NOTPRIV","STFAULT","CHPFAULT","SEVINJ","OTHERINJ","COP","PEDKILL","PEDINJ","BICKILL","BICINJ","MCKILL","MCINJURE","RAMP1","RAMP2","CITY","COUNTY","STATE","X_CHP","Y_CHP"
"4027111",-122.286980314,37.853135256,2008,"0103","0","5","4","08",0,3,"B",,,,,,2100,10,"C","C","A","RT 123","BURNETT ST",0,,"Y","2009-07-09",103,"2008-10-31",1902,"72","30","5","6","0","0",,"0","013","-","Y","ALA",4,123,"-","-",1.98,"I","5","N","N",2,"A","-",22107,,"N","A","H","-","C","D","0","Y","A","01",0,0,3,0,0,0,0,0,0,"-","-","BERKELEY","ALAMEDA","CA",0,0
"4027112",-122.294384493,37.8496513367,2008,"0103","0","5","4","08",0,1,"A",,,,,,2100,10,"C","C","A","ASHBY AV","7TH ST",1056,"W","N","2009-06-03",103,"2008-10-24",1836,"151","20","5","6","0","0",,"0","015","-","N",,0,0,,,0,,,,"Y",2,"A","-",22107,,"N","A","H","-","C","D","0","Y","A","01",0,0,1,0,0,0,0,0,0,"-","-","BERKELEY","ALAMEDA","CA",0,0
"4027113",-122.29685491,37.8681983948,2008,"0103","0","4","2","18",0,1,"A",,,,,,1800,10,"D","C","A","UNIVERSITY AV","7TH ST",42,"W","N","2009-06-03",103,"2008-10-09",1744,"57","21","5","6","0","0",,"0","016","-","N",,0,0,,,0,,,,"N",2,"C","-",0,,"N","A","H","-","A","D","0","Y","-","-",1,0,0,0,0,0,0,0,0,"-","-","BERKELEY","ALAMEDA","CA",0,0
"4027114",-122.27157315,37.8486938477,2008,"0103","0","6","4","03",0,1,"A",,,,,,2400,10,"C","C","A","ADELINE  ST","ALCATRAZ ST",0,,"Y","2009-06-02",103,"2008-10-04",2257,"54","39","5","6","0","0",,"0","010","-","N",,0,0,,,0,,,,"N",2,"A","-",22350,,"F","A","H","-","C","A","0","Y","-","99",0,0,1,0,0,0,0,0,0,"-","-","BERKELEY","ALAMEDA","CA",0,0
"4027115",-122.259360166,37.867816925,2008,"0103","0","5","4","03",0,1,"B",,,,,,2100,10,"C","C","A","DURANT AV","TELEGRAPH AV",96,"W","N","2009-06-03",103,"2008-10-31",1910,"7","28","5","6","0","0",,"0","006","-","N",,0,0,,,0,,,,"N",2,"A","-",22350,,"N","A","H","-","C","D","0","Y","A","01",0,0,1,0,0,0,0,0,0,"-","-","BERKELEY","ALAMEDA","CA",0,0
"4027116",-122.250373149,37.8641548157,2008,"0103","0","4","3","11",0,1,"A","Y",,,,,2100,10,"D","B","B","WARRING ST","PARKER ST",0,,"Y","2009-06-03",103,"2008-10-23",1915,"145","37","5","6","0","0",,"0","008","-","N",,0,0,,,0,,,,"N",2,"A","-",21950,"B","N","A","H","-","C","A","0","Y","N","60",0,1,0,0,1,0,0,0,0,"-","-","BERKELEY","ALAMEDA","CA",0,0
"4029686",-122.291778153,37.868183136,2008,"0103","0","3","3","01",0,1,"A",,,,,"Y",1500,10,"B","E","A","ADDISON ST","SAN PABLO AV",60,"W","N","2009-05-27",103,"2008-10-01",1359,"57","32","5","6","0","0",,"0","016","-","N",,0,0,,,0,,,,"Y",2,"A","-",23152,"A","M","A","H","-","A","D","0","Y","-","-",0,1,0,0,0,0,0,0,0,"-","-","BERKELEY","ALAMEDA","CA",0,0
"4029687",-122.269823458,37.8691444397,2008,"0103","0","3","3","10",0,1,"A","Y",,,,,1200,10,"G","B","B","ALLSTON WY","HAROLD WY",3,"W","N","2009-06-03",103,"2008-10-29",1146,"110","29","5","6","0","0",,"0","004","-","N",,0,0,,,0,,,,"N",2,"A","-",21950,"A","F","A","H","-","A","D","0","Y","A","01",0,1,0,0,1,0,0,0,0,"-","-","BERKELEY","ALAMEDA","CA",0,0
"4029694",-122.271993152,37.8624649048,2008,"0103","0","3","4","09",0,1,"A",,,,,,1800,10,"D","C","A","MARTIN LUTHER KING JR WY","BLAKE ST",0,,"Y","2009-05-27",103,"2008-10-01",1536,"151","34","5","6","0","0",,"0","005","-","N",,0,0,,,0,,,,"Y",2,"A","-",21801,"A","N","A","H","-","A","D","0","Y","A","01",0,0,1,0,0,0,0,0,0,"-","-","BERKELEY","ALAMEDA","CA",0,0
"4029695",-122.270168997,37.8521690369,2008,"0103","0","4","3","03",0,1,"B",,"Y",,,,2400,10,"H","J","A","ADELINE ST","WOOLSEY ST",116,"N","N","2009-06-03",103,"2008-10-30",2240,"33","39","5","6","0","0",,"0","010","-","N",,0,0,,,0,,,,"N",1,"A","-",22350,,"N","A","G","-","C","D","0","Y","L","04",0,1,0,0,0,0,1,0,0,"-","-","BERKELEY","ALAMEDA","CA",0,0
"4029707",-122.259583149,37.857093811,2008,"0103","0","5","3","17",0,1,"B",,"Y",,,,900,10,"B","G","A","TELEGRAPH AV","HOWE ST",0,,"Y","2009-06-03",103,"2008-10-31",825,"68","36","5","6","0","0",,"0","009","-","N",,0,0,,,0,,,,"N",2,"A","-",21209,"A","M","B","H","-","A","D","0","Y","-","99",0,1,0,0,0,0,1,0,0,"-","-","BERKELEY","ALAMEDA","CA",0,0
"4029708",-122.265894537,37.8669548035,2008,"0103","0","6","3","08",0,1,"A",,,"Y",,,1500,10,"B","C","A","FULTON ST","DURANT AV",4,"N","N","2009-06-03",103,"2008-10-18",1342,"38","29","5","6","0","0",,"0","004","-","N",,0,0,,,0,,,,"N",2,"A","-",22107,,"N","A","H","-","A","A","0","Y","C","02",0,1,0,0,0,0,0,0,1,"-","-","BERKELEY","ALAMEDA","CA",0,0
"4029712",-122.272936571,37.870880127,2008,"0103","0","6","3","10",0,1,"A","Y",,,,,1500,10,"G","B","F","MARTIN LUTHER KING JR WY","ADDISON ST",100,"N","N","2009-06-09",103,"2008-10-18",1217,"82","29","5","6","0","0",,"0","004","-","N",,0,0,,,0,,,,"N",2,"A","-",21952,,"N","A","H","-","A","D","0","Y","A","01",0,1,0,0,1,0,0,0,0,"-","-","BERKELEY","ALAMEDA","CA",0,0
"4029716",-122.267734947,37.86668396,2008,"0103","0","6","2","10",0,1,"A","Y",,"Y",,,300,10,"G","B","B","DURANT AV","SHATTUCK AV",20,"E","N","2009-06-03",103,"2008-10-18",205,"126","29","5","6","0","0",,"0","005","-","N",,0,0,,,0,,,,"N",2,"A","-",21950,"A","F","A","H","-","C","A","0","Y","C","02",1,0,0,0,1,0,0,0,0,"-","-","BERKELEY","ALAMEDA","CA",0,0
"4029718",-122.262151049,37.8683433533,2008,"0103","0","4","4","14",0,1,"A",,"Y",,,,2400,10,"D","G","A","BANCROFT WY","DANA ST",195,"W","N","2009-05-27",103,"2008-10-02",2157,"2","28","5","6","0","0",,"0","006","-","N",,0,0,,,0,,,,"N",2,"A","-",21201,"D","N","A","H","-","C","A","0","Y","L","04",0,0,1,0,0,0,1,0,0,"-","-","BERKELEY","ALAMEDA","CA",0,0
"4029719",-122.27702946,37.853536427,2008,"0103","0","5","2","09",0,1,"B",,"Y",,,,1200,10,"D","C","A","ASHBY AV","RT 13",0,,"Y","2009-06-30",103,"2008-10-31",1143,"134","39","5","6","0","0",,"0","012","-","Y","ALA",4,13,"-","-",12.64,"I","5","N","Y",3,"A","-",21802,"A","F","B","H","-","A","D","0","Y","-","-",1,0,0,0,0,0,1,0,0,"-","-","BERKELEY","ALAMEDA","CA",0,0
"4029723",0,0,2008,"0103","0","2","4","03",0,1,"A",,,,,,1800,10,"C","C","A","FRONTAGE RD","ASHBY AV",2500,"N","-","2009-06-03",103,"2008-10-28",1600,"159","20","5","6","0","0",,"0","015","-","N",,0,0,,,0,,,,"N",2,"A","-",22350,,"F","A","H","-","A","D","0","Y","A","01",0,0,1,0,0,0,0,0,0,"-","-","BERKELEY","ALAMEDA","CA",0,0
"4029728",-122.305611035,37.8778533936,2008,"0103","0","5","2","03",0,1,"A",,"Y",,,,1500,10,"E","J","A","2ND ST","GILMAN ST",231,"S","N","2009-06-03",103,"2008-10-17",1310,"6","20","5","6","0","0",,"0","017","-","N",,0,0,,,0,,,,"N",1,"A","-",22350,,"N","A","A","-","A","D","0","Y","-",,1,0,0,0,0,0,1,0,0,"-","-","BERKELEY","ALAMEDA","CA",0,0
"4029730",-122.240550089,37.856186333,2008,"0103","0","5","4","04",0,2,"B",,,,,,300,10,"C","C","A","RT 13","OAKRIDGE RD",0,,"Y","2009-06-30",103,"2008-10-03",103,"32","38","5","6","0","0",,"0","008","-","Y","ALA",4,13,"-","-",10.55,"H","-","N","N",4,"A","-",21703,,"M","A","H","-","A","A","0","Y","A","01",0,0,2,0,0,0,0,0,0,"-","-","BERKELEY","ALAMEDA","CA",0,0
"4029734",-122.271433151,37.85704422,2008,"0103","0","5","4","09",0,1,"A",,,,,,1500,10,"D","D","A","MARTIN LUTHER KING JR WY","OREGON ST",0,,"Y","2009-05-27",103,"2008-10-03",1455,"134","35","5","6","0","0",,"0","010","-","N",,0,0,,,0,,,,"Y",2,"A","-",21802,"A","N","A","H","-","A","A","0","Y","A","01",0,0,1,0,0,0,0,0,0,"-","-","BERKELEY","ALAMEDA","CA",0,0
"4029735",-122.290887248,37.8817024231,2008,"0103","0","3","2","18",0,1,"A",,,,,,1500,10,"D","D","A","SANTA FE AV","GILMAN AV",87,"N","N","2009-06-03",103,"2008-10-29",1437,"57","19","5","6","0","0",,"0","018","-","N",,0,0,,,0,,,,"N",2,"C","-",0,,"N","A","H","-","A","A","0","Y","-","-",1,0,0,0,0,0,0,0,0,"-","-","BERKELEY","ALAMEDA","CA",0,0
"4029738",-122.295777572,37.880400989,2008,"0103","0","5","3","11",0,1,"B","Y",,,,,1500,10,"G","B","B","RT 123","GILMAN ST",0,,"Y","2009-07-09",103,"2008-10-03",1455,"151","20","5","6","0","0",,"0","017","-","Y","ALA",4,123,"-","-",3.97,"H","-","N","N",2,"A","-",21456,"B","N","A","H","-","A","A","0","Y","N","60",0,1,0,0,1,0,0,0,0,"-","-","BERKELEY","ALAMEDA","CA",0,0
"4029740",-122.266173998,37.8524551392,2008,"0103","0","4","4","03",0,1,"A",,,,,,2400,10,"C","C","A","SHATTUCK AV","WOOLSEY ST",29,"N","N","2009-06-03",103,"2008-10-16",2200,"50","39","5","6","0","0",,"0","010","-","N",,0,0,,,0,,,,"N",3,"A","-",22350,,"N","A","H","-","C","A","0","Y","A","07",0,0,1,0,0,0,0,0,0,"-","-","BERKELEY","ALAMEDA","CA",0,0
"4029742",-122.272337656,37.8655319214,2008,"0103","0","5","4","01",0,1,"C",,,,,"Y",2400,10,"B","E","A","MARTIN LUTHER KING JR WY","CHANNING WY",126,"N","N","2009-05-27",103,"2008-10-03",2237,"147","30","5","6","0","0",,"0","005","-","N",,0,0,,,0,,,,"Y",2,"A","-",23153,"B","N","B","H","-","C","A","0","Y","A","01",0,0,1,0,0,0,0,0,0,"-","-","BERKELEY","ALAMEDA","CA",0,0
"4029747",-122.265993151,37.8678359985,2008,"0103","0","3","3","10",0,1,"A","Y",,,,,1800,10,"D","B","B","FULTON ST","BANCROFT WY",0,,"Y","2009-06-03",103,"2008-10-29",1700,"151","29","5","6","0","0",,"0","004","-","N",,0,0,,,0,,,,"N",2,"A","-",21950,"A","N","A","H","-","A","A","0","Y","A","01",0,1,0,0,1,0,0,0,0,"-","-","BERKELEY","ALAMEDA","CA",0,0
"4029750",-122.270582275,37.8699913025,2008,"0103","0","3","3","05",0,1,"A",,"Y",,,,2100,10,"-","G","A","CENTER ST","MILVIA ST",12,"E","N","2009-05-27",103,"2008-10-29",2049,"114","29","5","6","0","0",,"0","004","-","N",,0,0,,,0,,,,"N",2,"A","-",21651,"A","N","A","H","-","C","A","0","Y","A","01",0,1,0,0,0,0,1,0,0,"-","-","BERKELEY","ALAMEDA","CA",0,0
"4029751",-122.272188613,37.8706970215,2008,"0103","0","3","4","09",0,2,"A",,,,,,2100,10,"D","C","A","ADDISON ST","MARTIN LUTHER KING JR WY",209,"E","N","2009-06-03",103,"2008-10-29",1811,"26","29","5","6","0","0",,"0","004","-","N",,0,0,,,0,,,,"N",2,"A","-",21804,"A","N","A","H","-","A","A","0","Y","-","-",0,0,2,0,0,0,0,0,0,"-","-","BERKELEY","ALAMEDA","CA",0,0
"4029754",-122.25458315,37.8693237305,2008,"0103","0","4","4","17",0,1,"B",,"Y",,,,1200,10,"H","G","A","COLLEGE AV","BANCROFT WY",0,"S","-","2009-05-27",103,"2008-10-30",1142,"23","28","5","6","0","0",,"0","007","-","N",,0,0,,,0,,,,"N",2,"A","-",22517,,"F","A","H","-","A","A","0","Y","A","01",0,0,1,0,0,0,1,0,0,"-","-","BERKELEY","ALAMEDA","CA",0,0
"4029758",-122.273223153,37.8733444214,2008,"0103","0","4","4","09",0,2,"C",,,,,,1800,10,"D","C","A","MARTIN LUTHER KING JR WY","HEARST AV",0,,"Y","2009-05-27",103,"2008-10-30",1530,"38","24","5","6","0","0",,"0","003","-","N",,0,0,,,0,,,,"N",3,"A","-",21801,"A","N","B","H","-","A","A","0","Y","A","01",0,0,2,0,0,0,0,0,0,"-","-","BERKELEY","ALAMEDA","CA",0,0
"4029759",-122.295413274,37.8787193298,2008,"0103","0","6","3","08",0,1,"A",,"Y",,,,1800,10,"D","G","A","CAMELIA ST","RT 123",6,"W","N","2009-06-03",103,"2008-10-25",1543,"53","20","5","6","0","0",,"0","017","-","N",,0,0,,,0,,,,"N",2,"A","-",22107,,"F","A","H","-","A","D","0","Y","-","-",0,1,0,0,0,0,1,0,0,"-","-","BERKELEY","ALAMEDA","CA",0,0
"4029760",-122.276555824,37.888874054,2008,"0103","0","6","3","08",0,1,"A",,"Y",,,,1800,10,"-","G","A","MARIN AV","THE ALAMEDA",5,"S","N","2009-06-03",103,"2008-10-25",1722,"007","12","5","6","0","0",,"0","001","-","N",,0,0,,,0,,,,"N",2,"A","-",22107,,"N","A","H","-","A","D","0","Y","A","01",0,1,0,0,0,0,1,0,0,"-","-","BERKELEY","ALAMEDA","CA",0,0
"4036001",-122.2816832,37.86211072,2009,"0103","0","3","3","17",0,1,"A",,"Y",,,,2100,1,"B","G","A","DWIGHT WY","SACRAMENTO ST",120,"W","N","2009-09-10",103,"2009-01-28",1818,"1","31","5","6","0","0",,"0","014","-","N",,,0,,,0,,,,"N",2,"A","-",22517,,"N","A","H","-","C","D","0","Y","A","01",0,1,0,0,0,0,1,0,0,"-","-","BERKELEY","ALAMEDA","CA",0,0
"4036003",-122.27982,37.87073,2009,"0103","0","1","4","08",0,1,"A",,,,,,2100,1,"D","C","A","UNIVERSITY AV","CALIFORNIA ST",0,,"Y","2009-09-15",103,"2009-01-19",1802,"146","23","5","6","0","0",,"0","003","-","N",,,0,,,0,,,,"N",2,"A","-",22107,,"N","A","H","-","C","A","0","Y","A","07",0,0,1,0,0,0,0,0,0,"-","-","BERKELEY","ALAMEDA","CA",0,0
"4036005",-122.26672,37.85673,2009,"0103","0","4","4","12",0,1,"A",,"Y",,,,900,1,"D","G","A","SHATTUCK AV","RUSSELL ST",0,,"Y","2009-09-10",103,"2009-01-29",830,"37",,"5","6","0","0",,"0","010","-","N",,,0,,,0,,,,"N",2,"A","-",22450,,"N","A","H","-","A","A","0","Y","L","04",0,0,1,0,0,0,1,0,0,"-","-","BERKELEY","ALAMEDA","CA",0,0
"4036009",-122.291874478,37.868313278,2009,"0103","0","4","4","10",0,1,"A","Y",,,,,1500,1,"G","B","B","RT 123","ADDISON ST",6,"N","N","2009-10-19",103,"2009-01-29",1238,"3",,"5","6","0","0",,"0","014","-","Y","ALA",4,123,"-","-",3.09,"H","-","N","N",2,"A","-",21950,"A","N","A","H","-","A","D","0","Y","-","-",0,0,1,0,1,0,0,0,0,"-","-","BERKELEY","ALAMEDA","CA",0,0
"4036010",-122.26544,37.87426,2009,"0103","0","2","3","10",0,1,"A","Y",,,,,1800,1,"G","B","B","HEARST AV","SPRUCE ST",0,,"Y","2009-09-10",103,"2009-01-27",1524,"57",,"5","6","0","0",,"0","002","-","N",,,0,,,0,,,,"N",2,"A","-",21950,"A","N","A","H","-","A","D","0","Y","A","01",0,1,0,0,1,0,0,0,0,"-","-","BERKELEY","ALAMEDA","CA",0,0
"4036011",-122.291333355,37.866178647,2009,"0103","0","1","2","09",0,1,"A",,"Y",,,,1800,1,"-","G","A","ALLSTON WY","RT 123",0,,"Y","2009-12-17",103,"2009-01-19",1641,"56","32","5","6","0","0",,"0","016","-","Y","ALA",4,123,"-","-",2.94,"H","-","S","N",2,"A","-",21801,"A","N","A","H","-","A","A","0","Y","D","22",1,0,0,0,0,0,1,0,0,"-","-","BERKELEY","ALAMEDA","CA",0,0
"4036026",-122.29357,37.86593,2009,"0103","0","6","4","09",0,1,"B",,"Y",,,,1800,1,"D","G","A","9TH ST","ALLSTON WY",0,,"Y","2009-09-10",103,"2009-01-24",1534,"94",,"5","6","0","0",,"0","016","-","N",,,0,,,0,,,,"N",2,"A","-",21804,"A","N","A","H","-","A","A","0","Y","L","04",0,0,1,0,0,0,1,0,0,"-","-","BERKELEY","ALAMEDA","CA",0,0
"4036029",-122.273745951,37.853968085,2009,"0103","0","4","2","11",0,1,"A","Y",,,,,900,1,"G","B","B","RT 13","ELLIS ST",0,,"Y","2009-10-15",103,"2009-01-29",814,"37",,"5","6","0","0",,"0","012","-","Y","ALA",4,13,"-","-",12.44,"I","6","S","N",2,"A","-",21950,"B","N","A","H","-","A","A","0","Y","N","60",1,0,0,0,1,0,0,0,0,"-","-","BERKELEY","ALAMEDA","CA",0,0
"4036030",-122.2542669,37.86746241,2009,"0103","0","6","4","08",0,1,"B",,,"Y",,,1500,1,"B","C","A","COLLEGE AV","CHANNING WY",12,"S","N","2009-09-10",103,"2009-01-24",1208,"33",,"5","6","0","0",,"0","007","-","N",,,0,,,0,,,,"N",2,"A","-",22107,,"N","A","H","-","A","A","0","Y","A","01",0,0,1,0,0,0,0,0,1,"-","-","BERKELEY","ALAMEDA","CA",0,0
"4036033",-122.2727095,37.85963988,2009,"0103","0","5","4","09",0,1,"A",,,,,,900,1,"D","C","A","DERBY CT","MARTIN LUTHER KING JR WY",294,"W","N","2009-09-10",103,"2009-01-30",848,"134",,"5","6","0","0",,"0","012","-","N",,,0,,,0,,,,"N",2,"A","-",21804,"A","N","A","H","-","A","D","0","Y","A","01",0,0,1,0,0,0,0,0,0,"-","-","BERKELEY","ALAMEDA","CA",0,0
"4036037",-122.2607574,37.86851533,2009,"0103","0","5","4","17",0,1,"A",,"Y",,,,1200,1,"E","G","A","BANCROFT WY","DANA ST",212,"E","N","2009-09-10",103,"2009-01-30",909,"151",,"5","6","0","0",,"0","006","-","N",,,0,,,0,,,,"N",3,"A","-",22517,,"N","A","H","-","A","D","0","Y","-","-",0,0,1,0,0,0,1,0,0,"-","-","BERKELEY","ALAMEDA","CA",0,0
"4036038",-122.2796486,37.84785623,2009,"0103","0","5","3","10",0,1,"C","Y",,,,,1500,1,"G","B","F","BAKER ST","ALCATRAZ ST",78,"N","N","2009-09-10",103,"2009-01-23",1344,"137",,"5","6","0","0",,"0","013","-","N",,,0,,,0,,,,"Y",2,"A","-",21952,,"F","B","H","-","A","D","0","Y","A","01",0,1,0,0,1,0,0,0,0,"-","-","BERKELEY","ALAMEDA","CA",0,0
"4036041",-122.2563961,37.86402659,2009,"0103","0","5","4","21",0,1,"A","Y",,,,,1500,1,"D","C","F","HILLEGASS AV","PARKER ST",205,"N","N","2009-09-17",103,"2009-01-30",1243,"23",,"5","6","0","0",,"0","007","-","N",,,0,,,0,,,,"Y",4,"A","-",22106,,"N","A","H","-","A","D","0","Y","A","01",0,0,1,0,1,0,0,0,0,"-","-","BERKELEY","ALAMEDA","CA",0,0
"4036042",-122.29336,37.8689,2009,"0103","0","5","4","09",0,1,"B",,,,,,1200,1,"D","C","A","UNIVERSITY AV","10TH ST",0,,"Y","2009-09-10",103,"2009-01-23",1148,"94",,"5","6","0","0",,"0","016","-","N",,,0,,,0,,,,"Y",2,"A","-",21802,"A","N","B","H","-","A","A","0","Y","-","-",0,0,1,0,0,0,0,0,0,"-","-","BERKELEY","ALAMEDA","CA",0,0
"4036046",-122.2772021,37.89147501,2009,"0103","0","5","4","21",0,2,"B",,,,,,1200,1,"C","C","A","SOLANO AV","THE ALAMEDA",17,"W","N","2009-09-10",103,"2009-01-23",1105,"146",,"5","6","0","0",,"0","001","-","N",,,0,,,0,,,,"N",2,"A","-",22106,,"N","B","H","-","A","A","0","Y","D","72",0,0,2,0,0,0,0,0,0,"-","-","BERKELEY","ALAMEDA","CA",0,0
"4036050",-122.278988,37.85257048,2009,"0103","0","5","4","07",0,2,"B","Y",,,"Y",,1200,1,"C","-","-","SACRAMENTO ST","ASHBY AV",259,"S","N","2009-12-30",103,"2009-01-23",1051,"151",,"5","6","0","0",,"0","013","-","N",,,0,,,0,,,,"Y",3,"A","-",21658,"A","N","B","H","-","A","D","0","Y","A","01",0,0,2,0,1,0,0,0,0,"-","-","BERKELEY","ALAMEDA","CA",0,0
"4036053",-122.2664259,37.88448967,2009,"0103","0","5","3","08",0,1,"A",,,,,,2400,1,"B","E","A","SPRUCE ST","GLEN AV",254,"N","N","2009-09-10",103,"2009-01-30",2214,"121",,"5","6","0","0",,"0","002","-","N",,,0,,,0,,,,"Y",2,"A","-",22107,,"N","A","H","-","C","D","0","Y","A","07",0,1,0,0,0,0,0,0,0,"-","-","BERKELEY","ALAMEDA","CA",0,0
"4036057",-122.293524496,37.873397022,2009,"0103","0","6","3","03",0,1,"A",,,"Y",,,1500,1,"C","C","A","RT 123","VIRGINIA ST",33,"S","N","2009-10-19",103,"2009-01-31",1452,"64",,"5","6","0","0",,"0","022","-","Y","ALA",4,123,"-","-",3.46,"H","-","N","N",2,"A","-",22350,,"N","A","H","-","A","D","0","Y","C","02",0,1,0,0,0,0,0,0,1,"-","-","BERKELEY","ALAMEDA","CA",0,0
"4036061",-122.2679707,37.85837996,2009,"0103","0","6","4","10",0,1,"A","Y",,,,,1800,1,"G","B","B","STUART ST","ADELINE ST",11,"W","N","2009-09-10",103,"2009-01-31",1622,"1",,"5","6","0","0",,"0","010","-","N",,,0,,,0,,,,"N",2,"A","-",21950,"A","N","A","H","-","A","D","0","Y","A","01",0,0,1,0,1,0,0,0,0,"-","-","BERKELEY","ALAMEDA","CA",0,0
"4036066",-122.27777,37.87269,2009,"0103","0","3","3","-",0,1,"B",,"Y",,,,1800,1,"D","G","A","HEARST AV","MCGEE AV",0,,"Y","2009-09-10",103,"2009-01-21",1732,"151",,"5","6","0","0",,"0","003","-","N",,,0,,,0,,,,"N",2,"A","-",0,,"N","B","H","-","C","A","0","Y","L","04",0,1,0,0,0,0,1,0,0,"-","-","BERKELEY","ALAMEDA","CA",0,0
"4036069",-122.2714817,37.85744698,2009,"0103","0","6","4","03",0,1,"A",,,,,,2100,1,"C","C","A","MARTIN LUTHER KING JR WY","OREGON ST",147,"N","N","2009-09-10",103,"2009-01-31",1834,"128",,"5","6","0","0",,"0","012","-","N",,,0,,,0,,,,"Y",2,"A","-",22350,,"N","-","H","-","C","D","0","Y","A","01",0,0,1,0,0,0,0,0,0,"-","-","BERKELEY","ALAMEDA","CA",0,0
"4036070",-122.2702969,37.85182526,2009,"0103","0","2","4","03",0,1,"A",,,,,,1800,1,"C","C","A","ADELINE","WOOLSEY ST",15,"S","N","2009-09-10",103,"2009-01-20",1724,"107",,"5","6","0","0",,"0","010","-","N",,,0,,,0,,,,"N",2,"A","-",22350,,"F","A","H","-","A","D","0","Y","-","99",0,0,1,0,0,0,0,0,0,"-","-","BERKELEY","ALAMEDA","CA",0,0
"4038050",-122.273028688,37.8716697693,2008,"0103","0","3","4","10",0,1,"A","Y",,,,,2400,9,"G","B","B","MARTIN LUTHER KING JR WY","UNIVERSITY AV",17,"N","N","2009-04-23",103,"2008-09-17",2237,"154","24","5","6","0","0",,"0","004","-","N",,0,0,,,0,,,,"N",2,"A","-",21950,"A","N","A","H","-","C","A","0","Y","A","01",0,0,1,0,1,0,0,0,0,"-","-","BERKELEY","ALAMEDA","CA",0,0
"4038062",-122.268765771,37.874912262,2008,"0103","0","5","3","17",0,1,"A",,"Y",,,,1200,9,"H","G","A","SHATTUCK AV","DELAWARE DR",35,"N","N","2009-04-23",103,"2008-09-26",915,"6","20","5","6","0","0",,"0","003","-","N",,0,0,,,0,,,,"N",2,"A","-",22517,,"N","A","H","-","A","D","0","Y","A","01",0,1,0,0,0,0,1,0,0,"-","-","BERKELEY","ALAMEDA","CA",0,0
"4038066",-122.270986615,37.8506393433,2008,"0103","0","4","4","12",0,1,"A","Y",,,,,900,9,"G","B","B","FAIRVIEW ST","ADELINE  ST",39,"W","N","2009-04-23",103,"2008-09-18",730,"102","40","5","6","0","0",,"0","011","-","N",,0,0,,,0,,,,"N",2,"A","-",22450,,"N","A","H","-","A","A","0","Y","D","22",0,0,1,0,1,0,0,0,0,"-","-","BERKELEY","ALAMEDA","CA",0,0
"4038164",0,0,2008,"0103","0","6","3","09",0,1,"A",,"Y",,,,600,9,"H","G","A","SACRAMENTO ST","DWIGHT WY",6,,"N","2009-04-24",103,"2008-09-27",407,"100","30","5","6","0","0",,"0","014","-","N",,0,0,,,0,,,,"N",2,"A","-",21453,"B","N","A","H","-","A","A","0","Y","A","01",0,1,0,0,0,0,1,0,0,"-","-","BERKELEY","ALAMEDA","CA",0,0
"4038168",-122.270400489,37.854366494,2008,"0103","0","5","4","03",0,1,"A",,,,,,1500,9,"C","C","A","RT 13","ADELINE AV",59,"W","N","2009-05-08",103,"2008-09-26",1341,"6","39","5","6","0","0",,"0","010","-","Y","ALA",4,13,"-","-",12.25,"H","-","S","N",2,"A","-",22350,,"N","A","H","-","A","A","0","Y","A","01",0,0,1,0,0,0,0,0,0,"-","-","BERKELEY","ALAMEDA","CA",0,0
"4038176",-122.283085198,37.879535675,2008,"0103","0","1","3","-",0,1,"A",,"Y",,,,900,9,"D","G","A","SACRAMENTO ST","ADA ST",135,"S","N","2009-04-24",103,"2008-09-29",755,"83","19","5","6","0","0",,"0","018","-","N",,0,0,,,0,,,,"N",2,"A","-",0,,"N","A","H","-","A","D","0","Y","L","04",0,1,0,0,0,0,1,0,0,"-","-","BERKELEY","ALAMEDA","CA",0,0
"4043235",-122.307247554,37.877322628,2009,"0103","1","7","4","07",0,1,"C",,,,"Y",,2100,2,"C","C","A","RT 80","GILMAN ST",100,"W","N","2009-10-15",9370,"2009-02-15",2030,"19169",,"2","6","0","1",,"2","081","-","Y","ALA",4,80,"-","-",6.6,"H","-","W","Y",4,"A","-",21658,"A","N","B","H","-","D","D","6","Y","A","07",0,0,1,0,0,0,0,0,0,"-","-","BERKELEY","ALAMEDA","CA",-122.30738,37.87779
"4054976",-122.303378051,37.864919325,2008,"0103","1","3","3","06",0,1,"A",,,"Y",,,1800,10,"B","C","A","RT 80","UNIVERSITY AV",430,"W","N","2009-06-08",9370,"2008-10-22",1625,"13534",,"2","6","0","1",,"2","081","-","Y","ALA",4,80,"-","-",5.74,"H","-","W","Y",3,"A","-",21755,,"N","A","H","-","A","D","6","Y","C","02",0,1,0,0,0,0,0,0,1,"-","-","BERKELEY","ALAMEDA","CA",0,0