"CASEID","POINT_X","POINT_Y","YEAR_","LOCATION","CHPTYPE","DAYWEEK","CRASHSEV","VIOLCAT","KILLED","INJURED","WEATHER1","PEDCOL","BICCOL","MCCOL","TRUCKCOL","ETOH","TIMECAT","MONTH_","CRASHTYP","INVOLVE","PED","PRIMARYRD","SECONDRD","DISTANCE","DIRECT","INTERSECT_","PROCDATE","JURIS","DATE_","TIME_","BADGE","JURIDIST","SHIFT","POP","SPECIAL","BEATTYPE","LAPDDIV","BEATCLAS","BEATNUMB","WEATHER2","STATEHW","CALTRANC","CALTRAND","STROUTE","ROUTESUF","POSTPRE","POSTMILE","LOCATYPE","RAMP","SIDEHW","TOWAWAY","PARTIES","PCF","VIOLCODE","VIOL","VIOLSUB","HITRUN","ROADSURF","RDCOND1","RDCOND2","LIGHTING","RIGHTWAY","CHPRDTYP","NOTPRIV","STFAULT","CHPFAULT","SEVINJ","OTHERINJ","COP","PEDKILL","PEDINJ","BICKILL","BICINJ","MCKILL","MCINJURE","RAMP1","RAMP2","CITY","COUNTY","STATE","X_CHP","Y_CHP"
"4055008",-122.300105073,37.85309781,2008,"0103","1","4","3","18",0,1,"B",,,"Y",,,1800,10,"C","C","A","RT 80","ASHBY AV",1200,"E","N","2009-06-08",9370,"2008-10-30",1532,"18812",,"2","6","0","1",,"2","081","-","Y","ALA",4,80,"-","-",4.81,"H","-","W","Y",2,"C","-",0,,"N","B","H","-","A","D","6","Y","-","-",0,1,0,0,0,0,0,0,1,"-","-","BERKELEY","ALAMEDA","CA",0,0
"4055937",-122.307412848,37.87875527,2008,"0103","1","6","3","07",0,2,"A",,,,,"Y",2400,11,"B","C","A","RT 80","GILMAN ST",75,"W","N","2009-08-20",9370,"2008-11-29",2347,"19066",,"3","6","0","1",,"2","081","-","Y","ALA",4,80,"-","-",6.67,"H","-","E","Y",2,"A","-",21658,"A","N","A","H","-","C","D","6","Y","D","22",0,1,1,0,0,0,0,0,0,"-","-","BERKELEY","ALAMEDA","CA",0,0
"4055962",-122.307652902,37.879880093,2008,"0103","1","3","4","03",0,2,"A",,,,,,1800,11,"C","C","A","RT 80","GILMAN ST",226,"E","N","2009-07-02",9370,"2008-11-19",1730,"13964",,"2","6","0","1",,"2","081","-","Y","ALA",4,80,"-","-",6.72,"H","-","E","N",2,"A","-",22350,,"M","A","H","-","D","D","6","Y","A","01",0,0,2,0,0,0,0,0,0,"-","-","BERKELEY","ALAMEDA","CA",0,0
"4056000",-122.303605995,37.865690696,2008,"0103","1","3","4","03",0,1,"A",,,,,,1200,11,"C","C","A","RT 80","UNIVERSITY AV",200,"W","N","2009-06-30",9370,"2008-11-05",1030,"19059",,"1","6","0","1",,"2","081","-","Y","ALA",4,80,"-","-",5.8,"H","-","W","N",4,"A","-",22350,,"M","A","H","-","A","D","6","Y","D","22",0,0,1,0,0,0,0,0,0,"-","-","BERKELEY","ALAMEDA","CA",0,0
"4056010",-122.251902473,37.857289956,2008,"0103","0","4","4","09",0,1,"A",,,,,,1800,11,"D","C","A","COLLEGE AV","RT 13",0,,"Y","2009-07-14",103,"2008-11-06",1736,"151","39","5","6","0","0",,"0","009","-","Y","ALA",4,13,"-","-",11.23,"I","5","N","N",3,"A","-",21801,"B","N","A","H","-","A","A","0","Y","A","01",0,0,1,0,0,0,0,0,0,"-","-","BERKELEY","ALAMEDA","CA",0,0
"4056018",-122.271634863,37.854231684,2008,"0103","0","5","3","08",0,1,"A",,"Y",,,,1800,11,"-","G","A","MARTIN LUTHER KING JR WY","RT 13",0,,"Y","2009-07-14",103,"2008-11-28",1505,"137","34","5","6","0","0",,"0","011","-","Y","ALA",4,13,"-","-",12.32,"I","5","S","N",2,"A","-",22107,,"N","A","H","-","B","A","0","Y","A","01",0,1,0,0,0,0,1,0,0,"-","-","BERKELEY","ALAMEDA","CA",0,0
"4056026",-122.251293148,37.8622665405,2008,"0103","0","1","4","-",0,1,"C","Y",,,,,1800,11,"G","B","B","PIEDMONT AV","DERBY ST",0,,"Y","2009-07-02",103,"2008-11-24",1727,"37","37","5","6","0","0",,"0","008","-","N",,0,0,,,0,,,,"N",2,"A","-",0,,"N","B","H","-","C","A","0","Y","A","01",0,0,1,0,1,0,0,0,0,"-","-","BERKELEY","ALAMEDA","CA",0,0
"4062056",-122.307247554,37.877322628,2008,"0103","1","2","4","03",0,1,"A",,,,,,1800,12,"C","C","A","RT 80","GILMAN ST",100,"W","N","2009-08-05",9370,"2008-12-02",1555,"18575",,"2","6","0","1",,"2","081","-","Y","ALA",4,80,"-","-",6.6,"H","-","W","N",2,"A","-",22350,,"N","A","H","-","A","D","6","Y","A","01",0,0,1,0,0,0,0,0,0,"-","-","BERKELEY","ALAMEDA","CA",0,0
"4066632",-122.302625337,37.863139935,2008,"0103","1","5","4","03",0,1,"A",,,,,,1200,11,"C","C","A","RT 80","UNIVERSITY AV",1056,"W","N","2009-07-01",9370,"2008-11-14",1040,"18753",,"1","6","0","1",,"2","081","-","Y","ALA",4,80,"-","-",5.64,"H","-","E","N",2,"A","-",22350,,"N","A","H","-","A","D","6","Y","A","01",0,0,1,0,0,0,0,0,0,"-","-","BERKELEY","ALAMEDA","CA",0,0
"4066991",-122.307960943,37.880326886,2008,"0103","1","3","4","01",0,1,"A",,,,,"Y",2100,12,"C","C","A","RT 80","GILMAN ST",1247,"E","N","2009-09-03",9370,"2008-12-10",1845,"19160",,"2","6","0","1",,"2","081","-","Y","ALA",4,80,"-","R",6.92,"H","-","W","Y",2,"A","-",23152,"A","N","A","H","-","C","D","6","Y","A","01",0,0,1,0,0,0,0,0,0,"-","-","BERKELEY","ALAMEDA","CA",0,0
"4067094",-122.30329215,37.865623675,2008,"0103","1","3","4","18",0,1,"A",,,"Y",,,600,12,"F","A","A","RT 80","UNIVERSITY AV",254,"W","N","2009-09-03",9370,"2008-12-10",350,"19160",,"3","6","0","1",,"2","081","-","Y","ALA",4,80,"-","-",5.79,"H","-","E","N",1,"C","-",0,,"N","A","H","-","C","D","6","Y","-","-",0,0,1,0,0,0,0,0,1,"-","-","BERKELEY","ALAMEDA","CA",0,0
"4069779",-122.303592986,37.8664649,2008,"0103","1","3","4","03",0,1,"A",,,,,,1800,11,"C","C","A","RT 80","UNIVERSITY AV",75,"W","N","2009-07-22",9370,"2008-11-12",1700,"12975",,"2","6","0","1",,"2","081","-","Y","ALA",4,80,"-","-",5.83,"H","-","E","Y",3,"A","-",22350,,"N","A","H","-","D","D","6","Y","A","07",0,0,1,0,0,0,0,0,0,"-","-","BERKELEY","ALAMEDA","CA",0,0
"4069823",-122.302033998,37.859822786,2008,"0103","1","3","4","07",0,1,"A",,,,,,1200,11,"B","C","A","RT 80","UNIVERSITY AV",2640,"W","N","2009-07-22",9370,"2008-11-05",1020,"19059",,"1","6","0","1",,"2","081","-","Y","ALA",4,80,"-","-",5.34,"H","-","W","Y",2,"A","-",21658,"A","N","A","H","-","A","D","6","Y","A","01",0,0,1,0,0,0,0,0,0,"-","-","BERKELEY","ALAMEDA","CA",0,0
"4069828",-122.298526837,37.846511053,2008,"0103","1","6","4","08",0,1,"A",,,,,,2400,11,"F","A","A","RT 80","ASHBY AV",150,"E","N","2009-07-03",9370,"2008-11-15",2145,"18878",,"2","6","0","1",,"2","081","-","Y","ALA",4,80,"-","-",4.48,"H","-","W","Y",1,"A","-",22107,,"N","A","H","-","C","D","6","Y","A","01",0,0,1,0,0,0,0,0,0,"-","-","BERKELEY","ALAMEDA","CA",0,0
"4069992",-122.308102483,37.880963869,2008,"0103","1","3","3","07",0,1,"A",,,,,,1800,11,"B","C","A","RT 80","GILMAN ST",528,"E","N","2009-07-22",9370,"2008-11-12",1755,"18475",,"2","6","0","1",,"2","081","-","Y","ALA",4,80,"-","-",6.78,"H","-","W","Y",3,"A","-",21658,"A","N","A","H","-","D","D","6","Y","-","-",0,1,0,0,0,0,0,0,0,"-","-","BERKELEY","ALAMEDA","CA",0,0
"4076761",-122.305566202,37.872989843,2008,"0103","1","1","4","03",0,1,"B",,,,,,1200,12,"B","C","A","RT 80","GILMAN ST",1570,"W","N","2009-07-22",9370,"2008-12-15",1055,"19091",,"1","6","0","1",,"2","081","-","Y","ALA",4,80,"-","-",6.32,"H","-","E","Y",2,"A","-",22350,,"N","B","H","-","A","D","6","Y","A","01",0,0,1,0,0,0,0,0,0,"-","-","BERKELEY","ALAMEDA","CA",0,0
"4076765",-122.302350018,37.862019604,2008,"0103","1","2","4","07",0,1,"B",,,,,,1800,12,"B","C","A","RT 80","UNIVERSITY AV",1533,"W","N","2009-07-22",9370,"2008-12-16",1610,"19091",,"2","6","0","1",,"2","081","-","Y","ALA",4,80,"-","-",5.55,"H","-","E","N",5,"A","-",21658,"A","N","B","H","-","A","D","6","Y","A","01",0,0,1,0,0,0,0,0,0,"-","-","BERKELEY","ALAMEDA","CA",0,0
"4099152",-122.283922733,37.852696472,2009,"0103","0","1","4","10",0,1,"A","Y",,,,,1800,1,"G","B","B","MABEL ST","RT 13",0,,"Y","2010-01-14",103,"2009-01-19",1624,"134","33","5","6","0","0",,"0","013","-","Y","ALA",4,13,"-","-",13.02,"I","6","S","N",2,"A","-",21950,"A","N","A","H","-","A","A","0","Y","A","01",0,0,1,0,1,0,0,0,0,"-","-","BERKELEY","ALAMEDA","CA",0,0
"4100278",-122.271325164,37.8560333252,2008,"0103","0","2","4","-",0,1,"C",,"Y",,,,900,12,"-","G","A","MARTIN LUTHER KING JR WY","RUSSELL ST",34,"S","N","2009-08-10",103,"2008-12-16",727,"143","35","5","6","0","0",,"0","010","-","N",,0,0,,,0,,,,"N",2,"A","-",0,,"N","B","H","-","A","D","0","Y","A","01",0,0,1,0,0,0,1,0,0,"-","-","BERKELEY","ALAMEDA","CA",0,0
"4103117",0,0,2009,"0103","0","1","3","-",0,1,"A","Y",,,,,1800,1,"G","B","B","DEBRA ST","BENVENUE AV",0,,"Y","2009-09-15",103,"2009-01-19",1520,"47","36","5","6","0","0",,"0","009","-","N",,,0,,,0,,,,"N",2,"A","-",0,,"N","A","H","-","A","D","0","Y","A","07",0,1,0,0,1,0,0,0,0,"-","-","BERKELEY","ALAMEDA","CA",0,0
"4108321",-122.305008192,37.871037496,2008,"0103","1","3","4","07",0,1,"A",,,,,,1500,12,"-","-","A","RT 80","GILMAN ST",2640,"W","N","2009-06-08",9370,"2008-12-17",1200,"12906",,"1","6","0","1",,"2","081","-","Y","ALA",4,80,"-","-",6.12,"H","-","E","N",2,"A","-",21658,"A","M","A","H","-","A","-","6","Y","A","01",0,0,1,0,0,0,0,0,0,"-","-","BERKELEY","ALAMEDA","CA",0,0
"4111182",-122.271993152,37.8624649048,2008,"0103","0","5","3","09",0,1,"A",,,,,,1500,8,"D","C","A","MARTIN LUTHER KING JR WY","BLAKE ST",0,,"Y","2009-03-26",103,"2008-08-29",1258,"55","34","5","6","0","0",,"0","005","-","N",,0,0,,,0,,,,"Y",3,"A","-",21801,"A","N","A","H","-","A","D","0","Y","A","01",0,1,0,0,0,0,0,0,0,"-","-","BERKELEY","ALAMEDA","CA",0,0
"4111385",0,0,2008,"0103","0","5","4","03",0,1,"A",,,,,,2100,10,"C","C","A","MARIN AV","THE CIR",10,"E","N","2009-05-11",103,"2008-10-17",2038,"128","12","5","6","0","0",,"0","001","-","N",,0,0,,,0,,,,"N",2,"A","-",22350,,"N","A","H","-","C","A","0","Y","A","01",0,0,1,0,0,0,0,0,0,"-","-","BERKELEY","ALAMEDA","CA",0,0
"4113828",-122.2718325,37.84753892,2009,"0103","0","6","4","03",0,1,"A",,,,,,1500,1,"C","C","A","ADELINE ST","MARTIN LUTHER KING JR WY",16,"W","N","2009-08-22",103,"2009-01-03",1250,"100","39","5","6","0","0",,"0","002","-","N",,,0,,,0,,,,"N",2,"A","-",22350,,"N","A","H","-","A","A","0","Y","A","01",0,0,1,0,0,0,0,0,0,"-","-","BERKELEY","ALAMEDA","CA",0,0
"4113841",-122.28045,37.85958,2009,"0103","0","1","4","09",0,2,"B",,,,,,1500,1,"D","C","A","CARLETON ST","SACRAMENTO ST",0,,"Y","2009-08-22",103,"2009-01-05",1225,"98","33","5","6","0","0",,"0","014","-","N",,,0,,,0,,,,"Y",2,"A","-",21802,"A","N","A","H","-","A","A","0","Y","A","01",0,0,2,0,0,0,0,0,0,"-","-","BERKELEY","ALAMEDA","CA",0,0
"4113843",-122.3036,37.87892,2009,"0103","0","4","4","09",0,2,"A",,,,,,900,1,"D","C","A","GILMAN ST","4TH ST",0,,"Y","2009-08-26",103,"2009-01-15",725,"83","20","5","6","0","0",,"0","017","-","N",,,0,,,0,,,,"N",3,"A","-",21802,"A","F","A","H","-","A","A","0","Y","-","99",0,0,2,0,0,0,0,0,0,"-","-","BERKELEY","ALAMEDA","CA",0,0
"4113847",-122.290859458,37.864781054,2009,"0103","0","4","4","03",0,1,"A",,,,,,1800,1,"C","C","A","RT 123","BANCROFT WY",18,"N","N","2009-12-17",103,"2009-01-15",1745,"1","32","5","6","0","0",,"0","016","-","Y","ALA",4,123,"-","-",2.84,"H","-","S","N",2,"A","-",22350,,"N","A","H","-","B","D","0","Y","-","-",0,0,1,0,0,0,0,0,0,"-","-","BERKELEY","ALAMEDA","CA",0,0
"4113849",-122.26018,37.87506,2009,"0103","0","2","3","18",0,1,"A",,"Y",,,,1500,1,"H","-","A","EUCLID AV","HEARST AV",0,,"Y","2009-08-22",103,"2009-01-06",1454,"151","25","5","6","0","0",,"0","002","-","N",,,0,,,0,,,,"N",1,"C","-",0,,"N","A","H","-","A","A","0","Y","-","-",0,1,0,0,0,0,1,0,0,"-","-","BERKELEY","ALAMEDA","CA",0,0
"4113850",-122.28126,37.86216,2009,"0103","0","6","3","03",0,1,"A",,,,,,1500,1,"D","C","A","SACRAMENTO ST","DWIGHT WY",0,,"Y","2009-08-22",103,"2009-01-10",1359,"82","30","5","6","0","0",,"0","005","-","N",,,0,,,0,,,,"Y",2,"A","-",22350,,"N","A","H","-","A","A","0","Y","A","01",0,1,0,0,0,0,0,0,0,"-","-","BERKELEY","ALAMEDA","CA",0,0
"4113853",-122.27061,37.86998,2009,"0103","0","1","4","09",0,1,"C",,,"Y",,,1200,1,"B","C","A","MILVIA ST","CENTER ST",0,,"Y","2009-08-22",103,"2009-01-05",903,"126","29","5","6","0","0",,"0","004","-","N",,,0,,,0,,,,"N",2,"A","-",21801,"A","N","B","H","-","A","A","0","Y","A","01",0,0,1,0,0,0,0,0,1,"-","-","BERKELEY","ALAMEDA","CA",0,0
"4113855",-122.28264,37.8758,2009,"0103","0","3","3","03",0,1,"A",,"Y",,,,2100,1,"E","-","A","LINCOLN","SACRAMENTO",0,,"Y","2009-08-26",103,"2009-01-14",1844,"29","23","5","6","0","0",,"0","003","-","N",,,0,,,0,,,,"N",1,"A","-",22350,,"N","A","-","-","C","-","0","Y","L","04",0,1,0,0,0,0,1,0,0,"-","-","BERKELEY","ALAMEDA","CA",0,0
"4113858",-122.2672441,37.89079322,2009,"0103","0","6","2","04",0,1,"A",,"Y",,,,1500,1,"C","G","A","SPRUCE ST","SAN BENITO RD",3,"N","N","2009-08-22",103,"2009-01-10",1340,"103","14","5","6","0","0",,"0","002","-","N",,,0,,,0,,,,"N",2,"A","-",21703,,"N","A","H","-","A","D","0","Y","L","04",1,0,0,0,0,0,1,0,0,"-","-","BERKELEY","ALAMEDA","CA",0,0
"4113862",0,0,2009,"0103","0","6","4","03",0,2,"A",,,,,,1500,1,"C","C","A","UNIVERSITY AV","G ST",114,"W","N","2009-08-22",103,"2009-01-10",1301,"137","21","5","6","0","0",,"0","016","-","N",,,0,,,0,,,,"Y",2,"A","-",22350,,"N","A","H","-","A","A","0","Y","A","01",0,0,2,0,0,0,0,0,0,"-","-","BERKELEY","ALAMEDA","CA",0,0
"4113863",-122.26018,37.87506,2009,"0103","0","3","4","12",0,1,"A",,"Y",,,,1800,1,"D","G","A","HEARST AV","EUCLID AV",0,,"Y","2009-08-26",103,"2009-01-14",1538,"151","25","5","6","0","0",,"0","002","-","N",,,0,,,0,,,,"N",2,"A","-",21453,"A","N","A","H","-","A","A","0","Y","L","04",0,0,1,0,0,0,1,0,0,"-","-","BERKELEY","ALAMEDA","CA",0,0
"4113869",-122.288745701,37.858134815,2009,"0103","0","6","3","08",0,1,"A",,"Y",,,,1800,1,"D","G","A","RT 123","CARLETON ST",0,,"Y","2009-10-19",103,"2009-01-03",1559,"82","20","5","6","0","0",,"0","015","-","Y","ALA",4,123,"-","-",2.36,"H","-","S","N",2,"A","-",22107,,"F","A","H","-","A","D","0","Y","A","01",0,1,0,0,0,0,1,0,0,"-","-","BERKELEY","ALAMEDA","CA",0,0
"4113871",-122.27982,37.87073,2009,"0103","0","7","3","10",0,1,"A","Y",,,,,1200,1,"G","B","B","UNIVERSITY AV","CALIFORNIA ST",0,,"Y","2009-08-26",103,"2009-01-18",942,"146","30","5","6","0","0",,"0","004","-","N",,,0,,,0,,,,"N",2,"A","-",21950,"A","N","-","A","H","A","A","0","Y","A","01",0,1,0,0,1,0,0,0,0,"-","-","BERKELEY","ALAMEDA","CA",0,0
"4113874",-122.28777,37.88088,2009,"0103","0","1","3","14",0,1,"A",,"Y",,,,2100,1,"D","G","A","GILMAN AV","PERALTA AV",0,,"Y","2009-08-22",103,"2009-01-12",2027,"16","19","5","6","0","0",,"0","018","-","N",,,0,,,0,,,,"N",2,"A","-",21201,"D","N","A","H","-","C","A","0","Y","L","04",0,1,0,0,0,0,1,0,0,"-","-","BERKELEY","ALAMEDA","CA",0,0
"4113877",-122.290893091,37.86527587,2009,"0103","0","3","2","03",0,2,"A","Y",,,,,2400,1,"A","I","E","RT 123","BANCROFT WY",192,"N","N","2009-10-19",103,"2009-01-07",2140,"104","32","5","6","0","0",,"0","014","-","Y","ALA",4,123,"-","-",2.87,"H","-","N","Y",2,"A","-",22350,,"N","A","H","-","C","D","0","Y","D","22",1,1,0,0,1,0,0,0,0,"-","-","BERKELEY","ALAMEDA","CA",0,0
"4113878",-122.2663,37.87336,2009,"0103","0","1","3","11",0,1,"A","Y",,,,,1500,1,"G","B","B","OXFORD ST","BERKELEY WY",0,,"Y","2009-08-22",103,"2009-01-12",1438,"100","24","5","6","0","0",,"0","003","-","N",,,0,,,0,,,,"N",2,"A","-",21950,"B","N","A","H","-","A","A","0","Y","N","60",0,1,0,0,1,0,0,0,0,"-","-","BERKELEY","ALAMEDA","CA",0,0
"4113881",-122.2705392,37.86943964,2009,"0103","0","4","3","17",0,1,"A",,"Y",,,,1200,1,"D","G","A","MILVIA ST","CENTER ST",200,"S","N","2009-08-22",103,"2009-01-08",1023,"84","29","5","6","0","0",,"0","004","-","N",,,0,,,0,,,,"N",2,"A","-",21652,,"N","A","H","-","A","D","0","Y","A","01",0,1,0,0,0,0,1,0,0,"-","-","BERKELEY","ALAMEDA","CA",0,0
"4113889",-122.2723111,37.86526442,2009,"0103","0","3","4","03",0,1,"A",,,,,,2100,1,"B","C","A","MARTIN LUTHER KING JR WY","CHANNING WY",29,"N","N","2009-08-22",103,"2009-01-07",1820,"KEENE","30","5","6","0","0",,"0","005","-","N",,,0,,,0,,,,"Y",2,"A","-",22350,,"N","A","H","-","C","A","0","Y","D","22",0,0,1,0,0,0,0,0,0,"-","-","BERKELEY","ALAMEDA","CA",0,0
"4113898",-122.267461,37.86381799,2009,"0103","0","3","3","11",0,1,"A","Y",,,,,900,1,"G","B","D","SHATTUCK AV","DWIGHT WY",50,"S","N","2009-08-22",103,"2009-01-14",736,"84","35","5","6","0","0",,"0","005","-","N",,,0,,,0,,,,"N",2,"A","-",21954,"A","N","A","H","-","A","A","0","Y","N","60",0,1,0,0,1,0,0,0,0,"-","-","BERKELEY","ALAMEDA","CA",0,0
"4113905",-122.26694,37.85851,2009,"0103","0","5","4","09",0,4,"A",,,,,"Y",2400,1,"D","C","A","SHATTUCK AV","STUART ST",0,,"Y","2009-08-22",103,"2009-01-09",2140,"35","35","5","6","0","0",,"0","010","-","N",,,0,,,0,,,,"Y",2,"A","-",21802,"A","N","A","H","-","C","A","0","Y","A","01",0,0,4,0,0,0,0,0,0,"-","-","BERKELEY","ALAMEDA","CA",0,0
"4113910",-122.2975913,37.86806302,2009,"0103","0","2","4","04",0,2,"A",,,,,,1800,1,"C","C","A","UNIVERSITY AV","6TH ST",45,"E","N","2009-08-22",103,"2009-01-13",1530,"55","21","5","6","0","0",,"0","016","-","N",,,0,,,0,,,,"Y",2,"A","-",21703,,"N","A","H","-","A","A","0","Y","A","01",0,0,2,0,0,0,0,0,0,"-","-","BERKELEY","ALAMEDA","CA",0,0
"4113913",0,0,2009,"0103","0","5","2","00",0,2,"A",,"Y",,,,1200,1,"A","J","A","OHLONE GREENWAY BIKE PATH","ACTON ST",0,"N","-","2009-08-22",103,"2009-01-09",909,"6","22","5","6","0","0",,"0","018","-","N",,,0,,,0,,,,"N",2,"D","-",0,,"N","A","H","-","A","A","0","Y","-","-",1,0,1,0,0,0,2,0,0,"-","-","BERKELEY","ALAMEDA","CA",0,0
"4113914",-122.293263156,37.872585003,2009,"0103","0","2","3","11",0,1,"A","Y",,"Y",,,1500,1,"H","A","D","RT 123","FRANCISCO ST",0,,"Y","2009-12-08",103,"2009-01-13",1325,"136","21","5","6","0","0",,"0","018","-","Y","ALA",4,123,"-","-",3.4,"I","5","N","N",2,"A","-",21950,"B","N","A","H","-","A","D","0","Y","N","60",0,1,0,0,0,0,0,0,1,"-","-","BERKELEY","ALAMEDA","CA",0,0
"4114699",-122.307927295,37.880153038,2009,"0103","1","1","3","07",0,1,"A",,,,,,2100,1,"B","C","A","RT 80","GILMAN ST",338,"E","N","2009-10-02",9370,"2009-01-26",2015,"19091",,"2","6","0","1",,"2","081","-","Y","ALA",4,80,"-","-",6.74,"H","-","W","Y",2,"A","-",21658,"A","N","A","H","-","D","D","6","Y","A","01",0,1,0,0,0,0,0,0,0,"-","-","BERKELEY","ALAMEDA","CA",-122.18278,37.52448
"4115076",-122.303004956,37.863516535,2009,"0103","1","4","4","07",0,1,"A",,,"Y",,,2100,1,"B","C","A","RT 80","UNIVERSITY AV",1094,"W","N","2009-12-02",9370,"2009-01-29",1800,"13964",,"2","6","0","1",,"2","081","-","Y","ALA",4,80,"-","-",5.63,"H","-","W","Y",2,"A","-",21658,"A","N","A","H","-","C","D","6","Y","C","02",0,0,1,0,0,0,0,0,1,"-","-","BERKELEY","ALAMEDA","CA",-122.30281,37.86379
"4140330",-122.298628029,37.846935656,2009,"0103","1","3","4","03",0,1,"B",,,,,,1200,1,"C","C","A","RT 80","ASHBY AV",240,"E","N","2009-10-02",9370,"2009-01-21",920,"10663",,"1","6","0","1",,"2","081","-","Y","ALA",4,80,"-","-",4.5,"H","-","W","Y",4,"A","-",22350,,"N","A","H","-","A","D","6","Y","A","01",0,0,1,0,0,0,0,0,0,"-","-","BERKELEY","ALAMEDA","CA",-122.17565,37.50589
"4140345",-122.299350728,37.850123513,2009,"0103","1","5","4","03",0,1,"A",,,,"Y",,900,1,"C","C","A","RT 80","ASHBY AV",1056,"E","N","2009-10-02",9370,"2009-01-30",857,"19051",,"1","6","0","1",,"2","081","-","Y","ALA",4,80,"-","-",4.65,"H","-","W","N",4,"A","-",22350,,"N","A","H","-","A","D","6","Y","A","01",0,0,1,0,0,0,0,0,0,"-","-","BERKELEY","ALAMEDA","CA",-122.18012,37.51141
"4140357",-122.301645597,37.859413803,2009,"0103","1","6","4","03",0,1,"A",,,,,,1200,1,"C","C","A","RT 80","UNIVERSITY AV",2640,"W","N","2009-10-02",9370,"2009-01-31",1022,"18579",,"1","6","0","1",,"2","081","-","Y","ALA",4,80,"-","-",5.34,"H","-","E","Y",2,"A","-",22350,,"N","A","H","-","A","D","6","Y","A","01",0,0,1,0,0,0,0,0,0,"-","-","BERKELEY","ALAMEDA","CA",-122.30138,37.85908
"4140531",-122.303038439,37.863643902,2009,"0103","1","2","4","04",0,1,"A",,,,,,1800,2,"C","C","A","RT 80","UNIVERSITY AV",1056,"W","N","2009-12-02",9370,"2009-02-24",1520,"16584",,"2","6","0","1",,"2","081","-","Y","ALA",4,80,"-","-",5.64,"H","-","W","N",2,"A","-",21703,,"N","A","H","-","A","D","6","Y","D","22",0,0,1,0,0,0,0,0,0,"-","-","BERKELEY","ALAMEDA","CA",-122.30348,37.86473
"4140555",-122.299333155,37.851125002,2009,"0103","1","7","3","08",0,1,"B",,,,,,1200,2,"E","I","A","RT 80","ASHBY AV",528,"E","N","2009-12-02",9370,"2009-02-15",956,"18579",,"1","6","0","1",,"2","081","-","Y","ALA",4,80,"-","-",4.671,"R","2","E","Y",2,"A","-",22107,,"N","B","H","-","A","D","6","Y","D","22",0,1,0,0,0,0,0,0,0,"FR","-","BERKELEY","ALAMEDA","CA",-122.17562,37.51007
"4140570",-122.306804265,37.875924239,2009,"0103","1","5","4","03",0,1,"B",,,,,,1800,2,"C","C","A","RT 80","GILMAN ST",500,"W","N","2009-12-01",9370,"2009-02-13",1500,"19109",,"2","6","0","1",,"2","081","-","Y","ALA",4,80,"-","-",6.53,"H","-","W","Y",2,"A","-",22350,,"N","B","H","-","A","D","6","Y","A","01",0,0,1,0,0,0,0,0,0,"-","-","BERKELEY","ALAMEDA","CA",-122.30726,37.88188
"4140629",-122.307053159,37.877405003,2009,"0103","1","7","4","08",0,4,"B",,,,,,900,2,"D","C","A","RT 80","GILMAN ST",19,"W","N","2009-12-28",9370,"2009-02-22",856,"18579",,"1","6","0","1",,"2","081","C","Y","ALA",4,80,"-","-",6.61,"H","-","E","Y",3,"A","-",22107,,"N","B","H","-","A","D","6","Y","A","07",0,0,4,0,0,0,0,0,0,"-","-","BERKELEY","ALAMEDA","CA",-122.18254,37.52419
"4142001",-122.3064329,37.87833566,2009,"0103","0","3","4","03",0,1,"A",,,,,,1200,2,"C","C","A","GILMAN ST","EASTSHORE HWY",15,"E","N","2009-10-09",103,"2009-02-04",945,"83","20","5","6","0","0",,"0","017","-","N",,,0,,,0,,,,"N",2,"A","-",22350,,"N","A","H","-","A","A","0","Y","D","22",0,0,1,0,0,0,0,0,0,"-","-","BERKELEY","ALAMEDA","CA",0,0
"4142003",-122.26746,37.86395,2009,"0103","0","2","4","12",0,2,"A",,,,,,1500,2,"D","C","A","SHATTUCK AV","DWIGHT WY",0,,"Y","2009-10-09",103,"2009-02-24",1321,"151","35","5","6","0","0",,"0","005","-","N",,,0,,,0,,,,"Y",2,"A","-",21453,"A","N","A","H","-","A","A","0","Y","A","01",0,0,2,0,0,0,0,0,0,"-","-","BERKELEY","ALAMEDA","CA",0,0
"4142005",-122.2671642,37.86125872,2009,"0103","0","4","4","03",0,1,"B",,,,,,1800,2,"C","C","A","SHATTUCK AV","CARLETON ST",5,"N","N","2009-10-09",103,"2009-02-05",1614,"57","35","5","6","0","0",,"0","005","-","N",,,0,,,0,,,,"N",2,"A","-",22350,,"N","B","H","-","A","D","0","Y","A","01",0,0,1,0,0,0,0,0,0,"-","-","BERKELEY","ALAMEDA","CA",0,0