"CASEID","POINT_X","POINT_Y","YEAR_","LOCATION","CHPTYPE","DAYWEEK","CRASHSEV","VIOLCAT","KILLED","INJURED","WEATHER1","PEDCOL","BICCOL","MCCOL","TRUCKCOL","ETOH","TIMECAT","MONTH_","CRASHTYP","INVOLVE","PED","PRIMARYRD","SECONDRD","DISTANCE","DIRECT","INTERSECT_","PROCDATE","JURIS","DATE_","TIME_","BADGE","JURIDIST","SHIFT","POP","SPECIAL","BEATTYPE","LAPDDIV","BEATCLAS","BEATNUMB","WEATHER2","STATEHW","CALTRANC","CALTRAND","STROUTE","ROUTESUF","POSTPRE","POSTMILE","LOCATYPE","RAMP","SIDEHW","TOWAWAY","PARTIES","PCF","VIOLCODE","VIOL","VIOLSUB","HITRUN","ROADSURF","RDCOND1","RDCOND2","LIGHTING","RIGHTWAY","CHPRDTYP","NOTPRIV","STFAULT","CHPFAULT","SEVINJ","OTHERINJ","COP","PEDKILL","PEDINJ","BICKILL","BICINJ","MCKILL","MCINJURE","RAMP1","RAMP2","CITY","COUNTY","STATE","X_CHP","Y_CHP"
"4142013",-122.26544,37.87426,2009,"0103","0","2","3","10",0,1,"A","Y",,,,,1500,2,"G","B","B","HEARST ST","SPRUCE ST",0,,"Y","2009-10-09",103,"2009-02-03",1359,"58","24","5","6","0","0",,"0","002","-","N",,,0,,,0,,,,"N",2,"A","-",21950,"A","N","A","H","-","A","D","0","Y","A","01",0,1,0,0,1,0,0,0,0,"-","-","BERKELEY","ALAMEDA","CA",0,0
"4142019",-122.2818509,37.86765883,2009,"0103","0","1","4","03",0,1,"B",,,,,"Y",900,2,"C","C","A","SACRAMENTO ST","ALLSTON WY",100,"N","N","2009-10-09",103,"2009-02-23",836,"131","C31","5","6","0","0",,"0",,"-","N",,,0,,,0,,,,"N",2,"A","-",22350,,"N","B","H","-","A","A","0","Y","A","01",0,0,1,0,0,0,0,0,0,"-","-","BERKELEY","ALAMEDA","CA",0,0
"4142027",-122.28485,37.85527,2009,"0103","0","6","4","17",0,1,"B",,"Y",,,,1200,2,"E","G","A","OREGON ST","MABEL ST",0,,"Y","2009-10-09",103,"2009-02-21",1135,"44","33","5","6","0","0",,"0","013","-","N",,,0,,,0,,,,"N",2,"A","-",22517,,"N","A","-","-","A","A","0","Y","-","99",0,0,1,0,0,0,1,0,0,"-","-","BERKELEY","ALAMEDA","CA",0,0
"4142029",-122.252779,37.85421445,2009,"0103","0","7","3","01",0,1,"A",,"Y",,,"Y",2400,2,"B","E","A","COLLEGE AV","WOOLSEY ST",124,"N","N","2009-10-09",103,"2009-02-01",2156,"54","39","5","6","0","0",,"0","009","-","N",,,0,,,0,,,,"N",2,"A","-",21200,"5","N","A","H","-","C","D","0","Y","L","04",0,1,0,0,0,0,1,0,0,"-","-","BERKELEY","ALAMEDA","CA",0,0
"4142031",-122.28186,37.89412,2009,"0103","0","4","4","12",0,1,"A",,,,,,1800,2,"D","C","A","COLUSA AV","SAN LORENZO AV",0,,"Y","2009-10-09",103,"2009-02-26",1510,"7","13","5","6","0","0",,"0","001","-","N",,,0,,,0,,,,"N",2,"A","-",22450,"A","N","A","H","-","A","A","0","Y","A","01",0,0,1,0,0,0,0,0,0,"-","-","BERKELEY","ALAMEDA","CA",0,0
"4142039",-122.29527,37.87499,2009,"0103","0","3","2","01",0,1,"B",,,,,"Y",2100,2,"D","C","A","10TH ST","CEDAR ST",0,,"Y","2009-10-09",103,"2009-02-25",1933,"57","21","5","6","0","0",,"0","017","-","N",,,0,,,0,,,,"Y",2,"A","-",23152,,"F","A","H","-","C","A","0","Y","-","-",1,0,0,0,0,0,0,0,0,"-","-","BERKELEY","ALAMEDA","CA",0,0
"4142057",-122.26608,37.87145,2009,"0103","0","4","4","10",0,1,"A","Y",,,,,2100,2,"G","B","B","OXFORD ST","ADDISON ST",0,,"Y","2009-10-09",103,"2009-02-05",2038,"128","29","5","6","0","0",,"0","004","-","N",,,0,,,0,,,,"N",2,"A","-",21950,"A","N","B","H","-","C","D","0","Y","A","01",0,0,1,0,1,0,0,0,0,"-","-","BERKELEY","ALAMEDA","CA",0,0
"4142079",-122.3036,37.87892,2009,"0103","0","4","4","03",0,3,"A",,,,,,2100,2,"D","C","A","GILMAN ST","4TH ST",0,,"Y","2009-10-21",103,"2009-02-26",1915,"53","20","5","6","0","0",,"0","017","-","N",,,0,,,0,,,,"Y",2,"A","-",22350,,"N","A","H","-","C","D","0","Y","A","01",0,0,3,0,0,0,0,0,0,"-","-","BERKELEY","ALAMEDA","CA",0,0
"4142237",-122.308303159,37.881815003,2009,"0103","0","6","3","01",0,2,"A",,,,,"Y",2400,2,"A","I","A","GILMAN ST","RT 80",23,"E","N","2010-01-06",103,"2009-02-28",2319,"10","20","5","6","0","0",,"0","017","-","Y","ALA",4,80,"-","-",6.822,"R","4","W","Y",1,"A","-",23152,,"N","A","H","-","C","D","0","Y","A","01",0,1,1,0,0,0,0,0,0,"-","WO","BERKELEY","ALAMEDA","CA",0,0
"4142548",-122.298345,37.86985792,2009,"0103","0","7","3","21",0,1,"A",,,"Y",,,900,2,"H","C","A","6TH ST","HEARST AV",196,"N","N","2009-10-09",103,"2009-02-01",846,"100","21","5","6","0","0",,"0","016","-","N",,,0,,,0,,,,"N",2,"A","-",22106,,"N","A","H","-","A","D","0","Y","A","01",0,1,0,0,0,0,0,0,1,"-","-","BERKELEY","ALAMEDA","CA",0,0
"4142730",-122.27208,37.86336,2009,"0103","0","7","3","00",0,1,"B",,,,,,2400,2,"D","C","A","M L KING JR WY","DWIGHT WY",0,,"Y","2009-09-30",103,"2009-02-08",2203,"24","30","5","6","0","0",,"0","005","-","N",,,0,,,0,,,,"Y",2,"D","-",0,,"N","B","H","-","C","A","0","Y","-","-",0,1,0,0,0,0,0,0,0,"-","-","BERKELEY","ALAMEDA","CA",0,0
"4142754",-122.2702671,37.86732609,2009,"0103","0","5","4","03",0,2,"B",,,,,,2400,2,"C","C","A","MILVIA ST","BANCROFT WY",15,"N","N","2009-09-30",103,"2009-02-06",2104,"110","29","5","6","0","0",,"0","005","-","N",,,0,,,0,,,,"N",2,"A","-",22350,,"N","A","H","-","C","D","0","Y","A","01",0,0,2,0,0,0,0,0,0,"-","-","BERKELEY","ALAMEDA","CA",0,0
"4142762",-122.24686,37.85612,2009,"0103","0","5","4","17",0,1,"A",,"Y",,,,1800,2,"E","G","A","CLAREMONT AV","WEBSTER ST",0,,"Y","2009-09-30",103,"2009-02-06",1621,"151",,"5","6","0","0",,"0","008","-","N",,,0,,,0,,,,"N",3,"A","-",22517,,"N","A","H","-","A","D","0","Y","A","01",0,0,1,0,0,0,1,0,0,"-","-","BERKELEY","ALAMEDA","CA",0,0
"4144564",-122.307247554,37.877322628,2009,"0103","1","7","3","08",0,1,"C",,,,,,2100,2,"D","C","A","RT 80","GILMAN ST",108,"W","N","2009-10-15",9370,"2009-02-22",2020,"019169",,"2","6","0","1",,"2","081","-","Y","ALA",4,80,"-","-",6.6,"H","-","W","Y",3,"A","-",22107,,"N","B","H","-","D","D","6","Y","A","01",0,1,0,0,0,0,0,0,0,"-","-","BERKELEY","ALAMEDA","CA",-122.30725,37.87778
"4144672",-122.303522663,37.865434883,2009,"0103","1","5","4","04",0,1,"A",,,,,,900,2,"C","C","A","RT 80","UNIVERSITY AV",300,"W","N","2009-10-15",9370,"2009-02-27",720,"019160",,"1","6","0","1",,"2","081","-","Y","ALA",4,80,"-","-",5.78,"H","-","W","Y",3,"A","-",21703,,"N","A","H","-","A","D","6","Y","A","07",0,0,1,0,0,0,0,0,0,"-","-","BERKELEY","ALAMEDA","CA",-122.3036,37.86842
"4144688",-122.30198103,37.86065466,2009,"0103","1","2","4","08",0,1,"A",,,,,,900,2,"E","I","A","RT 80","UNIVERSITY AV",2128,"W","N","2009-12-02",9370,"2009-02-24",722,"19365",,"1","6","0","1",,"2","081","-","Y","ALA",4,80,"-","-",5.44,"H","-","E","N",2,"A","-",22107,,"N","A","H","-","A","A","6","Y","A","01",0,0,1,0,0,0,0,0,0,"-","-","BERKELEY","ALAMEDA","CA",-122.1807,37.51398
"4145038",-122.2699181,37.86826774,2009,"0103","0","5","4","06",0,2,"A",,,,"Y",,2100,2,"B","C","A","KITTREDGE ST","MILVIA ST",127,"E","N","2009-09-23",103,"2009-02-06",1843,"151",,"5","6","0","0",,"0","004","-","N",,,0,,,0,,,,"N",2,"A","-",21751,,"N","A","H","-","C","D","0","Y","A","01",0,0,2,0,0,0,0,0,0,"-","-","BERKELEY","ALAMEDA","CA",0,0
"4145512",-122.292625224,37.8592720032,2008,"0103","0","2","4","09",0,1,"A",,,,,,1800,11,"D","C","A","8TH ST","PARKER ST",232,"N","N","2009-06-16",103,"2008-11-11",1538,"10","20","5","6","0","0",,"0","015","-","N",,0,0,,,0,,,,"Y",2,"A","-",21804,"A","N","A","H","-","A","D","0","Y","A","01",0,0,1,0,0,0,0,0,0,"-","-","BERKELEY","ALAMEDA","CA",0,0
"4146072",-122.27506,37.85557,2009,"0103","0","3","4","09",0,1,"B",,"Y",,,"Y",900,2,"D","G","A","RUSSELL ST","MCGEE ST",0,,"Y","2009-10-12",103,"2009-02-11",800,"47","34","5","6","0","0",,"0","012","-","N",,,0,,,0,,,,"N",2,"A","-",21801,"A","F","B","H","-","A","D","0","Y","-","99",0,0,1,0,0,0,1,0,0,"-","-","BERKELEY","ALAMEDA","CA",0,0
"4146076",-122.26669,37.87687,2009,"0103","0","2","3","03",0,1,"C","Y",,,,,2100,2,"G","B","B","OXFORD ST","VIRGINIA ST",0,,"Y","2009-10-12",103,"2009-02-10",1941,"149","C24","5","6","0","0",,"0","002","-","N",,,0,,,0,,,,"Y",2,"A","-",22350,,"N","B","H","-","D","D","0","Y","A",,0,1,0,0,1,0,0,0,0,"-","-","BERKELEY","ALAMEDA","CA",0,0
"4146085",-122.26789,37.86757,2009,"0103","0","5","4","03",0,1,"B","Y",,,,,2100,2,"G","B","B","BANCROFT WY","SHATTUCK AV",0,,"Y","2009-10-12",103,"2009-02-13",1822,"29","29","5","6","0","0",,"0","004","C","N",,,0,,,0,,,,"N",2,"A","-",22350,,"N","B","-","-","C","A","0","Y","-","-",0,0,1,0,1,0,0,0,0,"-","-","BERKELEY","ALAMEDA","CA",0,0
"4146089",-122.2533839,37.8599844,2009,"0103","0","5","4","10",0,1,"B","Y",,,,,1800,2,"B","B","B","STUART ST","COLLEGE AV",6,"W","Y","2009-10-12",103,"2009-02-13",1528,"88","36","5","6","0","0",,"0","009","C","N",,,0,,,0,,,,"N",2,"A","-",21950,"A","N","B","H","-","A","A","0","Y","A","08",0,0,1,0,1,0,0,0,0,"-","-","BERKELEY","ALAMEDA","CA",0,0
"4146090",-122.288658606,37.858374994,2009,"0103","0","5","4","09",0,1,"A",,,"Y",,,1500,2,"D","C","A","RT 123","CARLETON ST",0,,"Y","2010-10-19",103,"2009-02-20",1335,"73","0103","5","6","0","0",,"0","014","-","Y","ALA",4,123,"-","-",2.37,"I","5","N","Y",2,"A","-",21802,"A","N","A","H","-","A","D","0","Y","A","01",0,0,1,0,0,0,0,0,1,"-","-","BERKELEY","ALAMEDA","CA",0,0
"4146093",-122.29294,37.86759,2009,"0103","0","5","2","03",0,1,"C",,"Y",,,,300,2,"D","G","A","ADDISON ST","10TH ST",0,,"Y","2009-10-12",103,"2009-02-13",140,"19","32","5","6","0","0",,"0","016","-","N",,,0,,,0,,,,"N",2,"A","-",22350,,"F","B","H","-","C","D","0","Y","-","99",1,0,0,0,0,0,1,0,0,"-","-","BERKELEY","ALAMEDA","CA",0,0
"4146097",-122.2465675,37.85650251,2009,"0103","0","4","4","08",0,1,"B",,,,,,2400,2,"C","E","A","CLAREMONT AV","HAZEL RD",54,"N","N","2009-10-12",103,"2009-02-12",2122,"50","38","5","6","0","0",,"0","008","-","N",,,0,,,0,,,,"Y",2,"A","-",22107,,"N","A","H","-","C","A","0","Y","-","-",0,0,1,0,0,0,0,0,0,"-","-","BERKELEY","ALAMEDA","CA",0,0
"4146105",-122.292123156,37.869145004,2009,"0103","0","4","4","03",0,1,"A",,,,,,2100,2,"C","C","A","UNIVERSITY AV","RT 123",85,"E","N","2009-12-17",103,"2009-02-12",1921,"78","1440","5","6","0","0",,"0","018","-","Y","ALA",4,123,"-","-",3.15,"I","6","N","N",2,"A","-",22350,,"N","A","H","-","C","D","0","Y","A","01",0,0,1,0,0,0,0,0,0,"-","-","BERKELEY","ALAMEDA","CA",0,0
"4146110",-122.30083,37.87387,2009,"0103","0","4","4","09",0,1,"A",,,,,,1200,2,"D","C","A","CEDAR ST","5TH ST",0,,"Y","2009-09-30",103,"2009-02-19",917,"83","20","5","6","0","0",,"0","017","-","N",,,0,,,0,,,,"Y",2,"A","-",21802,"A","N","A","H","-","A","A","0","Y","-","-",0,0,1,0,0,0,0,0,0,"-","-","BERKELEY","ALAMEDA","CA",0,0
"4146113",-122.27118,37.84968,2009,"0103","0","2","4","06",0,1,"B",,,,,,2100,2,"D","C","A","ADELINE ST","HARMON ST",0,,"Y","2009-10-12",103,"2009-02-17",1848,"114","39","5","6","0","0",,"0","011","-","N",,,0,,,0,,,,"N",2,"A","-",21951,,"N","B","H","-","C","A","0","Y","A","01",0,0,1,0,0,0,0,0,0,"-","-","BERKELEY","ALAMEDA","CA",0,0
"4146117",-122.271634863,37.854231684,2009,"0103","0","3","4","00",0,2,"B",,,,,,600,2,"D","C","A","MARTIN LUTHER KING JR WY","ASHBY AV",0,,"Y","2010-01-27",103,"2009-02-18",555,"155","34","5","6","0","0",,"0","011","C","Y","ALA",4,13,"-","-",12.32,"I","5","S","N",2,"D","-",0,,"N","B","H","-","C","A","0","Y","-","-",0,0,2,0,0,0,0,0,0,"-","-","BERKELEY","ALAMEDA","CA",0,0
"4146121",-122.261398504,37.855953249,2009,"0103","0","2","4","03",0,1,"C",,,,,,1200,2,"C","C","A","RT 13","DEAKIN ST",0,,"Y","2010-01-14",103,"2009-02-17",908,"102","36","5","6","0","0",,"0","009","-","Y","ALA",4,13,"-","-",11.76,"H","-","N","Y",2,"A","-",22350,,"N","B","H","-","A","D","0","Y","A","01",0,0,1,0,0,0,0,0,0,"-","-","BERKELEY","ALAMEDA","CA",0,0
"4146125",-122.3023967,37.87522038,2009,"0103","0","1","4","21",0,2,"B",,,,,,1500,2,"D","C","A","4TH ST","JONES ST",137,"N","N","2009-10-12",103,"2009-02-16",1357,"64","20","5","6","0","0",,"0","017","C","N",,,0,,,0,,,,"N",2,"A","-",22106,,"N","A","H","-","A","D","0","Y","A","01",0,0,2,0,0,0,0,0,0,"-","-","BERKELEY","ALAMEDA","CA",0,0
"4146141",-122.26608,37.87145,2009,"0103","0","5","3","06",0,1,"C","Y",,,,,2100,2,"G","B","B","OXFORD ST","ADDISON ST",0,,"Y","2009-10-12",103,"2009-02-13",1854,"77","29","5","6","0","0",,"0","004","-","N",,,0,,,0,,,,"N",2,"A","-",21951,,"N","B","H","-","C","A","0","Y","A","01",0,1,0,0,1,0,0,0,0,"-","-","BERKELEY","ALAMEDA","CA",0,0
"4146149",-122.2538785,37.86545444,2009,"0103","0","3","3","18",0,1,"B",,"Y",,,,1500,2,"H","J","A","COLLEGE AV","DWIGHT WY",99,"S","N","2009-10-12",103,"2009-02-18",1456,"151","27","5","6","0","0",,"0","007","-","N",,,0,,,0,,,,"N",1,"C","-",0,,"N","A","H","-","A","D","0","Y","-","-",0,1,0,0,0,0,1,0,0,"-","-","BERKELEY","ALAMEDA","CA",0,0
"4147935",-122.306807752,37.876759938,2009,"0103","1","7","2","01",0,1,"A",,,,,"Y",300,2,"E","I","A","RT 80","GILMAN ST",200,"W","N","2009-12-11",9370,"2009-02-08",210,"18782",,"3","6","0","1",,"2","081","-","Y","ALA",4,80,"-","-",6.58,"H","-","E","Y",1,"A","-",23152,"A","N","A","H","-","D","D","6","Y","A","01",1,0,0,0,0,0,0,0,0,"-","-","BERKELEY","ALAMEDA","CA",-122.3071,37.87761
"4147964",-122.307309503,37.877522632,2009,"0103","1","1","4","08",0,1,"B",,,,,,900,2,"E","I","A","RT 80","GILMAN ST",60,"W","N","2009-12-11",9370,"2009-02-16",817,"19066",,"1","6","0","1",,"2","081","C","Y","ALA",4,80,"-","-",6.61,"H","-","W","Y",1,"A","-",22107,,"N","B","H","-","A","D","6","Y","A","01",0,0,1,0,0,0,0,0,0,"-","-","BERKELEY","ALAMEDA","CA",-122.18132,37.52399
"4148010",-122.303378051,37.864919325,2009,"0103","1","1","4","07",0,1,"B",,,,"Y",,1200,2,"B","C","A","RT 80","UNIVERSITY AV",525,"W","N","2009-10-15",9370,"2009-02-16",959,"19066",,"1","6","0","1",,"2","081","C","Y","ALA",4,80,"-","-",5.74,"H","-","W","Y",2,"A","-",21658,"A","N","B","H","-","A","D","6","Y","G","25",0,0,1,0,0,0,0,0,0,"-","-","BERKELEY","ALAMEDA","CA",-122.18132,37.51591
"4148018",-122.30528451,37.872013984,2009,"0103","1","6","3","01",0,1,"A",,,,"Y","Y",600,2,"C","C","A","RT 80","BUCHANAN ST",2112,"W","N","2009-11-03",9370,"2009-02-07",407,"19059",,"3","6","0","1",,"2","081","-","Y","ALA",4,80,"-","-",6.22,"H","-","E","Y",2,"A","-",23152,"A","N","A","H","-","C","D","6","Y","A","01",0,1,0,0,0,0,0,0,0,"-","-","BERKELEY","ALAMEDA","CA",-122.3076,37.8817
"4148656",-122.265993151,37.8678359985,2008,"0103","0","2","4","03",0,1,"A",,"Y",,,,2100,10,"B","G","A","FULTON ST","BANCROFT WY",0,,"N","2009-05-15",103,"2008-10-14",1800,"16","29","5","6","0","0",,"0","004","-","N",,0,0,,,0,,,,"N",2,"A","-",22350,,"F","A","H","-","B","A","0","Y","A","07",0,0,1,0,0,0,1,0,0,"-","-","BERKELEY","ALAMEDA","CA",0,0
"4149363",-122.259373149,37.8586044312,2008,"0103","0","2","4","09",0,1,"A",,,,,,1500,10,"D","C","A","TELEGRAPH AV","OREGON ST",0,,"Y","2009-05-08",103,"2008-10-21",1202,"#107","36","5","6","0","0",,"0","009","-","N",,0,0,,,0,,,,"Y",2,"A","-",21800,"A","N","A","H","-","A","D","0","Y","A","01",0,0,1,0,0,0,0,0,0,"-","-","BERKELEY","ALAMEDA","CA",0,0
"4149367",-122.267692237,37.8602638245,2008,"0103","0","1","4","05",0,1,"A",,"Y",,,,1200,10,"D","G","A","DERBY ST","SHATTUCK AV",152,"W","N","2009-05-08",103,"2008-10-06",1158,"37","35","5","6","0","0",,"0","005","-","N",,0,0,,,0,,,,"N",2,"A","-",21650,"1","N","A","H","-","A","A","0","Y","L","04",0,0,1,0,0,0,1,0,0,"-","-","BERKELEY","ALAMEDA","CA",0,0
"4160109",-122.289969388,37.861971562,2009,"0103","0","5","4","08",0,1,"A",,,,"Y",,1200,1,"B","C","A","RT 123","DWIGHT WY",351,"N","N","2009-10-19",103,"2009-01-30",1109,"137","20","5","6","0","0",,"0","015","-","Y","ALA",4,123,"-","-",2.64,"H","-","S","Y",2,"A","-",22107,,"N","A","H","-","A","D","0","Y","F","26",0,0,1,0,0,0,0,0,0,"-","-","BERKELEY","ALAMEDA","CA",0,0
"4183928",-122.307247554,37.877322628,2009,"0103","1","5","4","03",0,1,"A",,,,,,1500,3,"C","C","A","RT 80","GILMAN ST",100,"W","N","2010-01-07",9370,"2009-03-13",1445,"19109",,"2","6","0","1",,"2","081","-","Y","ALA",4,80,"-","-",6.6,"H","-","W","N",3,"A","-",22350,,"N","A","H","-","A","D","6","Y","A","07",0,0,1,0,0,0,0,0,0,"-","-","BERKELEY","ALAMEDA","CA",-122.30779,37.88014
"4183935",-122.302417108,37.862267775,2009,"0103","1","6","4","03",0,1,"B",,,,,,1200,3,"C","C","A","RT 80","UNIVERSITY AV",1320,"W","N","2010-01-26",9370,"2009-03-14",1045,"19156",,"1","6","0","1",,"2","081","-","Y","ALA",4,80,"-","-",5.57,"H","-","E","Y",3,"A","-",22350,,"N","A","H","-","A","D","6","Y","A","01",0,0,1,0,0,0,0,0,0,"-","-","BERKELEY","ALAMEDA","CA",-122.18089,37.51461
"4183975",-122.302484199,37.862515946,2009,"0103","1","1","4","03",0,1,"B",,,,,,1800,3,"C","C","A","RT 80","UNIVERSITY AV",1313,"W","N","2009-12-28",9370,"2009-03-16",1720,"13964",,"2","6","0","1",,"2","081","-","Y","ALA",4,80,"-","-",5.59,"H","-","E","N",2,"A","-",22350,,"N","A","H","-","A","D","6","Y","A","01",0,0,1,0,0,0,0,0,0,"-","-","BERKELEY","ALAMEDA","CA",-122.30252,37.86318
"4187035",-122.307814181,37.880666441,2009,"0103","1","4","4","03",0,1,"A",,,,,,1800,3,"C","C","A","RT 80","GILMAN ST",1321,"E","N","2010-01-26",9370,"2009-03-26",1645,"13964",,"2","6","0","1",,"2","081","-","Y","ALA",4,80,"-","R",6.93,"H","-","E","N",3,"A","-",22350,,"N","A","H","-","A","D","6","Y","D","22",0,0,1,0,0,0,0,0,0,"-","-","BERKELEY","ALAMEDA","CA",-122.30796,37.88187
"4187229",-122.299037514,37.849761308,2009,"0103","1","4","4","03",0,1,"A",,,,,,2100,4,"C","C","A","RT 80","EAST ASHBY AV",100,"E","N","2010-03-26",9370,"2009-04-02",1820,"19160",,"2","6","0","1",,"2","080","-","Y","ALA",4,80,"-","-",4.6,"H","-","E","N",2,"A","-",22350,,"N","A","H","-","A","D","6","Y","A","01",0,0,1,0,0,0,0,0,0,"-","-","BERKELEY","ALAMEDA","CA",-122.29882,37.84929
"4188856",-122.304925002,37.870744808,2009,"0103","1","2","3","07",0,1,"A",,,,,,900,3,"C","C","A","RT 80","UNIVERSITY AV",1300,"E","N","2009-12-11",9370,"2009-03-10",635,"15258",,"1","6","0","1",,"2","081","-","Y","ALA",4,80,"-","-",6.09,"H","-","E","Y",2,"A","-",21658,"A","N","A","H","-","C","D","6","Y","A","01",0,1,0,0,0,0,0,0,0,"-","-","BERKELEY","ALAMEDA","CA",-122.3046,37.87035
"4188889",-122.302703614,37.862370198,2009,"0103","1","2","3","01",0,1,"A",,,,,"Y",1500,3,"E","I","A","RT 80","UNIVERSITY AV",1584,"W","N","2009-12-11",9370,"2009-03-10",1410,"16584",,"2","6","0","1",,"2","081","-","Y","ALA",4,80,"-","-",5.54,"H","-","W","Y",1,"A","-",23152,"A","N","A","H","-","A","D","6","Y","A","01",0,1,0,0,0,0,0,0,0,"-","-","BERKELEY","ALAMEDA","CA",-122.30087,37.85559
"4188897",-122.305741177,37.872346562,2009,"0103","1","4","4","03",0,2,"A",,,,,,1800,3,"C","C","A","RT 80","GILMAN ST",1584,"W","N","2009-12-28",9370,"2009-03-12",1646,"19066",,"2","6","0","1",,"2","081","-","Y","ALA",4,80,"-","-",6.32,"H","-","W","Y",3,"A","-",22350,,"N","A","H","-","A","D","6","Y","A","01",0,0,2,0,0,0,0,0,0,"-","-","BERKELEY","ALAMEDA","CA",-122.30656,37.8743
"4195326",-122.302625337,37.863139935,2009,"0103","1","5","4","03",0,2,"A",,,,,,1800,3,"C","C","A","RT 80","UNIVERSITY AV",1056,"W","N","2009-12-22",9370,"2009-03-20",1630,"19156",,"2","6","0","1",,"2","081","-","Y","ALA",4,80,"-","-",5.64,"H","-","E","N",2,"A","-",22350,,"N","A","H","-","A","D","6","Y","A","01",0,0,2,0,0,0,0,0,0,"-","-","BERKELEY","ALAMEDA","CA",-122.18103,37.51495
"4195338",-122.305221333,37.870679894,2009,"0103","1","1","4","03",0,1,"A",,,,,,2400,3,"D","C","A","RT 80","GILMAN ST",2270,"W","N","2010-01-26",9370,"2009-03-23",2319,"19371",,"3","6","0","1",,"2","081","-","Y","ALA",4,80,"-","-",6.19,"H","-","W","Y",4,"A","-",22350,,"N","A","H","-","C","D","6","Y","A","01",0,0,1,0,0,0,0,0,0,"-","-","BERKELEY","ALAMEDA","CA",-122.30539,37.87193
"4212040",-122.303853737,37.86731271,2009,"0103","1","7","4","03",0,1,"A",,,,,,600,4,"C","C","A","RT 80","UNIVERSITY AV",150,"E","N","2010-03-17",9370,"2009-04-12",400,"19156",,"3","6","0","1",,"2","081","-","Y","ALA",4,80,"-","-",5.87,"H","-","E","Y",2,"A","-",22350,,"N","A","H","-","D","D","6","Y","D","22",0,0,1,0,0,0,0,0,0,"-","-","BERKELEY","ALAMEDA","CA",-122.18134,37.52023
"4212052",-122.299037514,37.849761308,2009,"0103","1","2","3","03",0,2,"B",,,,,,1800,4,"C","C","A","RT 80","ASHBY AV",100,"E","N","2010-02-22",9370,"2009-04-14",1543,"10663",,"2","6","0","1",,"2","081","-","Y","ALA",4,80,"-","-",4.6,"H","-","E","N",3,"A","-",22350,,"N","A","H","-","A","D","6","Y","A","01",0,1,1,0,0,0,0,0,0,"-","-","BERKELEY","ALAMEDA","CA",-122.17541,37.5051
"4212976",-122.2582096,37.8762857,2009,"0103","0","5","4","15",0,1,"A",,,,"Y",,900,3,"C","E","A","RIDGE RD","LE ROY AV",86,"E","N","2009-11-12",103,"2009-03-13",821,"147","25","5","6","0","0",,"0","002","-","N",,,0,,,0,,,,"N",3,"A","-",26454,"A","N","A","H","-","A","A","0","Y","F","25",0,0,1,0,0,0,0,0,0,"-","-","BERKELEY","ALAMEDA","CA",0,0
"4212988",-122.294150733,37.87531821,2009,"0103","0","3","4","08",0,1,"A",,"Y",,,,1200,3,"D","G","A","RT 123","CEDAR ST",0,,"Y","2009-12-28",103,"2009-03-18",959,"83","21","5","6","0","0",,"0","017","-","Y","ALA",4,123,"-","-",3.6,"I","5","N","N",2,"A","-",22100,"A","F","A","H","-","A","A","0","Y","-","-",0,0,1,0,0,0,1,0,0,"-","-","BERKELEY","ALAMEDA","CA",0,0
"4213015",-122.308303159,37.881815003,2009,"0103","0","4","4","09",0,1,"A",,,,,,1200,3,"D","C","A","GILMAN ST","RT 80",0,,"Y","2010-01-07",103,"2009-03-19",1157,"8","20","5","6","0","0",,"0","017","-","Y","ALA",4,80,"-","-",6.822,"R","4","W","Y",2,"A","-",21802,"A","N","A","H","-","A","-","0","Y","D","22",0,0,1,0,0,0,0,0,0,"-","WF","BERKELEY","ALAMEDA","CA",0,0
"4213443",-122.2820922,37.87052711,2009,"0103","0","2","4","09",0,3,"A",,,,,,2400,3,"H","A","A","SACRAMENTO ST","UNIVERSITY AV",30,"N","N","2009-11-12",103,"2009-03-17",2250,"112","22","5","6","0","0",,"0","018","-","N",,,0,,,0,,,,"N",2,"A","-",21801,"A","N","A","H","-","C","A","0","Y","-","99",0,0,3,0,0,0,0,0,0,"-","-","BERKELEY","ALAMEDA","CA",0,0
"4213446",-122.2667238,37.85666673,2009,"0103","0","1","3","17",0,1,"A",,"Y",,,,2100,3,"B","G","A","SHATTUCK AV","RUSSELL ST",25,"S","N","2009-10-24",103,"2009-03-23",1805,"43","35","5","6","0","0",,"0","010","-","N",,,0,,,0,,,,"N",2,"A","-",22517,,"N","A","H","-","A","D","0","Y","A","01",0,1,0,0,0,0,1,0,0,"-","-","BERKELEY","ALAMEDA","CA",0,0
"4213447",-122.3072393,37.87817379,2009,"0103","0","2","4","04",0,1,"A",,,,,,1800,3,"C","C","A","GILMAN ST","EASTSHORE HWY",225,"W","N","2009-11-12",103,"2009-03-17",1604,"55","57","5","6","0","0",,"0","017","-","N",,,0,,,0,,,,"N",2,"A","-",21703,,"N","A","H","-","A","D","0","Y","A","01",0,0,1,0,0,0,0,0,0,"-","-","BERKELEY","ALAMEDA","CA",0,0