"CASEID","POINT_X","POINT_Y","YEAR_","LOCATION","CHPTYPE","DAYWEEK","CRASHSEV","VIOLCAT","KILLED","INJURED","WEATHER1","PEDCOL","BICCOL","MCCOL","TRUCKCOL","ETOH","TIMECAT","MONTH_","CRASHTYP","INVOLVE","PED","PRIMARYRD","SECONDRD","DISTANCE","DIRECT","INTERSECT_","PROCDATE","JURIS","DATE_","TIME_","BADGE","JURIDIST","SHIFT","POP","SPECIAL","BEATTYPE","LAPDDIV","BEATCLAS","BEATNUMB","WEATHER2","STATEHW","CALTRANC","CALTRAND","STROUTE","ROUTESUF","POSTPRE","POSTMILE","LOCATYPE","RAMP","SIDEHW","TOWAWAY","PARTIES","PCF","VIOLCODE","VIOL","VIOLSUB","HITRUN","ROADSURF","RDCOND1","RDCOND2","LIGHTING","RIGHTWAY","CHPRDTYP","NOTPRIV","STFAULT","CHPFAULT","SEVINJ","OTHERINJ","COP","PEDKILL","PEDINJ","BICKILL","BICINJ","MCKILL","MCINJURE","RAMP1","RAMP2","CITY","COUNTY","STATE","X_CHP","Y_CHP"
"4760047",-122.273453153,37.875065006,2010,"0103","0","2","4","03",0,1,"A",,,,,,1800,5,"C","C","A","MARTIN LUTHER KING JR WY","FRANCISCO ST",0,,"Y","2011-05-10",103,"2010-05-11",1548,"46","24","5","6","0","0",,"0","003","-","N",,,0,,,0,,,,"N",3,"A","-",22350,,"N","A","H","-","A","D","0","Y","-","-",0,0,1,0,0,0,0,0,0,"-","-","BERKELEY","ALAMEDA","CA",0,0
"4760048",-122.302803157,37.864145003,2010,"0103","0","2","4","07",0,1,"A",,,,,,1200,5,"D","C","A","UNIVERSITY AV","RT 80",758,"E","N","2011-08-19",103,"2010-05-04",1112,"57","20","5","6","0","0",,"0","016","-","Y","ALA",4,80,"-","-",5.72,"R","4","E","Y",2,"A","-",21658,"A","N","A","H","-","A","D","0","Y","A","01",0,0,1,0,0,0,0,0,0,"-","EF","BERKELEY","ALAMEDA","CA",0,0
"4760051",-122.268713152,37.874825006,2010,"0103","0","2","4","09",0,3,"A",,,,,,2400,5,"D","C","A","SHATTUCK AV","DELAWARE ST",0,,"Y","2011-05-10",103,"2010-05-11",2234,"123","24","5","6","0","0",,"0","002","-","N",,,0,,,0,,,,"Y",2,"A","-",21802,"A","N","A","H","-","C","A","0","Y","-","-",0,0,3,0,0,0,0,0,0,"-","-","BERKELEY","ALAMEDA","CA",0,0
"4760059",-122.292534334,37.870378542,2010,"0103","0","3","4","09",0,1,"A",,"Y",,,,2100,5,"D","G","A","HEARST AV","SAN PABLO AV",0,,"Y","2011-06-10",103,"2010-05-12",2026,"56","22","5","6","0","0",,"0","018","-","Y","ALA",4,123,"-","-",3.24,"I","5","N","N",2,"A","-",21804,"A","N","A","H","-","C","A","0","Y","L","04",0,0,1,0,0,0,1,0,0,"-","-","BERKELEY","ALAMEDA","CA",0,0
"4760060",-122.294377171,37.876003648,2010,"0103","0","2","4","03",0,2,"A",,,,,,1800,5,"C","C","A","RT 123","CEDAR ST",264,"N","N","2011-06-09",103,"2010-05-04",1615,"8","21","5","6","0","0",,"0","017","-","Y","ALA",4,123,"-","-",3.65,"H","-","N","Y",2,"A","-",22350,,"N","A","H","-","A","D","0","Y","A","01",0,0,2,0,0,0,0,0,0,"-","-","BERKELEY","ALAMEDA","CA",0,0
"4760063",-122.292452321,37.86966139,2010,"0103","0","4","3","17",0,1,"A",,"Y",,,,1500,5,"B","G","A","RT 123","UNIVERSITY AV",220,"N","N","2011-06-09",103,"2010-05-13",1214,"57","21","5","6","0","0",,"0","016","-","Y","ALA",4,123,"-","-",3.19,"H","-","S","N",3,"A","-",22517,,"N","A","H","-","A","D","0","Y","D","22",0,1,0,0,0,0,1,0,0,"-","-","BERKELEY","ALAMEDA","CA",0,0
"4760064",-122.267009734,37.864942049,2010,"0103","0","2","3","21",0,2,"A",,,,,,2100,5,"B","C","A","HASTE ST","SHATTUCK AV",165,"E","N","2011-05-10",103,"2010-05-04",1822,"143","30","5","6","0","0",,"0","005","-","N",,,0,,,0,,,,,3,"A","-",22106,,"N","A","H","-","A","D","0","Y","A","01",0,2,0,0,0,0,0,0,0,"-","-","BERKELEY","ALAMEDA","CA",0,0
"4760068",-122.270350738,37.870937264,2010,"0103","0","3","3","17",0,1,"A",,"Y",,,,1500,5,"-","G","A","ADDISON ST","MILVIA ST",100,"E","N","2011-05-10",103,"2010-05-05",1252,"9","20","5","6","0","0",,"0","004","-","N",,,0,,,0,,,,,2,"A","-",22517,,"N","A","H","-","A","D","0","Y","-","-",0,1,0,0,0,0,1,0,0,"-","-","BERKELEY","ALAMEDA","CA",0,0
"4760071",-122.267291403,37.892878479,2010,"0103","0","4","4","17",0,1,"A",,"Y",,,,1800,5,"H","G","A","SPRUCE ST","MARIN AV",158,"S","N","2011-05-10",103,"2010-05-13",1640,"11","15","5","6","0","0",,"0","002","-","N",,,0,,,0,,,,"N",2,"A","-",22517,,"N","A","H","-","A","D","0","Y","A","01",0,0,1,0,0,0,1,0,0,"-","-","BERKELEY","ALAMEDA","CA",0,0
"4760075",-122.291393155,37.866355003,2010,"0103","0","4","3","09",0,1,"A",,,,,"Y",1800,5,"D","C","A","SAN PABLO AV","ALLSTON WY",0,,"Y","2011-05-10",103,"2010-05-13",1757,"116","31","5","6","0","0",,"0","016","-","N",,,0,,,0,,,,"N",2,"A","-",21801,"A","F","A","H","-","A","A","0","Y","A","01",0,1,0,0,0,0,0,0,0,"-","-","BERKELEY","ALAMEDA","CA",0,0
"4760107",-122.284323154,37.870165004,2010,"0103","0","4","4","09",0,1,"A",,,,,,2100,5,"D","D","A","UNIVERSITY AV","ACTON ST",0,,"Y","2011-05-10",103,"2010-05-13",2040,"110","31","5","6","0","0",,"0","014","-","N",,,0,,,0,,,,"Y",2,"A","-",21801,"B","N","A","H","-","C","A","0","Y","A","01",0,0,1,0,0,0,0,0,0,"-","-","BERKELEY","ALAMEDA","CA",0,0
"4760111",-122.306483159,37.878325004,2010,"0103","0","5","4","03",0,1,"A",,,"Y",,,1200,5,"D","C","A","GILMAN ST","EASTSHORE HWY",0,,"Y","2011-05-10",103,"2010-05-14",946,"8","20","5","6","0","0",,"0","017","-","N",,,0,,,0,,,,"N",2,"A","-",22350,,"N","A","H","-","A","D","0","Y","C","02",0,0,1,0,0,0,0,0,1,"-","-","BERKELEY","ALAMEDA","CA",0,0
"4760115",-122.255154859,37.856762148,2010,"0103","0","5","3","03",0,1,"A",,,"Y",,,1800,5,"F","A","A","RT 13","HILLEGASS AV",0,,"Y","2011-06-14",103,"2010-05-14",1654,"8","39","5","6","0","0",,"0","008","-","Y","ALA",4,13,"-","-",11.37,"I","5","S","N",2,"A","-",22350,,"N","A","H","-","A","D","0","Y","C","02",0,1,0,0,0,0,0,0,1,"-","-","BERKELEY","ALAMEDA","CA",0,0
"4760123",-122.281242167,37.862072048,2010,"0103","0","5","4","-",0,1,"A",,,,,,1800,5,"C","C","A","SACRAMENTO ST","DWIGHT WY",35,"S","N","2011-05-10",103,"2010-05-14",1737,"118","5","5","6","0","0",,"0","031","-","N",,,0,,,0,,,,"N",2,"A","-",0,,"N","A","H","-","A","D","0","Y","A","01",0,0,1,0,0,0,0,0,0,"-","-","BERKELEY","ALAMEDA","CA",0,0
"4760127",-122.266353149,37.853825004,2010,"0103","0","5","4","03",0,1,"A",,,,,,2100,5,"C","C","A","SHATTUCK AV","ESSEX ST",0,,"Y","2011-05-10",103,"2010-05-14",1826,"35","35","5","6","0","0",,"0","010","-","N",,,0,,,0,,,,"Y",2,"A","-",22350,,"N","A","H","-","A","A","0","Y","A","01",0,0,1,0,0,0,0,0,0,"-","-","BERKELEY","ALAMEDA","CA",0,0
"4760131",-122.291068047,37.8508,2010,"0103","0","6","3","00",0,1,"A",,"Y",,,"Y",300,5,"H","G","A","7TH ST","ASHBY AV",76,"S","N","2011-06-14",103,"2010-05-15",204,"111","20","5","6","0","0",,"0","015","-","Y","ALA",4,13,"-","-",13.33,"I","6","S","N",2,"D","-",0,,"F","A","H","-","D","A","0","Y","-","-",0,1,0,0,0,0,1,0,0,"-","-","BERKELEY","ALAMEDA","CA",0,0
"4760135",-122.271538193,37.857913987,2010,"0103","0","6","3","12",0,1,"A",,"Y",,,,1800,5,"D","G","A","MARTIN LUTHER KING JR WY","STUART ST",15,"S","N","2011-05-10",103,"2010-05-15",1550,"55","35","5","6","0","0",,"0","012","-","N",,,0,,,0,,,,"N",2,"A","-",22450,"A","N","A","H","-","A","A","0","Y","L","04",0,1,0,0,0,0,1,0,0,"-","-","BERKELEY","ALAMEDA","CA",0,0
"4760154",-122.259233149,37.859545005,2010,"0103","0","5","2","03",0,1,"A",,,,,,1800,4,"D","C","A","TELEGRAPH AV","STUART ST",0,,"Y","2011-04-12",103,"2010-04-02",1530,"107","36","5","6","0","0",,"0","009","-","N",,,0,,,0,,,,"N",2,"A","-",22350,,"N","A","H","-","A","A","0","Y","A","01",1,0,0,0,0,0,0,0,0,"-","-","BERKELEY","ALAMEDA","CA",0,0
"4760158",-122.252923148,37.857045006,2010,"0103","0","4","4","03",0,1,"A",,,,,,1800,4,"C","C","A","RT 13","BENVENUE AV",0,,"Y","2011-05-11",103,"2010-04-22",1634,"8","3601","5","6","0","0",,"0","009","-","Y","ALA",4,13,"-","-",11.29,"H","-","N","N",2,"A","-",22350,,"N","A","H","-","A","D","0","Y","A","07",0,0,1,0,0,0,0,0,0,"-","-","BERKELEY","ALAMEDA","CA",0,0
"4800647",-122.272824436,37.871648926,2010,"0103","0","3","4","07",0,3,"A",,,,,,1500,6,"B","C","A","UNIVERSITY AV","MARTIN LUTHER KING JR WY",58,"E","N","2011-07-13",103,"2010-06-09",1327,"37","24","5","6","0","0",,"0","003","-","N",,,0,,,0,,,,"N",2,"A","-",21658,"A","N","A","H","-","A","-","0","Y","A","01",0,0,3,0,0,0,0,0,0,"-","-","BERKELEY","ALAMEDA","CA",0,0
"4812883",-122.253363149,37.859985006,2010,"0103","0","2","4","09",0,1,"A",,,,,,900,6,"A","C","A","COLLEGE AV","STUART ST",0,,"Y","2011-06-27",103,"2010-06-01",828,"38","37","5","6","0","0",,"0","008","-","N",,,0,,,0,,,,"Y",2,"A","-",21800,"A","N","A","H","-","A","A","0","Y","A","01",0,0,1,0,0,0,0,0,0,"-","-","BERKELEY","ALAMEDA","CA",0,0
"4812884",-122.25443315,37.868365006,2010,"0103","0","5","4","10",0,1,"A","Y",,,,,1800,6,"G","B","B","COLLEGE AV","DURANT AV",0,,"Y","2011-06-27",103,"2010-06-25",1645,"47","28","5","6","0","0",,"0","007","-","N",,,0,,,0,,,,"N",2,"A","-",21950,"A","N","A","H","-","A","A","0","Y","A","01",0,0,1,0,1,0,0,0,0,"-","-","BERKELEY","ALAMEDA","CA",0,0
"4812887",-122.286679439,37.852148937,2010,"0103","0","2","4","12",0,2,"B",,,,,,900,6,"D","C","A","RT 13","RT 123",0,,"Y","2011-08-25",103,"2010-06-01",850,"93","20","5","6","0","0",,"0","013","-","Y","ALA",4,13,"-","-",13.18,"I","5","N","Y",2,"A","-",21453,"A","N","A","H","-","A","A","0","Y","A","08",0,0,2,0,0,0,0,0,0,"-","-","BERKELEY","ALAMEDA","CA",0,0
"4812890",-122.289878493,37.85446505,2010,"0103","0","1","4","17",0,1,"A",,"Y",,,,1800,6,"D","G","A","9TH ST","HEINZ AV",203,"S","N","2011-06-24",103,"2010-06-14",1555,"100","10","5","6","0","0",,"0","015","-","N",,,0,,,0,,,,"N",2,"A","-",21663,,"N","A","H","-","A","D","0","Y","L","04",0,0,1,0,0,0,1,0,0,"-","-","BERKELEY","ALAMEDA","CA",0,0
"4812891",-122.273591975,37.873282073,2010,"0103","0","2","3","17",0,1,"A",,"Y",,,,1800,6,"H","G","A","HEARST AV","MARTIN LUTHER KING JR WY",109,"W","N","2011-06-27",103,"2010-06-01",1635,"136","23","5","6","0","0",,"0","003","-","N",,,0,,,0,,,,"N",2,"A","-",22517,,"N","A","H","-","A","D","0","Y","A","01",0,1,0,0,0,0,1,0,0,"-","-","BERKELEY","ALAMEDA","CA",0,0
"4812900",-122.262001769,37.874848496,2010,"0103","0","5","4","-",0,1,"A",,,"Y",,,1500,6,"B","C","A","HEARST AV","EUCLID AV",528,"W","N","2011-06-22",103,"2010-06-25",1404,"37","25","5","6","0","0",,"0","002","-","N",,,0,,,0,,,,"N",3,"A","-",0,,"N","A","H","-","A","A","0","Y","A","01",0,0,1,0,0,0,0,0,1,"-","-","BERKELEY","ALAMEDA","CA",0,0
"4812904",-122.261483151,37.868425006,2010,"0103","0","5","3","18",0,1,"A",,"Y",,,,2100,6,"H","G","A","DANA ST","BANCROFT WY",0,"S","N","2011-06-22",103,"2010-06-25",1936,"151","28","5","6","0","0",,"0","006","-","N",,,0,,,0,,,,"N",1,"C","-",0,,"N","A","H","-","A","D","0","Y","-","-",0,1,0,0,0,0,1,0,0,"-","-","BERKELEY","ALAMEDA","CA",0,0
"4812910",-122.260122407,37.85295914,2010,"0103","0","7","3","00",0,1,"A","Y",,,,,2100,6,"G","B","B","WOOLSEY ST","TELEGRAPH AV",9,"E","N","2011-06-24",103,"2010-06-13",1910,"54","39","5","6","0","0",,"0","009","-","N",,,0,,,0,,,,"N",2,"D","-",0,,"N","A","H","-","A","A","0","Y","-","-",0,1,0,0,1,0,0,0,0,"-","-","BERKELEY","ALAMEDA","CA",0,0
"4812914",-122.26757255,37.864859532,2010,"0103","0","4","3","01",0,2,"A",,,,,"Y",300,6,"E","C","A","SHATTUCK AV","HASTE ST",2,"S","N","2011-06-30",103,"2010-06-17",204,"107","29","5","6","0","0",,"0","005","-","N",,,0,,,0,,,,"Y",2,"A","-",23153,"A","N","A","H","-","C","A","0","Y","A","01",0,1,1,0,0,0,0,0,0,"-","-","BERKELEY","ALAMEDA","CA",0,0
"4812915",-122.257260993,37.856507961,2010,"0103","0","1","4","03",0,1,"A",,,,,,1800,6,"C","C","A","RT 13","FLORENCE ST",0,,"Y","2011-08-25",103,"2010-06-28",1558,"95","39","5","6","0","0",,"0","009","-","Y","ALA",4,13,"-","-",11.53,"I","5","N","N",2,"A","-",22350,,"N","A","H","-","A","D","0","Y","A","01",0,0,1,0,0,0,0,0,0,"-","-","BERKELEY","ALAMEDA","CA",0,0
"4812918",-122.291093154,37.850805002,2010,"0103","0","5","3","09",0,1,"A",,"Y",,,,1200,6,"D","G","A","7TH ST","MURRAY ST",0,,"Y","2011-06-27",103,"2010-06-18",939,"100","42","5","6","0","0",,"0","015","-","N",,,0,,,0,,,,"N",2,"A","-",21801,"A","N","A","H","-","A","D","0","Y","A","07",0,1,0,0,0,0,1,0,0,"-","-","BERKELEY","ALAMEDA","CA",0,0
"4812923",-122.294276127,37.875255732,2010,"0103","0","2","3","09",0,1,"A",,,,,,2100,6,"D","C","A","RT 123","CEDAR ST",0,,"Y","2011-08-03",103,"2010-06-29",1925,"38","21","5","6","0","0",,"0","017","-","Y","ALA",4,123,"-","-",3.6,"I","5","S","Y",2,"A","-",21801,"A","N","A","H","-","B","A","0","Y","A","01",0,1,0,0,0,0,0,0,0,"-","-","BERKELEY","ALAMEDA","CA",0,0
"4812924",-122.271264861,37.854267616,2010,"0103","0","2","3","01",0,10,"A",,,,,,2400,6,"D","C","A","MARTIN LUTHER KING JR WY","RT 13",0,,"Y","2011-08-25",103,"2010-06-22",2335,"58","40","5","6","0","0",,"0","011","-","Y","ALA",4,13,"-","-",12.32,"I","5","N","Y",2,"A","-",23153,"A","N","A","H","-","C","A","0","Y","A","08",0,1,9,0,0,0,0,0,0,"-","-","BERKELEY","ALAMEDA","CA",0,0
"4812926",-122.270803153,37.871915006,2010,"0103","0","6","4","01",0,1,"A",,,,,"Y",600,6,"B","E","A","UNIVERSITY AV","MILVIA ST",0,"E","N","2011-06-27",103,"2010-06-19",414,"136","29","5","6","0","0",,"0","004","-","N",,,0,,,0,,,,"Y",2,"A","-",23152,,"N","A","H","-","C","D","0","Y","A","01",0,0,1,0,0,0,0,0,0,"-","-","BERKELEY","ALAMEDA","CA",0,0
"4812927",-122.29206314,37.868422647,2010,"0103","0","2","4","01",0,1,"A",,,,,"Y",2100,9,"C","C","A","RT 123","UNIVERSITY AV",251,"S","N","2011-08-03",103,"2010-09-28",1841,"109","031","5","6","0","0",,"0","016","-","Y","ALA",4,123,"-","-",3.1,"H","-","S","Y",2,"A","-",23152,,"N","A","H","-","A","D","0","Y","A","01",0,0,1,0,0,0,0,0,0,"-","-","BERKELEY","ALAMEDA","CA",0,0
"4812932",-122.276669306,37.898567355,2010,"0103","0","3","3","03",0,2,"A",,,,,,2100,6,"E","I","A","ARLINGTON AV","SAN FERNANDO AV",93,"S","N","2011-06-22",103,"2010-06-23",1830,"4","12","5","6","0","0",,"0","001","-","N",,,0,,,0,,,,"Y",1,"A","-",22350,,"N","A","H","-","A","A","0","Y","-","-",0,1,1,0,0,0,0,0,0,"-","-","BERKELEY","ALAMEDA","CA",0,0
"4812935",-122.26729472,37.862240714,2010,"0103","0","2","4","03",0,3,"A",,,,,,1800,6,"C","C","A","SHATTUCK AV","PARKER ST",35,"N","N","2011-06-27",103,"2010-06-29",1557,"11","35","5","6","0","0",,"0","005","-","N",,,0,,,0,,,,"N",2,"A","-",22350,,"N","A","H","-","A","D","0","Y","A","01",0,0,3,0,0,0,0,0,0,"-","-","BERKELEY","ALAMEDA","CA",0,0
"4812939",-122.249983147,37.852305005,2010,"0103","0","2","4","09",0,1,"A",,,"Y",,,2100,6,"A","C","A","CLAREMONT AV","ETON AV",0,,"Y","2011-06-27",103,"2010-06-29",1955,"131","C-39","5","6","0","0",,"0","B-8","-","N",,,0,,,0,,,,"Y",2,"A","-",21801,"A","N","A","H","-","A","D","0","Y","A","01",0,0,1,0,0,0,0,0,1,"-","-","BERKELEY","ALAMEDA","CA",0,0
"4812940",-122.256773149,37.868125006,2010,"0103","0","4","4","10",0,1,"A","Y",,,,,1500,6,"G","B","B","DURANT AV","BOWDITCH ST",0,,"Y","2011-06-22",103,"2010-06-24",1311,"128","29","5","6","0","0",,"0","007","-","N",,,0,,,0,,,,"N",2,"A","-",21950,"A","N","A","H","-","A","A","0","Y","A","08",0,0,1,0,1,0,0,0,0,"-","-","BERKELEY","ALAMEDA","CA",0,0
"4812942",-122.291953154,37.853485003,2010,"0103","0","4","4","12",0,1,"A",,"Y",,,,900,6,"D","G","A","7TH ST","HEINZ AV",0,,"Y","2011-06-27",103,"2010-06-17",842,"37","2D","5","6","0","0",,"0","015","-","N",,,0,,,0,,,,"N",2,"A","-",21453,"A","N","A","H","-","A","A","0","Y","L","04",0,0,1,0,0,0,1,0,0,"-","-","BERKELEY","ALAMEDA","CA",0,0
"4812943",-122.266930806,37.858276669,2010,"0103","0","6","3","17",0,1,"A",,"Y",,,,1800,6,"B","G","A","SHATTUCK AV","STUART ST",87,"S","N","2011-06-27",103,"2010-06-26",1608,"72","35","5","6","0","0",,"0","010","-","N",,,0,,,0,,,,"N",2,"A","-",22517,,"N","A","H","-","A","D","0","Y","A","07",0,1,0,0,0,0,1,0,0,"-","-","BERKELEY","ALAMEDA","CA",0,0
"4812946",-122.290812069,37.864641295,2010,"0103","0","4","4","08",0,1,"A",,"Y",,,,1500,6,"B","G","A","RT 123","BANCROFT WY",0,,"Y","2011-08-03",103,"2010-06-17",1251,"151","31","5","6","0","0",,"0","014","-","Y","ALA",4,123,"-","-",2.83,"I","6","S","N",2,"A","-",22100,"A","N","A","H","-","A","D","0","Y","A","01",0,0,1,0,0,0,1,0,0,"-","-","BERKELEY","ALAMEDA","CA",0,0
"4812947",-122.262055812,37.887594132,2010,"0103","0","7","3","08",0,1,"A",,"Y",,,,600,6,"H","E","A","EUCLID AV","CRYSTAL WY",20,"E","N","2011-06-27",103,"2010-06-27",330,"58","15","5","6","0","0",,"0","002","-","N",,,0,,,0,,,,"N",2,"A","-",22107,,"N","A","H","-","C","D","0","Y","L","04",0,1,0,0,0,0,1,0,0,"-","-","BERKELEY","ALAMEDA","CA",0,0
"4812948",-122.280463153,37.859585004,2010,"0103","0","7","2","01",0,2,"A",,,,,"Y",300,6,"D","C","A","CARLETON ST","SACRAMENTO ST",0,,"Y","2011-07-12",103,"2010-06-20",29,"77","34","5","6","0","0",,"0","012","-","N",,,0,,,0,,,,"Y",6,"A","-",23152,"A","N","A","H","-","C","A","0","Y","A","01",1,0,1,0,0,0,0,0,0,"-","-","BERKELEY","ALAMEDA","CA",0,0
"4812951",-122.252878883,37.869529996,2010,"0103","0","7","3","03",0,2,"A",,,,,,1800,6,"C","E","A","BANCROFT WY","PIEDMONT AV",145,"W","N","2011-06-27",103,"2010-06-27",1709,"59","27","5","6","0","0",,"0","007","-","N",,,0,,,0,,,,"Y",2,"A","-",22350,,"N","A","H","-","A","D","0","Y","A","01",0,1,1,0,0,0,0,0,0,"-","-","BERKELEY","ALAMEDA","CA",0,0
"4812954",-122.252975696,37.856082402,2010,"0103","0","4","3","10",0,1,"A","Y",,,,,2100,6,"G","B","B","COLLEGE AV","WEBSTER ST",10,"N","N","2011-06-27",103,"2010-06-17",1923,"50","39","5","6","0","0",,"0","008","-","N",,,0,,,0,,,,"N",2,"A","-",21950,"A","N","A","H","-","A","A","0","Y","A","01",0,1,0,0,1,0,0,0,0,"-","-","BERKELEY","ALAMEDA","CA",0,0
"4812958",-122.282596617,37.870380826,2010,"0103","0","4","4","03",0,3,"A",,,,,,2100,6,"C","C","A","UNIVERSITY AV","SACRAMENTO ST",150,"W","N","2011-06-30",103,"2010-06-17",1930,"122","31","5","6","0","0",,"0","014","-","N",,,0,,,0,,,,"Y",3,"A","-",22350,,"N","A","H","-","A","A","0","Y","A","08",0,0,3,0,0,0,0,0,0,"-","-","BERKELEY","ALAMEDA","CA",0,0
"4812959",0,0,2010,"0103","0","1","4","08",0,1,"A",,,,,,900,6,"D","C","A","MARTIN LUTHER KING JR WY","ADELLE ST",0,,"Y","2011-06-27",103,"2010-06-28",738,"64","40","5","6","0","0",,"0","011","-","N",,,0,,,0,,,,"Y",2,"A","-",22107,,"N","A","H","-","A","A","0","Y","A","07",0,0,1,0,0,0,0,0,0,"-","-","BERKELEY","ALAMEDA","CA",0,0
"4812962",-122.272393155,37.888475007,2010,"0103","0","6","3","-",0,3,"A",,,,,,1800,6,"A","C","A","SUTTER ST","HOPKINS ST",0,,"Y","2011-06-22",103,"2010-06-05",1700,"126","14","5","6","0","0",,"0","001","-","N",,,0,,,0,,,,"Y",2,"A","-",0,,"N","A","H","-","A","A","0","Y","A","01",0,1,2,0,0,0,0,0,0,"-","-","BERKELEY","ALAMEDA","CA",0,0
"4812966",-122.288658606,37.858374994,2010,"0103","0","6","3","01",0,1,"A",,,,,"Y",2400,6,"A","C","A","RT 123","CARLETON ST",0,,"Y","2011-08-03",103,"2010-06-05",2257,"50","33","5","6","0","0",,"0","014","-","Y","ALA",4,123,"-","-",2.37,"I","5","N","Y",3,"A","-",23153,"A","N","A","H","-","C","A","0","Y","A","08",0,1,0,0,0,0,0,0,0,"-","-","BERKELEY","ALAMEDA","CA",0,0
"4812974",0,0,2010,"0103","0","1","4","09",0,1,"A",,,,,,1200,6,"D","A","A","6TH ST","SHATTUCK AV",140,"N","N","2011-06-22",103,"2010-06-07",911,"94","20","5","6","0","0",,"0","015","-","N",,,0,,,0,,,,"Y",2,"A","-",21804,"A","N","A","H","-","A","D","0","Y","A","01",0,0,1,0,0,0,0,0,0,"-","-","BERKELEY","ALAMEDA","CA",0,0
"4812979",-122.273223154,37.873345006,2010,"0103","0","6","3","09",0,1,"A",,"Y",,,,1200,6,"H","I","A","MARTIN LUTHER KING JR WY","HEARST AV",0,,"Y","2011-06-22",103,"2010-06-12",1049,"134","24","5","6","0","0",,"0","003","-","N",,,0,,,0,,,,"N",2,"A","-",21801,"A","N","A","H","-","A","A","0","Y","A","01",0,1,0,0,0,0,1,0,0,"-","-","BERKELEY","ALAMEDA","CA",0,0
"4812982",-122.266423152,37.874145006,2010,"0103","0","1","4","10",0,1,"A","Y",,,,,1500,6,"G","B","B","OXFORD ST","HEARST AV",0,,"Y","2011-06-22",103,"2010-06-07",1321,"134","26","5","6","0","0",,"0","003","-","N",,,0,,,0,,,,"N",2,"A","-",21950,"A","N","A","H","-","A","A","0","Y","A","01",0,0,1,0,1,0,0,0,0,"-","-","BERKELEY","ALAMEDA","CA",0,0
"4812986",-122.252690263,37.857060532,2010,"0103","0","1","3","17",0,1,"A",,"Y",,,,1500,6,"B","G","A","COLLEGE AV","RT 13",66,"N","N","2011-08-25",103,"2010-06-07",1410,"99","36","5","6","0","0",,"0","009","-","Y","ALA",4,13,"-","-",11.23,"I","6","S","N",3,"A","-",22517,,"N","A","H","-","A","B","0","Y","A","01",0,1,0,0,0,0,1,0,0,"-","-","BERKELEY","ALAMEDA","CA",0,0
"4812990",-122.294150733,37.87531821,2010,"0103","0","6","4","-",0,1,"A",,"Y",,,,1500,6,"H","G","A","RT 123","CEDAR ST",0,,"Y","2011-08-03",103,"2010-06-05",1312,"100","22","5","6","0","0",,"0","017","-","Y","ALA",4,123,"-","-",3.6,"I","5","N","N",2,"A","-",0,,"N","A","H","-","A","A","0","Y","L","04",0,0,1,0,0,0,1,0,0,"-","-","BERKELEY","ALAMEDA","CA",0,0
"4812993",-122.267163151,37.861245005,2010,"0103","0","3","4","08",0,1,"A",,"Y",,,,2100,6,"H","G","A","SHATTUCK AV","CARLETON ST",0,,"Y","2011-06-22",103,"2010-06-09",1845,"45","35","5","6","0","0",,"0","005","-","N",,,0,,,0,,,,"N",2,"A","-",22107,,"N","A","H","-","A","D","0","Y","A",,0,0,1,0,0,0,1,0,0,"-","-","BERKELEY","ALAMEDA","CA",0,0
"4812994",-122.300623156,37.862625002,2010,"0103","0","4","4","08",0,1,"A",,"Y",,,"Y",1800,6,"H","A","A","BOLIVAR DR","BANCROFT WY",0,,"N","2011-06-22",103,"2010-06-03",1609,"33","20","5","6","0","0",,"0","016","-","N",,,0,,,0,,,,"N",1,"A","-",22107,,"N","A","H","-","A","D","0","Y","L","04",0,0,1,0,0,0,1,0,0,"-","-","BERKELEY","ALAMEDA","CA",0,0
"4812995",-122.273223154,37.873345006,2010,"0103","0","6","4","09",0,3,"A",,,,,,2100,6,"D","C","A","HEARST AV","MARTIN LUTHER KING JR WY",0,,"Y","2011-06-30",103,"2010-06-12",1930,"145","23","5","6","0","0",,"0","003","-","N",,,0,,,0,,,,"Y",2,"A","-",21453,"B","N","A","H","-","A","A","0","Y","A","07",0,0,3,0,0,0,0,0,0,"-","-","BERKELEY","ALAMEDA","CA",0,0
"4812998",-122.258839102,37.863251099,2010,"0103","0","4","4","17",0,1,"A",,"Y",,,,2100,6,"D","G","A","PARKER ST","TELEGRAPH AV",31,"W","N","2011-06-22",103,"2010-06-03",1856,"118","20","5","6","0","0",,"0","006","-","N",,,0,,,0,,,,"N",2,"A","-",22517,,"N","A","H","-","A","D","0","Y","A","01",0,0,1,0,0,0,1,0,0,"-","-","BERKELEY","ALAMEDA","CA",0,0