"CASEID","POINT_X","POINT_Y","YEAR_","LOCATION","CHPTYPE","DAYWEEK","CRASHSEV","VIOLCAT","KILLED","INJURED","WEATHER1","PEDCOL","BICCOL","MCCOL","TRUCKCOL","ETOH","TIMECAT","MONTH_","CRASHTYP","INVOLVE","PED","PRIMARYRD","SECONDRD","DISTANCE","DIRECT","INTERSECT_","PROCDATE","JURIS","DATE_","TIME_","BADGE","JURIDIST","SHIFT","POP","SPECIAL","BEATTYPE","LAPDDIV","BEATCLAS","BEATNUMB","WEATHER2","STATEHW","CALTRANC","CALTRAND","STROUTE","ROUTESUF","POSTPRE","POSTMILE","LOCATYPE","RAMP","SIDEHW","TOWAWAY","PARTIES","PCF","VIOLCODE","VIOL","VIOLSUB","HITRUN","ROADSURF","RDCOND1","RDCOND2","LIGHTING","RIGHTWAY","CHPRDTYP","NOTPRIV","STFAULT","CHPFAULT","SEVINJ","OTHERINJ","COP","PEDKILL","PEDINJ","BICKILL","BICINJ","MCKILL","MCINJURE","RAMP1","RAMP2","CITY","COUNTY","STATE","X_CHP","Y_CHP"
"4969122",-122.299333155,37.851125002,2010,"0103","1","7","4","08",0,2,"A",,,,,,1800,10,"C","C","A","RT 80","ASHBY AV",405,"E","N","2012-04-10",9370,"2010-10-10",1530,"20107",,"2","6","0","1",,"2","081","-","Y","ALA",4,80,"-","-",4.671,"R","2","E","Y",2,"A","-",22107,,"N","A","H","-","A","D","6","Y","A","01",0,0,2,0,0,0,0,0,0,"-","-","BERKELEY","ALAMEDA","CA",-122.29877,37.85009
"4969148",-122.302450653,37.862391858,2010,"0103","1","2","4","03",0,1,"A",,,,,,1800,10,"C","C","A","RT 80","UNIVERSITY AV",1373,"W","N","2012-02-10",9370,"2010-10-12",1645,"14822",,"2","6","0","1",,"2","081","-","Y","ALA",4,80,"-","-",5.58,"H","-","E","Y",2,"A","-",22350,,"N","A","H","-","A","D","6","Y","A","01",0,0,1,0,0,0,0,0,0,"-","-","BERKELEY","ALAMEDA","CA",-122.18094,37.51519
"4973584",-122.307309503,37.877522632,2010,"0103","1","3","4","03",0,1,"A",,,,,,1800,11,"C","C","A","RT 80","GILMAN ST",50,"W","N","2012-02-13",9370,"2010-11-10",1638,"17193",,"2","6","0","1",,"2","081","-","Y","ALA",4,80,"-","-",6.61,"H","-","W","N",2,"A","-",22350,,"N","A","H","-","A","D","6","Y","A","01",0,0,1,0,0,0,0,0,0,"-","-","BERKELEY","ALAMEDA","CA",-122.30726,37.87775
"4975440",-122.30562121,37.871961944,2010,"0103","1","5","4","03",0,2,"A",,,,,,900,9,"C","C","A","RT 80","GILMAN ST",1755,"W","N","2011-11-01",9370,"2010-09-24",645,"019059",,"1","6","0","1",,"2","081","-","Y","ALA",4,80,"-","-",6.29,"H","-","W","Y",3,"A","-",22350,,"N","A","H","-","A","D","6","Y","A","01",0,0,2,0,0,0,0,0,0,"-","-","BERKELEY","ALAMEDA","CA",-122.18264,37.52411
"4981060",-122.27346044,37.858958189,2010,"0103","0","1","3","08",0,1,"B",,"Y",,,,1800,11,"E","G","A","GRANT ST","WARD ST",108,"N","N","2011-12-02",103,"2010-11-22",1525,"119","34","5","6","0","0",,"0","012","-","N",,,0,,,0,,,,"N",2,"A","-",22107,,"N","A","H","-","A","D","0","Y","I","11",0,1,0,0,0,0,1,0,0,"-","-","BERKELEY","ALAMEDA","CA",0,0
"4987162",-122.306743158,37.875735004,2010,"0103","1","7","4","07",0,1,"B",,,,,,900,11,"D","C","A","RT 80","GILMAN ST",528,"W","N","2012-02-10",9370,"2010-11-07",800,"19469",,"1","6","0","1",,"2","081","C","Y","ALA",4,80,"-","-",6.52,"H","-","W","Y",2,"A","-",21658,"A","N","B","H","-","A","D","6","Y","A","01",0,0,1,0,0,0,0,0,0,"-","-","BERKELEY","ALAMEDA","CA",-122.30717,37.87756
"4990584",-122.304378849,37.869233689,2010,"0103","1","5","1","08",1,0,"C",,,,,,600,12,"E","I","A","RT 80","UNIVERSITY AV",608,"E","N","2011-03-17",9370,"2010-12-10",514,"19812",,"3","6","0","1",,"2","081","-","Y","ALA",4,80,"-","-",5.96,"H","-","E","Y",2,"A","-",22107,,"N","B","H","-","D","D","6","Y","A","01",0,0,0,0,0,0,0,0,0,"-","-","BERKELEY","ALAMEDA","CA",-122.30435,37.86978
"5018741",-122.26867538,37.882133133,2010,"0103","0","2","2","08",0,1,"A",,"Y",,"Y",,1800,6,"B","G","A","ROSE ST","WALNUT ST",68,"W","N","2011-06-24",103,"2010-06-22",1510,"8","17","5","6","0","0",,"0","002","-","N",,,0,,,0,,,,"N",2,"A","-",22107,,"N","A","H","-","A","D","0","Y","L","04",1,0,0,0,0,0,1,0,0,"-","-","BERKELEY","ALAMEDA","CA",0,0
"5022688",-122.291784592,37.852991976,2010,"0103","0","4","4","03",0,1,"A",,,,,"Y",1500,12,"C","C","A","7TH ST","HEINZ AV",186,"S","N","2011-12-10",103,"2010-12-23",1300,"87","20","5","6","0","0",,"0","015","-","N",,,0,,,0,,,,"N",2,"A","-",22350,,"M","A","H","-","A","D","0","Y","A","01",0,0,1,0,0,0,0,0,0,"-","-","BERKELEY","ALAMEDA","CA",0,0
"5023977",-122.258625874,37.857792427,2010,"0103","0","7","4","03",0,1,"A",,"Y",,,,1200,3,"F","J","A","RUSSELL ST","FLORENCE ST",30,"W","N","2011-02-16",103,"2010-03-28",1023,"99","23","5","6","0","0",,"0","009","-","N",,,0,,,0,,,,"N",1,"A","-",22350,,"N","A","H","-","A","D","0","Y","L","04",0,0,1,0,0,0,1,0,0,"-","-","BERKELEY","ALAMEDA","CA",0,0
"5035203",-122.267573151,37.864865006,2010,"0103","0","7","4","12",0,1,"A",,,,,,1200,11,"D","C","A","SHATTUCK AV","HASTE ST",0,,"Y","2012-01-31",103,"2010-11-14",1125,"87","29","5","6","0","0",,"0","005","-","N",,,0,,,0,,,,"N",2,"A","-",21453,"A","N","A","H","-","A","A","0","Y","A","01",0,0,1,0,0,0,0,0,0,"-","-","BERKELEY","ALAMEDA","CA",0,0
"5035211",-122.290812069,37.864641295,2010,"0103","0","6","4","09",0,1,"A",,,,,,1800,11,"D","C","A","SAN PABLO","BANCROFT",0,,"Y","2012-02-23",103,"2010-11-13",1554,"29","32","5","6","0","0",,"0","015","-","Y","ALA",4,123,"-","-",2.83,"I","5","S","Y",2,"A","-",21802,"A","N","A","-","-","A","A","0","Y","A","01",0,0,1,0,0,0,0,0,0,"-","-","BERKELEY","ALAMEDA","CA",0,0
"5035212",-122.255996644,37.869134161,2010,"0103","0","2","3","08",0,1,"C",,"Y",,,,2100,11,"B","G","A","BANCROFT WY","BOWDITCH ST",280,"E","N","2011-12-01",103,"2010-11-09",1910,"55","28","5","6","0","0",,"0","007","-","N",,,0,,,0,,,,"N",2,"A","-",22107,,"N","B","H","-","C","D","0","Y","A","01",0,1,0,0,0,0,1,0,0,"-","-","BERKELEY","ALAMEDA","CA",0,0
"5035216",-122.265159945,37.861501628,2010,"0103","0","2","4","11",0,1,"C","Y",,,,"Y",2400,11,"G","B","E","CARLETON ST","FULTON ST",119,"W","-","2011-12-02",103,"2010-11-09",2136,"68","35","5","6","0","0",,"0","005","-","N",,,0,,,0,,,,"N",2,"A","-",21954,"A","N","B","H","-","C","D","0","Y","N","60",0,0,1,0,1,0,0,0,0,"-","-","BERKELEY","ALAMEDA","CA",0,0
"5035223",-122.268553153,37.872985006,2010,"0103","0","6","2","-",0,1,"A","Y",,,,,1800,11,"G","B","B","BERKELEY WY","SHATTUCK AV",0,,"Y","2011-12-01",103,"2010-11-13",1613,"87","24","5","6","0","0",,"0","003","-","N",,,0,,,0,,,,"N",2,"A","-",0,,"N","A","A","-","A","D","0","Y","A","01",1,0,0,0,1,0,0,0,0,"-","-","BERKELEY","ALAMEDA","CA",0,0
"5035227",-122.29331708,37.872341532,2010,"0103","0","1","4","06",0,1,"A","Y",,,,,1200,11,"G","B","B","RT 123","FRANCISCO ST",0,,"Y","2012-02-15",103,"2010-11-15",1028,"35","22","5","6","0","0",,"0","016","-","Y","ALA",4,123,"-","-",3.39,"H","-","S","N",2,"A","-",21951,,"N","A","H","-","A","A","0","Y","A","01",0,0,1,0,1,0,0,0,0,"-","-","BERKELEY","ALAMEDA","CA",0,0
"5035235",-122.269190073,37.857383461,2010,"0103","0","1","3","08",0,1,"A",,"Y",,,,2100,11,"D","G","A","MILVIA ST","OREGON ST",25,"N","N","2011-12-01",103,"2010-11-15",1930,"146","35","5","6","0","0",,"0","070","-","N",,,0,,,0,,,,"N",2,"A","-",22107,,"N","A","H","-","C","D","0","Y","L","04",0,1,0,0,0,0,1,0,0,"-","-","BERKELEY","ALAMEDA","CA",0,0
"5035236",-122.269099405,37.854938182,2010,"0103","0","5","4","03",0,1,"A",,,,,,1800,11,"C","C","A","ADELINE ST","ASHBY AV",116,"N","N","2011-12-01",103,"2010-11-12",1623,"50","35","5","6","0","0",,"0","010","-","N",,,0,,,0,,,,"N",2,"A","-",22350,,"M","A","H","-","A","A","0","Y","-","99",0,0,1,0,0,0,0,0,0,"-","-","BERKELEY","ALAMEDA","CA",0,0
"5035237",-122.266263149,37.853105004,2010,"0103","0","2","4","-",0,1,"A","Y",,,,,2100,11,"G","B","B","SHATTUCK AV","PRINCE ST",0,,"Y","2011-12-05",103,"2010-11-23",1807,"146","39","5","6","0","0",,"0","010","-","N",,,0,,,0,,,,"N",2,"A","-",0,,"N","A","H","-","C","D","0","Y","A","08",0,0,1,0,1,0,0,0,0,"-","-","BERKELEY","ALAMEDA","CA",0,0
"5035241",-122.290843153,37.850065002,2010,"0103","0","1","4","03",0,1,"B",,"Y",,,,2100,11,"H","G","A","7TH ST","FOLGER AV",0,,"Y","2011-12-05",103,"2010-11-22",1802,"151","20","5","6","0","0",,"0","015","-","N",,,0,,,0,,,,"N",1,"A","-",22350,,"N","A","H","-","C","D","0","Y","L","04",0,0,1,0,0,0,1,0,0,"-","-","BERKELEY","ALAMEDA","CA",0,0
"5035244",-122.252432646,37.850707081,2010,"0103","0","4","4","03",0,1,"A",,,,,,1500,11,"C","C","A","COLLEGE AV","ALCATRAZ AV",200,"S","N","2011-12-01",103,"2010-11-11",1419,"107","39","5","6","0","0",,"0","008","-","N",,,0,,,0,,,,"N",2,"A","-",22350,,"N","A","H","-","A","A","0","Y","A","01",0,0,1,0,0,0,0,0,0,"-","-","BERKELEY","ALAMEDA","CA",0,0
"5035245",-122.288393155,37.872285005,2010,"0103","0","1","4","10",0,1,"A","Y",,,,,900,11,"G","B","B","DELAWARE ST","CHESTNUT ST",0,,"Y","2011-12-06",103,"2010-11-29",813,"3","22","5","6","0","0",,"0","018","-","N",,,0,,,0,,,,"N",2,"A","-",21950,"A","N","A","H","-","A","D","0","Y","A","01",0,0,1,0,1,0,0,0,0,"-","-","BERKELEY","ALAMEDA","CA",0,0
"5035247",-122.259355678,37.858722314,2010,"0103","0","2","3","03",0,1,"A",,,"Y",,,1500,11,"B","C","A","TELEGRAPH AV","OREGON ST",43,"N","N","2011-12-01",103,"2010-11-16",1424,"55","36","5","6","0","0",,"0","009","-","N",,,0,,,0,,,,"N",3,"A","-",22350,,"N","A","H","-","A","D","0","Y","A","01",0,1,0,0,0,0,0,0,1,"-","-","BERKELEY","ALAMEDA","CA",0,0
"5035248",-122.262813215,37.86181232,2010,"0103","0","4","4","-",0,1,"A",,,,,,900,11,"D","C","A","CARLETON","ELSWORTH",100,"W","N","2012-01-10",103,"2010-11-11",835,"9","35","5","6","0","0",,"0","006","-","N",,,0,,,0,,,,"Y",2,"-","-",0,,"N","A","H","-","A","D","0","Y","-","-",0,0,1,0,0,0,0,0,0,"-","-","BERKELEY","ALAMEDA","CA",0,0
"5035249",0,0,2010,"0103","0","5","4","03",0,1,"A",,,,,,1800,11,"C","C","A","WEST FRONTAGE RD","RT 13",0,,"Y","2012-02-02",103,"2010-11-26",1526,"134","20","5","6","0","0",,"0","015","-","N",,,0,,,0,,,,"N",2,"A","-",22350,,"M","A","H","-","A","D","0","Y","-","99",0,0,1,0,0,0,0,0,0,"-","-","BERKELEY","ALAMEDA","CA",0,0
"5035252",-122.242322109,37.85756981,2010,"0103","0","4","3","11",0,2,"A","Y",,,,,900,11,"G","B","D","DOMINGO AV","RT 13",143,"N","N","2012-02-15",103,"2010-11-11",808,"102","37","5","6","0","0",,"0","008","-","Y","ALA",4,13,"-","-",10.69,"I","6","N","N",2,"A","-",21954,"A","N","A","H","-","A","D","0","Y","N","60",0,2,0,0,1,0,0,0,0,"-","-","BERKELEY","ALAMEDA","CA",0,0
"5035255",-122.295059305,37.866765505,2010,"0103","0","3","4","09",0,2,"A",,,,,,900,11,"A","C","A","8TH ST","ADDISON ST",142,"S","N","2011-12-01",103,"2010-11-17",757,"35","22","5","6","0","0",,"0","016","-","N",,,0,,,0,,,,"Y",2,"A","-",21804,"A","N","A","H","-","A","A","0","Y","A","07",0,0,2,0,0,0,0,0,0,"-","-","BERKELEY","ALAMEDA","CA",0,0
"5035256",-122.257298254,37.867111554,2010,"0103","0","5","4","06",0,1,"B",,,"Y",,,2400,11,"D","C","A","CHANNING WY","BOWDITCH ST",212,"W","N","2011-12-01",103,"2010-11-12",2239,"63","28","5","6","0","0",,"0","007","-","N",,,0,,,0,,,,"N",2,"A","-",21755,,"N","A","B","-","C","D","0","Y","C","02",0,0,1,0,0,0,0,0,1,"-","-","BERKELEY","ALAMEDA","CA",0,0
"5035259",-122.308303159,37.881815003,2010,"0103","0","2","4","09",0,1,"A",,,,,,900,11,"D","C","A","GILMAN ST","RT 80",0,,"Y","2011-12-30",103,"2010-11-16",810,"56","20","5","6","0","0",,"0","017","-","Y","ALA",4,80,"-","-",6.822,"R","4","W","N",2,"A","-",21802,"A","N","A","H","-","A","A","0","Y","A","01",0,0,1,0,0,0,0,0,0,"-","WF","BERKELEY","ALAMEDA","CA",0,0
"5035260",-122.253072135,37.857103311,2010,"0103","0","6","2","03",0,1,"A",,"Y",,,,600,11,"B","J","A","COLLEGE AV","ASHBY AV",25,"N","N","2011-12-01",103,"2010-11-13",322,"55","36","5","6","0","0",,"0","009","-","N",,,0,,,0,,,,"N",1,"A","-",22350,,"N","A","H","-","C","A","0","Y","L","04",1,0,0,0,0,0,1,0,0,"-","-","BERKELEY","ALAMEDA","CA",0,0
"5035270",-122.268102038,37.869385959,2010,"0103","0","5","3","10",0,1,"C","Y",,,,,1800,11,"G","B","B","SHATTUCK AV","ALLSTON WY",4,"N","N","2011-12-05",103,"2010-11-19",1530,"82","29","5","6","0","0",,"0","004","-","N",,,0,,,0,,,,"N",2,"A","-",21950,"A","N","B","H","-","A","A","0","Y","A","08",0,1,0,0,1,0,0,0,0,"-","-","BERKELEY","ALAMEDA","CA",0,0
"5035272",-122.273745951,37.853968085,2010,"0103","0","6","4","09",0,2,"A",,,,,,1500,11,"D","C","A","ELLIS ST","RT 13",0,,"Y","2012-02-16",103,"2010-11-13",1356,"33","34","5","6","0","0",,"0","011","-","Y","ALA",4,13,"-","-",12.44,"I","6","S","Y",4,"A","-",21802,"A","N","A","H","-","A","D","0","Y","A","01",0,0,2,0,0,0,0,0,0,"-","-","BERKELEY","ALAMEDA","CA",0,0
"5035274",-122.258166456,37.866999652,2010,"0103","0","5","2","08",0,1,"B",,"Y",,,"Y",300,11,"F","A","A","CHANNING WY","TELEGRAPH AV",192,"E","N","2011-12-05",103,"2010-11-19",157,"73","28","5","6","0","0",,"0","007","-","N",,,0,,,0,,,,"N",1,"A","-",22107,,"N","A","H","-","C","A","0","Y","L","04",1,0,0,0,0,0,1,0,0,"-","-","BERKELEY","ALAMEDA","CA",0,0
"5035276",-122.290973157,37.881475005,2010,"0103","0","6","3","09",0,1,"A",,"Y",,,,1800,11,"D","G","A","GILMAN ST","SANTA FE AV",0,,"Y","2011-12-01",103,"2010-11-13",1604,"116","19","5","6","0","0",,"0","018","-","N",,,0,,,0,,,,"N",2,"A","-",21802,"A","N","A","H","-","A","A","0","Y","A","01",0,1,0,0,0,0,1,0,0,"-","-","BERKELEY","ALAMEDA","CA",0,0
"5035277",-122.254375475,37.856861908,2010,"0103","0","1","3","09",0,1,"A",,"Y",,,,1200,11,"H","G","A","HILLEGASS ST","RT 13",0,,"Y","2012-02-15",103,"2010-11-29",906,"102","39","5","6","0","0",,"0","009","-","Y","ALA",4,13,"-","-",11.37,"I","5","N","N",2,"A","-",21801,"A","N","A","H","-","A","A","0","Y","A","01",0,1,0,0,0,0,1,0,0,"-","-","BERKELEY","ALAMEDA","CA",0,0
"5035279",-122.267495793,37.863041971,2010,"0103","0","3","3","10",0,1,"A","Y",,,,,2100,11,"G","B","B","BLAKE ST","SHATTUCK AV",30,"W","N","2011-12-01",103,"2010-11-17",1802,"131","C35","5","6","0","0",,"0","0B5","-","N",,,0,,,0,,,,"N",2,"A","-",21950,"A","N","A","H","-","C","D","0","Y","A","01",0,1,0,0,1,0,0,0,0,"-","-","BERKELEY","ALAMEDA","CA",0,0
"5035280",-122.26695315,37.858515005,2010,"0103","0","6","4","-",0,1,"A","Y",,,,,1500,11,"D","B","B","SHATTUCK AV","STUART ST",0,,"Y","2011-12-01",103,"2010-11-13",1226,"99","35","5","6","0","0",,"0","010","-","N",,,0,,,0,,,,"N",2,"A","-",0,,"N","A","H","-","A","A","0","Y","-","-",0,0,1,0,1,0,0,0,0,"-","-","BERKELEY","ALAMEDA","CA",0,0
"5035283",-122.256773149,37.868125006,2010,"0103","0","5","4","10",0,1,"B","Y",,,,,1800,11,"G","B","-","DURANT AV","BOWDITCH ST",0,,"Y","2011-12-02",103,"2010-11-05",1716,"63","28","5","6","0","0",,"0","007","-","N",,,0,,,0,,,,"N",2,"A","-",21950,"A","F","A","H","-","B","A","0","Y","A","01",0,0,1,0,1,0,0,0,0,"-","-","BERKELEY","ALAMEDA","CA",0,0
"5035287",-122.292837291,37.870867963,2010,"0103","0","5","3","17",0,1,"A",,"Y",,,,1800,11,"D","G","A","SAN PABLO AV","DELAWARE ST",250,"S","N","2012-02-15",103,"2010-11-05",1530,"156","21","5","6","0","0",,"0","016","-","Y","ALA",4,123,"-","-",3.28,"H","-","S","N",2,"A","-",22517,,"N","A","H","-","A","D","0","Y","A","01",0,1,0,0,0,0,1,0,0,"-","-","BERKELEY","ALAMEDA","CA",0,0
"5035295",-122.252513619,37.857078556,2010,"0103","0","5","4","10",0,1,"B","Y",,,,,1500,11,"G","B","B","RT 13","COLLEGE AV",12,"E","N","2012-02-15",103,"2010-11-05",1241,"110","39","5","6","0","0",,"0","009","-","Y","ALA",4,13,"-","-",11.22,"H","-","S","N",2,"A","-",21950,"A","N","A","H","-","A","A","0","Y","A","01",0,0,1,0,1,0,0,0,0,"-","-","BERKELEY","ALAMEDA","CA",0,0
"5035303",-122.269573837,37.895190349,2010,"0103","0","4","3","09",0,1,"A",,"Y",,,,1200,11,"D","G","A","SPRUCE ST","MONTROSE ST",10,"E","N","2012-04-17",103,"2010-11-04",903,"37","12","5","6","0","0",,"0","001","-","N",,,0,,,0,,,,"N",2,"A","-",21800,"A","N","A","H","-","A","A","0","Y","L","04",0,1,0,0,0,0,1,0,0,"-","-","BERKELEY","ALAMEDA","CA",0,0
"5035304",-122.305663158,37.866415003,2010,"0103","0","2","4","05",0,1,"A",,"Y",,,"Y",2400,11,"D","G","A","WEST FRONTAGE RD","UNIVERSITY AV",0,,"Y","2011-12-02",103,"2010-11-30",2107,"143","21","5","6","0","0",,"0","016","-","N",,,0,,,0,,,,"N",2,"A","-",21650,,"N","A","H","-","C","A","0","Y","L","04",0,0,1,0,0,0,1,0,0,"-","-","BERKELEY","ALAMEDA","CA",0,0
"5035308",-122.282083154,37.870445005,2010,"0103","0","1","3","10",0,1,"A","Y",,,,,900,11,"G","B","B","UNIVERSITY AV","SACRAMENT ST",0,,"Y","2011-12-02",103,"2010-11-01",720,"128","31","5","6","0","0",,"0","014","-","N",,,0,,,0,,,,"N",2,"A","-",21950,"A","F","A","H","-","A","A","0","Y","A","01",0,1,0,0,1,0,0,0,0,"-","-","BERKELEY","ALAMEDA","CA",0,0
"5035327",-122.288337843,37.881791493,2010,"0103","0","7","4","01",0,1,"C",,,,,"Y",600,11,"E","I","A","WATKINS ST","TEVLIN",67,"W","N","2011-12-02",103,"2010-11-07",456,"144","19","5","6","0","0",,"0","018","-","N",,,0,,,0,,,,"Y",1,"A","-",23152,"A","N","B","H","-","C","D","0","Y","A","01",0,0,1,0,0,0,0,0,0,"-","-","BERKELEY","ALAMEDA","CA",0,0
"5035331",-122.297651842,37.867741631,2010,"0103","0","6","4","-",0,5,"A",,,,,,2100,11,"C","C","A","6TH ST","UNIVERSITY AV",110,"S","N","2011-12-02",103,"2010-11-06",1843,"39","21","5","6","0","0",,"0","016","-","N",,,0,,,0,,,,"N",3,"A","-",0,,"N","A","H","-","C","A","0","Y","A","01",0,0,5,0,0,0,0,0,0,"-","-","BERKELEY","ALAMEDA","CA",0,0
"5035339",-122.290000443,37.851444213,2010,"0103","0","6","4","08",0,1,"A",,,,,,1800,11,"B","C","A","RT 13","7TH ST",32,"E","N","2012-02-15",103,"2010-11-06",1634,"1","20","5","6","0","0",,"0","015","-","Y","ALA",4,13,"-","-",13.43,"H","-","N","Y",3,"A","-",22107,,"N","A","H","-","A","A","0","Y","A","07",0,0,1,0,0,0,0,0,0,"-","-","BERKELEY","ALAMEDA","CA",0,0
"5035340",-122.303502734,37.866212531,2010,"0103","0","2","4","08",0,1,"A",,,,,,1800,11,"B","I","A","RT 80","HEARST AV",310,"S","N","2011-12-30",103,"2010-11-02",1704,"143","21","5","6","0","0",,"0","016","-","Y","ALA",4,80,"-","-",5.818,"R","1","E","Y",1,"A","-",22107,,"N","A","H","-","A","D","0","Y","A","01",0,0,1,0,0,0,0,0,0,"-","-","BERKELEY","ALAMEDA","CA",0,0
"5035348",-122.259132245,37.868281203,2010,"0103","0","3","3","17",0,1,"A",,"Y",,,,2100,11,"E","G","A","TELEGRAPH AV","BANCROFT WY",157,"S","N","2011-12-02",103,"2010-11-03",1928,"146","28","5","6","0","0",,"0","007","-","N",,,0,,,0,,,,"N",2,"A","-",22517,,"N","A","H","-","C","D","0","Y","A","01",0,1,0,0,0,0,1,0,0,"-","-","BERKELEY","ALAMEDA","CA",0,0
"5035356",-122.259327236,37.858913281,2010,"0103","0","3","4","06",0,1,"A",,,"Y",,,1800,11,"D","C","A","TELEGRAPH AV","OREGON ST",113,"N","N","2011-12-02",103,"2010-11-03",1746,"50","36","5","6","0","0",,"0","009","-","N",,,0,,,0,,,,"N",2,"A","-",21755,,"N","A","H","-","A","A","0","Y","C","03",0,0,1,0,0,0,0,0,1,"-","-","BERKELEY","ALAMEDA","CA",0,0
"5040089",-122.293103155,37.871685004,2010,"0103","0","2","4","09",0,1,"A",,,,,,900,11,"D","C","A","SAN PABLO AV","DELAWARE ST",0,,"Y","2011-11-21",103,"2010-11-09",701,"37","21","5","6","0","0",,"0","016","-","N",,,0,,,0,,,,"Y",2,"A","-",21453,"C","N","A","H","-","A","A","0","Y","A","01",0,0,1,0,0,0,0,0,0,"-","-","BERKELEY","ALAMEDA","CA",0,0
"5040154",-122.273223154,37.873345006,2010,"0103","0","1","3","00",0,1,"A",,"Y",,,,2400,11,"D","G","A","HEARST ST","MARTIN LUTHER KING JR WY",0,,"Y","2011-11-21",103,"2010-11-08",2134,"104","24","5","6","0","0",,"0","003","-","N",,,0,,,0,,,,"N",2,"D","-",0,,"N","A","H","-","C","A","0","Y","-","-",0,1,0,0,0,0,1,0,0,"-","-","BERKELEY","ALAMEDA","CA",0,0
"5040312",-122.306483159,37.878325004,2010,"0103","0","7","3","09",0,2,"A",,,"Y",,,1800,8,"-","-","A","GILMAN ST","EASTSHORE HWY",0,,"Y","2011-09-15",103,"2010-08-22",1703,"116","20","5","6","0","0",,"0","017","-","N",,,0,,,0,,,,"Y",2,"A","-",21802,"A","N","A","H","-","A","B","0","Y","A","01",0,2,0,0,0,0,0,0,2,"-","-","BERKELEY","ALAMEDA","CA",0,0
"5040316",-122.270879709,37.850575328,2010,"0103","0","4","4","03",0,1,"A",,,,,,1800,7,"C","C","A","ADELINE ST","FAIRVIEW",30,"S","N","2011-08-25",103,"2010-07-08",1545,"9","20","5","6","0","0",,"0","011","-","N",,,0,,,0,,,,"N",3,"A","-",22350,,"N","A","H","-","A","D","0","Y","A","01",0,0,1,0,0,0,0,0,0,"-","-","BERKELEY","ALAMEDA","CA",0,0
"5041135",-122.281273153,37.862165004,2010,"0103","0","3","4","09",0,1,"A",,"Y",,,,1800,7,"D","G","A","DWIGHT WY","SACRAMENTO ST",0,,"Y","2011-08-30",103,"2010-07-21",1630,"151","33","5","6","0","0",,"0","014","-","N",,,0,,,0,,,,"N",2,"A","-",21801,"A","N","A","H","-","A","A","0","Y","A","01",0,0,1,0,0,0,1,0,0,"-","-","BERKELEY","ALAMEDA","CA",0,0
"5041161",-122.243919782,37.858361981,2010,"0103","0","4","4","17",0,1,"A",,"Y",,,,1800,4,"B","G","A","DOMINGO AV","ASHBY AV",105,"N","N","2011-04-13",103,"2010-04-22",1555,"8","38","5","6","0","0",,"0","008","-","N",,,0,,,0,,,,"N",2,"A","-",22517,,"N","A","H","-","A","D","0","Y","A","01",0,0,1,0,0,0,1,0,0,"-","-","BERKELEY","ALAMEDA","CA",0,0
"5049127",-122.279913156,37.891315007,2010,"0103","0","2","4","03",0,1,"A",,,,,,1200,12,"C","C","A","SOLANO AV","COLUSA AV",0,,"Y","2011-12-06",103,"2010-12-07",936,"40","13","5","6","0","0",,"0","001","-","N",,,0,,,0,,,,"N",2,"A","-",22350,,"M","A","H","-","A","D","0","Y","-","99",0,0,1,0,0,0,0,0,0,"-","-","BERKELEY","ALAMEDA","CA",0,0
"5049131",-122.268211323,37.863856996,2010,"0103","0","2","4","11",0,1,"A","Y",,,,,1200,12,"A","B","D","DWIGHT WY","SHATTUCK AV",216,"W","N","2011-12-06",103,"2010-12-07",946,"32","35","5","6","0","0",,"0","005","-","N",,,0,,,0,,,,"N",2,"A","-",21954,"A","N","A","H","-","A","D","0","Y","N","60",0,0,1,0,1,0,0,0,0,"-","-","BERKELEY","ALAMEDA","CA",0,0
"5049135",-122.298573157,37.870595003,2010,"0103","0","2","4","10",0,1,"A","Y",,,,,1800,12,"D","B","B","6TH ST","DELAWARE ST",0,,"Y","2011-12-06",103,"2010-12-07",1739,"143","21","5","6","0","0",,"0","016","-","N",,,0,,,0,,,,"N",2,"A","-",21950,"A","N","A","H","-","C","D","0","Y","A","01",0,0,1,0,1,0,0,0,0,"-","-","BERKELEY","ALAMEDA","CA",0,0
"5049151",-122.266633153,37.886065008,2010,"0103","0","1","3","03",0,2,"A","Y","Y",,,,900,12,"G","B","B","SPRUCE ST","EUNICE AV",0,,"Y","2011-12-06",103,"2010-12-06",600,"64","17","5","6","0","0",,"0","002","-","N",,,0,,,0,,,,"N",2,"A","-",22350,,"N","A","H","-","C","A","0","Y","L","04",0,2,0,0,1,0,1,0,0,"-","-","BERKELEY","ALAMEDA","CA",0,0