"CASEID","POINT_X","POINT_Y","YEAR_","LOCATION","CHPTYPE","DAYWEEK","CRASHSEV","VIOLCAT","KILLED","INJURED","WEATHER1","PEDCOL","BICCOL","MCCOL","TRUCKCOL","ETOH","TIMECAT","MONTH_","CRASHTYP","INVOLVE","PED","PRIMARYRD","SECONDRD","DISTANCE","DIRECT","INTERSECT_","PROCDATE","JURIS","DATE_","TIME_","BADGE","JURIDIST","SHIFT","POP","SPECIAL","BEATTYPE","LAPDDIV","BEATCLAS","BEATNUMB","WEATHER2","STATEHW","CALTRANC","CALTRAND","STROUTE","ROUTESUF","POSTPRE","POSTMILE","LOCATYPE","RAMP","SIDEHW","TOWAWAY","PARTIES","PCF","VIOLCODE","VIOL","VIOLSUB","HITRUN","ROADSURF","RDCOND1","RDCOND2","LIGHTING","RIGHTWAY","CHPRDTYP","NOTPRIV","STFAULT","CHPFAULT","SEVINJ","OTHERINJ","COP","PEDKILL","PEDINJ","BICKILL","BICINJ","MCKILL","MCINJURE","RAMP1","RAMP2","CITY","COUNTY","STATE","X_CHP","Y_CHP"
"5307298",-122.306997611,37.876522987,2010,"0103","1","3","4","07",0,1,"A",,,,,,1800,12,"C","C","A","RT 80","GILMAN ST",300,"W","N","2012-04-02",9370,"2010-12-29",1627,"18499",,"2","6","0","1",,"2","005","-","Y","ALA",4,80,"-","-",6.56,"H","-","W","N",2,"A","-",21658,"A","N","A","H","-","A","D","6","Y","A","01",0,0,1,0,0,0,0,0,0,"-","-","BERKELEY","ALAMEDA","CA",-122.3071,37.8774
"5308206",-122.303855996,37.866458137,2011,"0103","1","3","4","03",0,2,"A",,,,,,1200,7,"C","C","A","RT 80","UNIVERSITY AV",126,"E","N","2012-10-12",9370,"2011-07-27",932,"019783",,"1","6","0","1",,"2","081","-","Y","ALA",4,80,"-","-",5.86,"H","-","W","Y",4,"A","-",22350,,"N","A","H","-","A","D","6","Y","A","01",0,0,2,0,0,0,0,0,0,"-","-","BERKELEY","ALAMEDA","CA",-122.18143,37.52017
"5308222",-122.303689328,37.8659465098,2011,"0103","1","1","4","03",0,1,"A",,,,,,1800,7,"C","C","A","RT 80","UNIVERSITY AV",117,"W","N","2012-10-12",9370,"2011-07-25",1750,"020286",,"2","6","0","1",,"2","081","-","Y","ALA",4,80,"-","-",5.82,"H","-","W","N",2,"A","-",22350,,"N","A","H","-","A","D","6","Y","A","01",0,0,1,0,0,0,0,0,0,"-","-","BERKELEY","ALAMEDA","CA",-122.30363,37.86626
"5308248",-122.302871026,37.8630070535,2011,"0103","1","1","4","03",0,1,"A",,,,,,1200,4,"C","C","A","RT 80","UNIVERSITY AV",1320,"W","N","2012-10-05",9370,"2011-04-11",940,"14822",,"1","6","0","1",,"2","081","-","Y","ALA",4,80,"-","-",5.59,"H","-","W","Y",3,"A","-",22350,,"N","A","H","-","A","D","6","Y","A","01",0,0,1,0,0,0,0,0,0,"-","-","BERKELEY","ALAMEDA","CA",-122.30159,37.85891
"5308423",-122.307744566,37.8803320412,2011,"0103","1","4","4","03",0,1,"A",,,,,,1800,7,"C","C","A","RT 80","GILMAN ST",300,"E","N","2013-04-11",9370,"2011-07-21",1659,"020129",,"2","6","0","1",,"2","081","-","Y","ALA",4,80,"-","-",6.74,"H","-","E","Y",4,"A","-",22350,,"N","A","H","-","A","D","6","Y","A","07",0,0,1,0,0,0,0,0,0,"-","-","BERKELEY","ALAMEDA","CA",-122.30911,37.88493
"5308506",-122.308490361,37.8825907717,2011,"0103","1","2","4","03",0,1,"C",,,,,,1500,6,"C","C","A","RT 80","GILMAN ST",1056,"E","N","2012-09-27",9370,"2011-06-28",1450,"018317",,"2","6","0","1",,"2","081","-","Y","ALA",4,80,"-","-",6.88,"H","-","W","N",2,"A","-",22350,,"N","B","H","-","A","D","6","Y","A","01",0,0,1,0,0,0,0,0,0,"-","-","BERKELEY","ALAMEDA","CA",-122.30747,37.88716
"5308552",-122.308198915,37.881377177,2011,"0103","1","3","4","03",0,2,"B",,,,,,1200,6,"C","C","A","RT 80","GILMAN ST",1584,"E","N","2012-11-28",9370,"2011-06-01",1015,"20286",,"1","6","0","1",,"2","081","-","Y","ALA",4,80,"-","R",6.98,"H","-","W","Y",2,"A","-",22350,,"N","B","H","-","A","D","6","Y","A","01",0,0,2,0,0,0,0,0,0,"-","-","BERKELEY","ALAMEDA","CA",-122.30838,37.88249
"5308567",-122.305021399,37.8700388651,2011,"0103","1","2","4","03",0,1,"B",,,,,,1800,5,"C","C","A","RT 80","UNIVERSITY AV",1580,"E","N","2012-09-26",9370,"2011-05-31",1509,"20258",,"2","6","0","1",,"2","081","-","Y","ALA",4,80,"-","-",6.14,"H","-","W","Y",2,"A","-",22350,,"N","B","H","-","A","D","6","Y","A","01",0,0,1,0,0,0,0,0,0,"-","-","BERKELEY","ALAMEDA","CA",-122.30518,37.87103
"5308771",-122.307759869,37.8793393786,2011,"0103","1","7","4","07",0,1,"C",,,,,,900,1,"B","C","A","RT 80","GILMAN ST",100,"E","N","2012-06-07",9370,"2011-01-30",600,"19059",,"1","6","0","1",,"2","081","-","Y","ALA",4,80,"-","-",6.7,"H","-","W","Y",2,"A","-",21658,"A","N","B","H","-","C","D","6","Y","A","07",0,0,1,0,0,0,0,0,0,"-","-","BERKELEY","ALAMEDA","CA",-122.18272,37.52425
"5308844",-122.299350729,37.8501235129,2011,"0103","1","4","3","07",0,1,"A",,,"Y",,,1800,4,"B","C","A","RT 80","ASHBY AV",1056,"E","N","2012-09-26",9370,"2011-04-21",1610,"18317",,"2","6","0","1",,"2","081","-","Y","ALA",4,80,"-","-",4.65,"H","-","W","Y",2,"A","-",21658,"A","N","A","H","-","A","D","6","Y","A","01",0,1,0,0,0,0,0,0,1,"-","-","BERKELEY","ALAMEDA","CA",-122.29952,37.85042
"5309446",-122.308303159,37.8818150035,2011,"0103","0","3","4","09",0,1,"A",,,,,,1800,8,"D","C","A","GILMAN ST","RT 80",0,,"Y","2013-04-08",103,"2011-08-31",1616,"74","20","5","6","0","0",,"0","017","-","Y","ALA",4,80,"-","-",6.822,"R","4","W","Y",2,"A","-",21802,"A","N","A","H","-","A","A","0","Y","A","01",0,0,1,0,0,0,0,0,0,"-","WF","BERKELEY","ALAMEDA","CA",0,0
"5309449",-122.269908002,37.8638428494,2011,"0103","0","4","3","08",0,1,"A",,"Y",,,,1500,8,"D","G","A","MILVIA ST","DWIGHT WY",76,"N","N","2012-12-10",103,"2011-08-18",1445,"37","29","5","6","0","0",,"0","005","-","N",,,0,,,0,,,,"N",2,"A","-",22100,"B","N","A","H","-","A","A","0","Y","A","01",0,1,0,0,0,0,1,0,0,"-","-","BERKELEY","ALAMEDA","CA",0,0
"5309450",-122.27226,37.89004,2011,"0103","0","3","4","03",0,1,"A",,,,,,900,8,"C","C","A","DEL NORTE BL","MARIN AV",0,,"Y","2012-12-08",103,"2011-08-31",835,"37","12","5","6","0","0",,"0","001","-","N",,,0,,,0,,,,"N",2,"A","-",22350,,"N","A","H","-","A","A","0","Y","A","07",0,0,1,0,0,0,0,0,0,"-","-","BERKELEY","ALAMEDA","CA",0,0
"5309451",-122.28757,37.86974,2011,"0103","0","6","4","03",0,1,"A",,,,,,1200,8,"C","C","A","UNIVERSITY AV","BONAR ST",0,"E","N","2012-12-10",103,"2011-08-27",1050,"108","31","5","6","0","0",,"0","018","-","N",,,0,,,0,,,,"N",2,"A","-",22350,,"N","A","H","-","A","A","0","Y","A","07",0,0,1,0,0,0,0,0,0,"-","-","BERKELEY","ALAMEDA","CA",0,0
"5309453",-122.268974843,37.876618676,2011,"0103","0","4","3","03",0,1,"A",,"Y",,,,1500,8,"D","G","A","SHATTUCK AV","VIRGINIA ST",5,"N","N","2012-12-10",103,"2011-08-18",1440,"7","24","5","6","0","0",,"0","002","-","N",,,0,,,0,,,,"N",2,"A","-",22350,,"N","A","H","-","A","D","0","Y","A","01",0,1,0,0,0,0,1,0,0,"-","-","BERKELEY","ALAMEDA","CA",0,0
"5309458",-122.28001,37.87241,2011,"0103","0","1","4","09",0,1,"A",,"Y",,,,900,8,"D","G","A","HEARST AV","CALIFORNIA ST",0,,"Y","2012-12-08",103,"2011-08-29",841,"109","23","5","6","0","0",,"0","003","-","N",,,0,,,0,,,,"N",2,"A","-",21804,"A","N","A","H","-","A","A","0","Y","L","04",0,0,1,0,0,0,1,0,0,"-","-","BERKELEY","ALAMEDA","CA",0,0
"5309459",0,0,2011,"0103","0","1","3","03",0,1,"A",,"Y",,,,1800,8,"F","A","A","BOLIVAR DR","SAN FRANCISCO BAY TRL",2000,"N","N","2012-12-26",103,"2011-08-22",1638,"57","20","5","6","0","0",,"0","015","-","N",,,0,,,0,,,,"N",1,"A","-",22350,,"N","A","D","-","A","A","0","Y","L","04",0,1,0,0,0,0,1,0,0,"-","-","BERKELEY","ALAMEDA","CA",0,0
"5309461",-122.28143,37.86399,2011,"0103","0","2","3","09",0,1,"A",,"Y",,,,2400,8,"D","G","A","SACRAMENTO ST","CHANNING WY",0,,"Y","2012-12-10",103,"2011-08-16",2108,"146","31","5","6","0","0",,"0","005","-","N",,,0,,,0,,,,"N",2,"A","-",21802,"A","N","A","H","-","C","D","0","Y","L","04",0,1,0,0,0,0,1,0,0,"-","-","BERKELEY","ALAMEDA","CA",0,0
"5309462",-122.30647,37.87832,2011,"0103","0","1","4","09",0,1,"A",,,,,,900,8,"D","C","A","GILMAN AV","EASTSHORE WY",0,,"Y","2012-12-08",103,"2011-08-29",723,"4","20","5","6","0","0",,"0","017","-","N",,,0,,,0,,,,"Y",2,"A","-",21802,"A","N","A","H","-","A","A","0","Y","A","01",0,0,1,0,0,0,0,0,0,"-","-","BERKELEY","ALAMEDA","CA",0,0
"5309465",-122.27757,37.87101,2011,"0103","0","1","3","06",0,1,"A","Y",,,,,1800,8,"G","B","B","UNIVERSITY AV","MCGEE AV",0,,"Y","2012-12-10",103,"2011-08-15",1643,"57","30","5","6","0","0",,"0","004","-","N",,,0,,,0,,,,"N",2,"A","-",21951,,"N","A","H","-","A","D","0","Y","A","01",0,1,0,0,1,0,0,0,0,"-","-","BERKELEY","ALAMEDA","CA",0,0
"5309466",-122.28707,37.85296,2011,"0103","0","7","4","03",0,3,"A",,,,,,1800,8,"C","C","A","SAN PABLO AV","BURNETT ST",0,,"Y","2012-12-20",103,"2011-08-28",1501,"75","20","5","6","0","0",,"0","013","B","N",,,0,,,0,,,,"Y",3,"A","-",22350,,"N","A","H","-","A","D","0","Y","A","01",0,0,3,0,0,0,0,0,0,"-","-","BERKELEY","ALAMEDA","CA",0,0
"5309467",-122.244480017,37.8592484843,2011,"0103","0","1","2","03",0,1,"B",,"Y",,,,1200,8,"F","G","A","CLAREMONT AV","RUSSELL ST",100,"N","N","2012-12-10",103,"2011-08-22",1132,"57","37","5","6","0","0",,"0","010","-","N",,,0,,,0,,,,"N",1,"A","-",22350,,"N","A","H","-","A","D","0","Y","L","04",1,0,0,0,0,0,1,0,0,"-","-","BERKELEY","ALAMEDA","CA",0,0
"5309469",-122.25781,37.8652,2011,"0103","0","1","3","09",0,1,"A",,"Y",,,,1500,8,"D","G","A","DWIGHT WY","REGENT ST",0,,"Y","2012-12-10",103,"2011-08-15",1333,"128","36","5","6","0","0",,"0","007","-","N",,,0,,,0,,,,"N",2,"A","-",21804,"A","N","A","H","-","A","D","0","Y","L","04",0,1,0,0,0,0,1,0,0,"-","-","BERKELEY","ALAMEDA","CA",0,0
"5309482",-122.270985981,37.8690103565,2011,"0103","0","5","4","09",0,1,"A",,,"Y",,,2100,8,"A","C","A","ALLSTON WY","MILVIA ST",147,"W","N","2012-12-20",103,"2011-08-26",2010,"49","29","5","6","0","0",,"0","004","-","N",,,0,,,0,,,,"N",2,"A","-",21801,"A","N","A","H","-","B","D","0","Y","A","01",0,0,1,0,0,0,0,0,1,"-","-","BERKELEY","ALAMEDA","CA",0,0
"5309489",-122.294150733,37.8753182102,2011,"0103","0","5","4","09",0,1,"A",,,,,,1200,8,"D","C","A","SAN PABLO AV","CEDAR ST",0,,"Y","2013-04-17",103,"2011-08-19",1140,"151","22","5","6","0","0",,"0","018","-","Y","ALA",4,123,"-","-",3.6,"I","5","N","Y",2,"A","-",21801,"A","N","A","H","-","A","A","0","Y","A","01",0,0,1,0,0,0,0,0,0,"-","-","BERKELEY","ALAMEDA","CA",0,0
"5309490",0,0,2011,"0103","0","4","4","09",0,1,"A",,"Y",,,"Y",2100,8,"D","G","A","STANFORD AV","KING ST",0,,"Y","2012-12-20",103,"2011-08-25",1823,"144","40","5","6","0","0",,"0","011","-","N",,,0,,,0,,,,"N",2,"A","-",21804,"A","N","A","H","-","A","D","0","Y","L","04",0,0,1,0,0,0,1,0,0,"-","-","BERKELEY","ALAMEDA","CA",0,0
"5309494",-122.281555315,37.8531666468,2011,"0103","0","3","3","10",0,1,"A","Y",,,,"Y",2400,8,"G","B","B","ASHBY AV","ACTON ST",0,,"Y","2013-04-08",103,"2011-08-24",2138,"69","33","5","6","0","0",,"0","013","-","Y","ALA",4,13,"-","-",12.89,"I","5","N","N",2,"A","-",21950,"A","N","A","H","-","C","A","0","Y","A","01",0,1,0,0,1,0,0,0,0,"-","-","BERKELEY","ALAMEDA","CA",0,0
"5309498",-122.25885,37.86233,2011,"0103","0","3","4","08",0,1,"A",,,,,,1500,8,"B","C","A","TELEGRAPH AV","CARLETON ST",0,,"Y","2012-12-08",103,"2011-08-24",1213,"32","36","5","6","0","0",,"0","006","-","N",,,0,,,0,,,,"N",2,"A","-",22107,,"N","A","H","-","A","D","0","Y","A","07",0,0,1,0,0,0,0,0,0,"-","-","BERKELEY","ALAMEDA","CA",0,0
"5309501",-122.295829896,37.8802257133,2011,"0103","0","6","3","17",0,1,"A",,,,,,1800,8,"B","E","A","SAN PABLO AV","GILMAN ST",89,"S","N","2012-12-08",103,"2011-08-20",1608,"116","19","5","6","0","0",,"0","017","-","N",,,0,,,0,,,,"Y",2,"A","-",22517,,"N","A","H","-","A","D","0","Y","A","01",0,1,0,0,0,0,0,0,0,"-","-","BERKELEY","ALAMEDA","CA",0,0
"5309506",-122.303023235,37.8669718132,2011,"0103","0","2","3","03",0,1,"A",,,"Y",,,1800,8,"E","I","A","UNIVERSITY AV","WEST FRONTAGE RD",790,"E","N","2012-12-08",103,"2011-08-30",1539,"57","20","5","6","0","0",,"0","016","-","N",,,0,,,0,,,,"Y",1,"A","-",22350,,"N","A","H","-","A","A","0","Y","C","02",0,1,0,0,0,0,0,0,1,"-","-","BERKELEY","ALAMEDA","CA",0,0
"5309510",-122.296414305,37.880361675,2011,"0103","0","2","4","08",0,2,"B",,,,,,900,8,"B","C","A","GILMAN ST","SAN PABLO AV",155,"W","N","2012-12-08",103,"2011-08-30",714,"56","19","5","6","0","0",,"0","017","-","N",,,0,,,0,,,,"N",2,"A","-",22107,,"N","A","H","-","A","D","0","Y","A","01",0,0,2,0,0,0,0,0,0,"-","-","BERKELEY","ALAMEDA","CA",0,0
"5309515",-122.253022794,37.8566079909,2011,"0103","0","1","4","08",0,1,"A",,,"Y",,,2100,8,"B","C","A","COLLEGE AV","ASHBY AV",156,"S","N","2012-12-10",103,"2011-08-22",2057,"10","39","5","6","0","0",,"0","009","-","N",,,0,,,0,,,,"N",2,"A","-",22102,,"N","A","H","-","C","D","0","Y","A","01",0,0,1,0,0,0,0,0,1,"-","-","BERKELEY","ALAMEDA","CA",0,0
"5309517",-122.29773,37.86803,2011,"0103","0","5","4","03",0,2,"A",,,,,,2100,8,"C","C","A","UNIVERSITY AV","6TH ST",0,,"Y","2012-12-08",103,"2011-08-19",2014,"156","21","5","6","0","0",,"0","016","-","N",,,0,,,0,,,,"Y",2,"A","-",22350,,"N","A","H","-","C","D","0","Y","A","01",0,0,2,0,0,0,0,0,0,"-","-","BERKELEY","ALAMEDA","CA",0,0
"5309519",-122.261477117,37.8683951697,2011,"0103","0","1","4","10",0,1,"A","Y",,,,,1800,8,"G","B","B","DANA ST","BANCROFT WY",11,"S","N","2012-12-10",103,"2011-08-22",1758,"73","14","5","6","0","0",,"0","006","-","N",,,0,,,0,,,,"N",2,"A","-",21950,"A","N","A","H","-","A","A","0","Y","A","01",0,0,1,0,1,0,0,0,0,"-","-","BERKELEY","ALAMEDA","CA",0,0
"5309521",0,0,2011,"0103","0","3","3","01",0,3,"A",,,,,"Y",300,8,"F","I","A","ADELINE ST","KING ST",0,,"Y","2012-12-11",103,"2011-08-10",111,"155","40","5","6","0","0",,"0","011","-","N",,,0,,,0,,,,"Y",1,"A","-",23153,"A","N","A","H","-","C","A","0","Y","A","01",0,2,1,0,0,0,0,0,0,"-","-","BERKELEY","ALAMEDA","CA",0,0
"5309530",-122.268576444,37.872202647,2011,"0103","0","6","3","03",0,5,"A",,,,,,1500,8,"C","C","A","UNIVERSITY AV","N SHATTUCK ST",33,"W","N","2012-12-11",103,"2011-08-13",1322,"82","29","5","6","0","0",,"0","004","-","N",,,0,,,0,,,,"N",2,"A","-",22350,,"N","A","H","-","A","A","0","Y","A","01",0,1,4,0,0,0,0,0,0,"-","-","BERKELEY","ALAMEDA","CA",0,0
"5309533",-122.307903159,37.8814650036,2011,"0103","0","7","4","09",0,1,"A",,"Y",,,"Y",1800,8,"D","G","A","GILMAN ST","RT 80",0,,"Y","2013-04-17",103,"2011-08-07",1614,"75","20","5","6","0","0",,"0","017","-","Y","ALA",4,80,"-","-",6.79,"R","4","E","N",2,"A","-",21801,"A","N","A","H","-","A","D","0","Y","A","08",0,0,1,0,0,0,1,0,0,"-","-","BERKELEY","ALAMEDA","CA",0,0
"5309537",0,0,2011,"0103","0","1","2","-",0,1,"B",,"Y",,,,1200,8,"D","G","A","COLBY ST","ASHBY AV",0,,"Y","2012-12-11",103,"2011-08-08",1005,"57","39","5","6","0","0",,"0","010","-","N",,,0,,,0,,,,"N",2,"A","-",0,,"N","A","H","-","A","A","0","Y","-","-",1,0,0,0,0,0,1,0,0,"-","-","BERKELEY","ALAMEDA","CA",0,0
"5309545",-122.263663598,37.8556555028,2011,"0103","0","1","4","03",0,2,"A",,,,,,1800,8,"C","C","A","ASHBY AV","FULTON ST",44,"W","N","2012-12-11",103,"2011-08-08",1600,"57","35","5","6","0","0",,"0","010","-","N",,,0,,,0,,,,"Y",3,"A","-",22350,,"N","A","H","-","A","D","0","Y","A","08",0,0,2,0,0,0,0,0,0,"-","-","BERKELEY","ALAMEDA","CA",0,0
"5309557",-122.272291273,37.8541674481,2011,"0103","0","1","2","08",0,1,"A",,,"Y",,,1800,8,"D","C","A","ASHBY AV","HARPER ST",17,"W","N","2012-12-11",103,"2011-08-01",1753,"57","34","5","6","0","0",,"0","012","-","N",,,0,,,0,,,,"Y",2,"A","-",22103,,"N","A","H","-","A","D","0","Y","A","01",1,0,0,0,0,0,0,0,1,"-","-","BERKELEY","ALAMEDA","CA",0,0
"5309569",-122.270930401,37.8496981474,2011,"0103","0","3","3","11",0,1,"A","Y",,,,,1800,8,"G","B","E","HARMON ST","ADELINE ST",76,"E","N","2012-12-11",103,"2011-08-03",1529,"57","39","5","6","0","0",,"0","010","-","N",,,0,,,0,,,,"N",2,"A","-",21954,"A","N","A","G","-","A","D","0","Y","-","-",0,1,0,0,1,0,0,0,0,"-","-","BERKELEY","ALAMEDA","CA",0,0
"5309585",-122.26738,37.86305,2011,"0103","0","6","4","03",0,2,"A",,,,,,1800,8,"C","C","A","SHATTUCK AV","BLAKE ST",0,,"Y","2012-12-11",103,"2011-08-06",1611,"126","35","5","6","0","0",,"0","005","-","N",,,0,,,0,,,,"N",3,"A","-",22350,,"N","A","H","-","A","D","0","Y","A","01",0,0,2,0,0,0,0,0,0,"-","-","BERKELEY","ALAMEDA","CA",0,0
"5309593",-122.26652,37.85527,2011,"0103","0","7","4","08",0,2,"A",,,,,,1500,8,"A","C","A","ASHBY AV","SHATTUCK AV",0,,"Y","2013-04-15",103,"2011-08-07",1405,"51","39","5","6","0","0",,"0","010","-","N",,,0,,,0,,,,"Y",2,"A","-",22107,,"N","A","H","-","A","A","0","Y","A","01",0,0,2,0,0,0,0,0,0,"-","-","BERKELEY","ALAMEDA","CA",0,0
"5309597",-122.294385919,37.868700593,2011,"0103","0","7","4","03",0,2,"B",,,,,,1500,8,"C","C","A","UNIVERSITY AV","9TH ST",23,"E","N","2012-12-11",103,"2011-08-07",1417,"20","32","5","6","0","0",,"0","016","-","N",,,0,,,0,,,,"N",2,"A","-",22350,,"N","A","H","-","A","A","0","Y","A","01",0,0,2,0,0,0,0,0,0,"-","-","BERKELEY","ALAMEDA","CA",0,0
"5311338",-122.298577432,37.8467233497,2011,"0103","1","4","4","03",0,2,"A",,,,,,1500,7,"C","C","A","RT 80","ASHBY AV",205,"E","N","2013-02-05",9370,"2011-07-28",1238,"18954",,"1","6","0","1",,"2","081","-","Y","ALA",4,80,"-","-",4.49,"H","-","W","Y",3,"A","-",22350,,"N","A","H","-","A","D","6","Y","A","07",0,0,2,0,0,0,0,0,0,"-","-","BERKELEY","ALAMEDA","CA",-122.18008,37.51142
"5314350",-122.308333289,37.8833879084,2011,"0103","1","1","4","03",0,1,"A",,,,,,1800,3,"C","C","A","RT 80","GILMAN ST",1050,"E","N","2012-06-07",9370,"2011-03-07",1640,"013964",,"2","6","0","1",,"2","081","-","Y","ALA",4,80,"-","R",7.09,"H","-","E","N",4,"A","-",22350,,"M","A","H","-","A","D","6","Y","A","07",0,0,1,0,0,0,0,0,0,"-","-","BERKELEY","ALAMEDA","CA",-122.30788,37.88111
"5314373",-122.339567466,37.8198718855,2011,"0103","1","6","3","08",0,1,"B",,,,,,900,3,"E","I","A","RT 80","BUCHANAN ST",1460,"W","N","2012-06-13",9370,"2011-03-26",850,"020146",,"1","6","0","1",,"2","081","C","Y","ALA",4,80,"-","-",0.692,"H","-","W","Y",1,"A","-",22107,,"N","B","H","-","A","D","6","Y","A","07",0,1,0,0,0,0,0,0,0,"-","-","BERKELEY","ALAMEDA","CA",-122.18306,37.53008
"5314556",-122.302986525,37.8647160676,2011,"0103","1","6","4","03",0,1,"B",,,,,,1200,3,"C","C","A","RT 80","UNIVERSITY AV",100,"W","N","2012-06-07",9370,"2011-03-19",900,"20146",,"1","6","0","1",,"2","081","C","Y","ALA",4,80,"-","-",5.747,"R","3","E","N",2,"A","-",22350,,"N","B","H","-","A","D","6","Y","A","01",0,0,1,0,0,0,0,0,0,"TO","-","BERKELEY","ALAMEDA","CA",-122.18109,37.51595
"5314609",-122.305261319,37.8708080957,2011,"0103","1","4","4","05",0,2,"A",,,,,,900,4,"C","E","A","RT 80","UNIVERSITY AV",1876,"E","N","2012-12-31",9370,"2011-04-07",717,"19561",,"1","6","0","1",,"2","081","-","Y","ALA",4,80,"-","-",6.2,"H","-","W","Y",2,"A","-",21651,"A","N","A","H","-","A","D","6","Y","A","07",0,0,2,0,0,0,0,0,0,"-","-","BERKELEY","ALAMEDA","CA",-122.18195,37.52188
"5316909",-122.307892954,37.8799756108,2011,"0103","1","4","4","07",0,1,"A",,,,,,2100,3,"B","C","A","RT 80","GILMAN ST",1160,"E","N","2012-06-13",9370,"2011-03-31",2000,"20107",,"2","6","0","1",,"2","081","-","Y","ALA",4,80,"-","R",6.9,"H","-","W","Y",2,"A","-",21658,"A","N","A","H","-","C","D","6","Y","A","01",0,0,1,0,0,0,0,0,0,"-","-","BERKELEY","ALAMEDA","CA",0,0
"5318152",-122.304262156,37.8688068065,2011,"0103","1","3","4","03",0,1,"A",,,,,,2400,2,"C","C","A","RT 80","UNIVERSITY AV",514,"W","N","2012-06-07",9370,"2011-02-09",2359,"18896",,"3","6","0","1",,"2","081","-","Y","ALA",4,80,"-","-",5.94,"H","-","E","Y",2,"A","-",22350,,"N","A","H","-","D","D","6","Y","A","07",0,0,1,0,0,0,0,0,0,"-","-","BERKELEY","ALAMEDA","CA",-122.18095,37.51472
"5318522",-122.303006911,37.8647795574,2011,"0103","1","3","3","03",0,2,"A",,,,,,2400,2,"C","C","A","RT 80","UNIVERSITY AV",500,"W","N","2012-06-07",9370,"2011-02-09",2358,"18864",,"3","6","0","1",,"2","081","-","Y","ALA",4,80,"-","-",5.75,"H","-","E","Y",2,"A","-",22350,,"N","A","H","-","C","D","6","Y","A","01",0,1,1,0,0,0,0,0,0,"-","-","BERKELEY","ALAMEDA","CA",-122.18095,37.51472
"5318572",-122.297884938,37.8437488566,2011,"0103","1","1","4","03",0,1,"B",,,,,,1500,1,"C","C","A","RT 80","ASHBY AV",528,"W","N","2012-06-07",9370,"2011-01-24",1458,"010663",,"2","6","0","1",,"2","081","-","Y","ALA",4,80,"-","-",4.35,"H","-","W","N",4,"A","-",22350,,"M","A","H","-","A","D","6","Y","-","-",0,0,1,0,0,0,0,0,0,"-","-","BERKELEY","ALAMEDA","CA",-122.17551,37.50514
"5330734",-122.259734638,37.8561030991,2011,"0103","0","4","4","-",0,1,"B",,,,"Y",,1800,9,"B","C","A","TELEGRAPH AV","ASHBY AV",30,"S","N","2012-12-14",103,"2011-09-29",1530,"63","39","5","6","0","0",,"0","009","-","N",,,0,,,0,,,,"N",2,"A","-",0,,"N","A","H","-","A","A","0","Y","F","55",0,0,1,0,0,0,0,0,0,"-","-","BERKELEY","ALAMEDA","CA",0,0
"5330754",-122.26746,37.86395,2011,"0103","0","3","4","15",0,1,"A",,"Y",,,,2100,9,"B","G","A","SHATTUCK AV","DWIGHT WY",0,,"Y","2012-12-18",103,"2011-09-21",2024,"16","35","5","6","0","0",,"0","005","-","N",,,0,,,0,,,,"N",2,"A","-",21201,"A","F","A","H","-","C","D","0","Y","L","04",0,0,1,0,0,0,1,0,0,"-","-","BERKELEY","ALAMEDA","CA",0,0
"5330762",-122.26544,37.87426,2011,"0103","0","2","4","03",0,1,"A",,,,,,1800,9,"C","C","A","HEARST AV","SPRUCE ST",0,,"Y","2012-12-18",103,"2011-09-20",1635,"8","24","5","6","0","0",,"0","002","-","N",,,0,,,0,,,,"N",2,"A","-",22350,,"N","A","H","-","A","D","0","Y","A","01",0,0,1,0,0,0,0,0,0,"-","-","BERKELEY","ALAMEDA","CA",0,0
"5330771",-122.26598,37.86783,2011,"0103","0","2","3","17",0,1,"A",,"Y",,,,2100,9,"D","G","A","BANCROFT WY","FULTON ST",0,,"Y","2012-12-18",103,"2011-09-06",1816,"60","28","5","6","0","0",,"0","005","-","N",,,0,,,0,,,,"N",2,"A","-",21663,,"N","A","H","-","A","A","0","Y","L","04",0,1,0,0,0,0,1,0,0,"-","-","BERKELEY","ALAMEDA","CA",0,0
"5330779",-122.277917522,37.8478615662,2011,"0103","0","7","4","03",0,1,"A",,,,,,1200,9,"C","C","A","ALCATRAZ AV","SACRAMENTO ST",10,"W","N","2012-12-14",103,"2011-09-11",1027,"108","40","5","6","0","0",,"0","013","-","N",,,0,,,0,,,,"N",3,"A","-",22350,,"F","A","H","-","A","A","0","Y","A","01",0,0,1,0,0,0,0,0,0,"-","-","BERKELEY","ALAMEDA","CA",0,0
"5330782",-122.2741,37.88142,2011,"0103","0","2","3","10",0,1,"A","Y",,,,,1800,9,"G","B","B","MARTIN LUTHER KING JR WY","ROSE ST",0,,"Y","2012-12-18",103,"2011-09-20",1618,"151","17","5","6","0","0",,"0","003","-","N",,,0,,,0,,,,"N",2,"A","-",21950,"A","N","A","H","-","A","A","0","Y","D","22",0,1,0,0,1,0,0,0,0,"-","-","BERKELEY","ALAMEDA","CA",0,0