"CASEID","POINT_X","POINT_Y","YEAR_","LOCATION","CHPTYPE","DAYWEEK","CRASHSEV","VIOLCAT","KILLED","INJURED","WEATHER1","PEDCOL","BICCOL","MCCOL","TRUCKCOL","ETOH","TIMECAT","MONTH_","CRASHTYP","INVOLVE","PED","PRIMARYRD","SECONDRD","DISTANCE","DIRECT","INTERSECT_","PROCDATE","JURIS","DATE_","TIME_","BADGE","JURIDIST","SHIFT","POP","SPECIAL","BEATTYPE","LAPDDIV","BEATCLAS","BEATNUMB","WEATHER2","STATEHW","CALTRANC","CALTRAND","STROUTE","ROUTESUF","POSTPRE","POSTMILE","LOCATYPE","RAMP","SIDEHW","TOWAWAY","PARTIES","PCF","VIOLCODE","VIOL","VIOLSUB","HITRUN","ROADSURF","RDCOND1","RDCOND2","LIGHTING","RIGHTWAY","CHPRDTYP","NOTPRIV","STFAULT","CHPFAULT","SEVINJ","OTHERINJ","COP","PEDKILL","PEDINJ","BICKILL","BICINJ","MCKILL","MCINJURE","RAMP1","RAMP2","CITY","COUNTY","STATE","X_CHP","Y_CHP"
"5386649",-122.29958684,37.8511878774,2011,"0103","1","2","4","03",0,1,"A",,,,,,2100,11,"C","C","A","RT 80","ASHBY AV",1320,"E","N","2013-05-07",9370,"2011-11-01",1850,"18719",,"2","6","0","1",,"2","081","-","Y","ALA",4,80,"-","-",4.7,"H","-","W","Y",3,"A","-",22350,,"N","A","H","-","D","D","6","Y","A","01",0,0,1,0,0,0,0,0,0,"-","-","BERKELEY","ALAMEDA","CA",0,0
"5386743",-122.302703613,37.862370198,2011,"0103","1","2","3","07",0,2,"A",,,"Y",,,2100,11,"B","C","A","RT 80","UNIVERSITY AV",1584,"W","N","2013-04-24",9370,"2011-11-08",1815,"14769",,"2","6","0","1",,"2","081","-","Y","ALA",4,80,"-","-",5.54,"H","-","W","Y",3,"A","-",21658,"A","N","A","H","-","D","D","6","Y","A","01",0,1,1,0,0,0,0,0,1,"-","-","BERKELEY","ALAMEDA","CA",-122.18094,37.5145
"5386786",-122.29876927,37.8475735443,2011,"0103","1","7","4","03",0,2,"A",,,,,,2400,11,"C","C","A","RT 80","UNIVERSITY AV",400,"E","N","2013-05-01",9370,"2011-11-06",2245,"19436",,"3","6","0","1",,"2","081","-","Y","ALA",4,80,"-","-",4.53,"H","-","W","Y",2,"A","-",22350,,"N","A","H","-","D","D","6","Y","A","01",0,0,2,0,0,0,0,0,0,"-","-","BERKELEY","ALAMEDA","CA",-122.30384,37.86568
"5387082",-122.303522663,37.8654348823,2011,"0103","1","4","4","03",0,1,"A",,,,,,1800,8,"C","C","A","RT 80","UNIVERSITY AV",325,"W","N","2013-02-20",9370,"2011-08-18",1630,"19663",,"2","6","0","1",,"2","081","-","Y","ALA",4,80,"-","-",5.78,"H","-","W","N",2,"A","-",22350,,"N","A","H","-","A","D","6","Y","A","07",0,0,1,0,0,0,0,0,0,"-","-","BERKELEY","ALAMEDA","CA",-122.30286,37.8627
"5389818",-122.302234879,37.86058701,2011,"0103","1","2","4","03",0,1,"A",,,,,,1800,9,"C","C","A","RT 80","UNIVERSITY AV",2300,"W","N","2013-02-27",9370,"2011-09-27",1539,"19783",,"2","6","0","1",,"2","081","-","Y","ALA",4,80,"-","-",5.4,"H","-","W","Y",3,"A","-",22350,,"M","A","H","-","A","D","6","Y","A","07",0,0,1,0,0,0,0,0,0,"-","-","BERKELEY","ALAMEDA","CA",-122.18075,37.51379
"5389819",-122.307709273,37.8801555733,2011,"0103","1","2","4","03",0,2,"A",,,,,,1800,8,"C","C","A","RT 80","BUCHANAN ST",1584,"W","N","2013-02-07",9370,"2011-08-23",1630,"18317",,"2","6","0","1",,"2","081","-","Y","ALA",4,80,"-","R",6.9,"H","-","E","N",2,"A","-",22350,,"N","A","H","-","A","D","6","Y","D","22",0,0,2,0,0,0,0,0,0,"-","-","BERKELEY","ALAMEDA","CA",-122.3083,37.88389
"5390828",-122.307717089,37.8791361759,2011,"0103","1","3","4","03",0,6,"A",,,,,,1200,11,"C","C","A","RT 80","GILMAN ST",42,"E","N","2013-05-07",9370,"2011-11-16",1008,"18954",,"1","6","0","1",,"2","081","-","Y","ALA",4,80,"-","-",6.69,"H","-","W","Y",5,"A","-",22350,,"N","A","H","-","A","D","6","Y","A","01",0,0,6,0,0,0,0,0,0,"-","-","BERKELEY","ALAMEDA","CA",-122.30683,37.87562
"5396410",-122.303071922,37.8637712759,2011,"0103","1","4","4","03",0,1,"A",,,,,,1800,10,"C","C","A","RT 80","UNIVERSITY AV",1000,"W","N","2013-04-24",9370,"2011-10-06",1605,"19572",,"2","6","0","1",,"2","081","-","Y","ALA",4,80,"-","-",5.65,"H","-","W","N",3,"A","-",22350,,"N","B","H","-","A","D","6","Y","A","01",0,0,1,0,0,0,0,0,0,"-","-","BERKELEY","ALAMEDA","CA",-122.30321,37.86384
"5396450",-122.303340582,37.8647905226,2011,"0103","1","7","4","04",0,1,"A",,,,,,1200,10,"C","C","A","RT 80","UNIVERSITY AV",600,"W","N","2013-04-24",9370,"2011-10-09",1130,"20235",,"1","6","0","1",,"2","081","-","Y","ALA",4,80,"-","-",5.73,"H","-","W","N",2,"A","-",21703,,"N","A","H","-","A","D","6","Y","A","01",0,0,1,0,0,0,0,0,0,"-","-","BERKELEY","ALAMEDA","CA",-122.8034,37.86518
"5396634",-122.299964678,37.8525892006,2011,"0103","1","2","4","03",0,1,"A",,,,,,2100,11,"C","C","A","RT 80","ASHBY AV",1700,"E","N","2013-05-07",9370,"2011-11-01",1855,"018568",,"2","6","0","1",,"2","081","-","Y","ALA",4,80,"-","-",4.77,"H","-","W","N",3,"A","-",22350,,"N","A","H","-","D","D","6","Y","A","01",0,0,1,0,0,0,0,0,0,"-","-","BERKELEY","ALAMEDA","CA",-122.18006,37.51131
"5396848",-122.298075359,37.8679568382,2011,"0103","0","1","4","08",0,1,"A",,,,"Y",,1200,10,"B","C","A","UNIVERSITY AV","6TH ST",100,"W","N","2013-01-12",103,"2011-10-31",1010,"109","32","5","6","0","0",,"0","016","-","N",,,0,,,0,,,,"N",2,"A","-",22107,,"N","A","H","-","A","D","0","Y","A","01",0,0,1,0,0,0,0,0,0,"-","-","BERKELEY","ALAMEDA","CA",0,0
"5396850",-122.3036,37.87892,2011,"0103","0","6","4","01",0,2,"A",,,,,,1500,10,"C","C","A","GILMAN ST","4TH ST",0,,"Y","2013-01-12",103,"2011-10-29",1244,"116","20","5","6","0","0",,"0","017","-","N",,,0,,,0,,,,"N",2,"A","-",23152,"A","N","A","H","-","A","D","0","Y","A","01",0,0,2,0,0,0,0,0,0,"-","-","BERKELEY","ALAMEDA","CA",0,0
"5396852",-122.2598461,37.8551874406,2011,"0103","0","4","4","21",0,1,"A","Y",,,,,1800,10,"G","B","E","WEBSTER ST","TELEGRAPH AV",5,"E","N","2013-03-28",103,"2011-10-27",1753,"151","39","5","6","0","0",,"0","009","-","N",,,0,,,0,,,,"N",2,"A","-",22106,,"N","A","H","-","B","D","0","Y","M","96",0,0,1,0,1,0,0,0,0,"-","-","BERKELEY","ALAMEDA","CA",0,0
"5396856",-122.290659682,37.8511883934,2011,"0103","0","6","4","08",0,2,"A",,,,,,1200,10,"B","C","A","ASHBY AV","7TH ST",637,"W","N","2013-05-16",103,"2011-10-22",907,"18","20","5","6","0","0",,"0","015","-","Y","ALA",4,13,"-","-",13.44,"I","5","S","Y",2,"A","-",22107,,"N","A","H","-","A","D","0","Y","A","01",0,0,2,0,0,0,0,0,0,"-","-","BERKELEY","ALAMEDA","CA",0,0
"5396857",-122.265960228,37.8742039135,2011,"0103","0","5","3","00",0,1,"A",,,,,,2100,10,"E","I","A","HEARST ST","SPRUCE ST",148,"W","N","2013-01-14",103,"2011-10-21",1800,"153","24","5","6","0","0",,"0","002","-","N",,,0,,,0,,,,"Y",1,"A","-",12500,"A","N","A","H","-","B","D","0","Y","I","10",0,1,0,0,0,0,0,0,0,"-","-","BERKELEY","ALAMEDA","CA",0,0
"5396859",0,0,2011,"0103","0","6","4","01",0,1,"A",,,,,"Y",1200,10,"F","I","A","ASHBY AV","RT 80",448,"E","N","2013-01-12",103,"2011-10-15",1152,"151","20","5","6","0","0",,"0","015","-","N",,,0,,,0,,,,"Y",1,"A","-",23152,"A","N","A","H","-","C","D","0","Y","D","22",0,0,1,0,0,0,0,0,0,"-","EO","BERKELEY","ALAMEDA","CA",0,0
"5396861",-122.25863,37.86601,2011,"0103","0","5","4","03",0,1,"A","Y",,,,,1500,10,"B","J","F","TELEGRAPH AV","HASTE ST",0,,"Y","2013-01-08",103,"2011-10-14",1321,"85","27","5","6","0","0",,"0","007","-","N",,,0,,,0,,,,"N",2,"A","-",22350,,"N","A","B","-","A","A","0","Y","I","12",0,0,1,0,1,0,0,0,0,"-","-","BERKELEY","ALAMEDA","CA",0,0
"5396884",-122.28275,37.8767,2011,"0103","0","4","4","12",0,1,"A",,,,"Y",,1200,10,"D","C","A","SACRAMENTO ST","CEDAR ST",0,,"Y","2013-01-08",103,"2011-10-13",1124,"57","23","5","6","0","0",,"0","003","-","N",,,0,,,0,,,,"N",2,"A","-",21453,"A","N","A","H","-","A","A","0","Y","F","26",0,0,1,0,0,0,0,0,0,"-","-","BERKELEY","ALAMEDA","CA",0,0
"5396885",-122.294737903,37.8767051603,2011,"0103","0","3","4","03",0,1,"A",,,,,,900,10,"C","C","A","SAN PABLO AV","JONES ST",131,"N","N","2013-01-08",103,"2011-10-12",831,"37","21","5","6","0","0",,"0","017","-","N",,,0,,,0,,,,"Y",2,"A","-",22350,,"N","A","H","-","A","A","0","Y","D","22",0,0,1,0,0,0,0,0,0,"-","-","BERKELEY","ALAMEDA","CA",0,0
"5396886",-122.270837074,37.850694189,2011,"0103","0","2","4","03",0,1,"A",,,,,"Y",1800,10,"C","C","A","ADELINE ST","FAIRVIEW ST",15,"N","N","2013-05-03",103,"2011-10-11",1616,"2","39","5","6","0","0",,"0","011","-","N",,,0,,,0,,,,"N",2,"A","-",22350,,"N","A","H","-","A","A","0","Y","D","22",0,0,1,0,0,0,0,0,0,"-","-","BERKELEY","ALAMEDA","CA",0,0
"5396888",-122.233960633,37.852425239,2011,"0103","0","1","3","08",0,1,"C",,,,,"Y",2400,10,"E","I","A","TUNNEL RD","N VICENTE ST",254,"E","N","2013-05-16",103,"2011-10-10",2201,"73","11","5","6","0","0",,"0","008","-","Y","ALA",4,13,"-","-",10.09,"H","-","N","Y",1,"A","-",22107,,"N","B","H","-","C","D","0","Y","D","22",0,1,0,0,0,0,0,0,0,"-","-","BERKELEY","ALAMEDA","CA",0,0
"5396889",-122.291957647,37.8534982681,2011,"0103","0","1","4","10",0,1,"A","Y",,,,,900,10,"G","B","B","7TH ST","HEINZ ST",5,"N","N","2013-01-08",103,"2011-10-10",842,"S34","20","5","6","0","0",,"0","015","-","N",,,0,,,0,,,,"N",2,"A","-",21950,"A","N","A","H","-","A","A","0","Y","D","22",0,0,1,0,1,0,0,0,0,"-","-","BERKELEY","ALAMEDA","CA",0,0
"5396891",-122.29731,37.8667,2011,"0103","0","4","4","08",0,1,"A",,,,,,300,10,"D","C","A","6TH ST","ADDISON ST",0,,"Y","2013-01-08",103,"2011-10-06",153,"38","32","5","6","0","0",,"0","016","-","N",,,0,,,0,,,,"N",2,"A","-",22101,"D","F","A","H","-","D","A","0","Y","D","22",0,0,1,0,0,0,0,0,0,"-","-","BERKELEY","ALAMEDA","CA",0,0
"5407051",-122.302301839,37.8608417513,2011,"0103","1","4","4","03",0,1,"A",,,,,,1800,11,"C","C","A","RT 80","UNIVERSITY AV",2220,"W","N","2013-05-01",9370,"2011-11-03",1705,"13964",,"2","6","0","1",,"2","081","-","Y","ALA",4,80,"-","-",5.42,"H","-","W","N",2,"A","-",22350,,"N","A","H","-","A","D","6","Y","A","07",0,0,1,0,0,0,0,0,0,"-","-","BERKELEY","ALAMEDA","CA",-122.3022,37.86067
"5407648",-122.303730994,37.8660744136,2011,"0103","1","1","4","03",0,1,"A",,,,,,1200,10,"C","C","A","RT 80","UNIVERSITY AV",50,"W","N","2013-05-01",9370,"2011-10-31",925,"13964",,"1","6","0","1",,"2","081","-","Y","ALA",4,80,"-","-",5.83,"H","-","W","Y",4,"A","-",22350,,"M","A","H","-","A","D","6","Y","A","01",0,0,1,0,0,0,0,0,0,"-","-","BERKELEY","ALAMEDA","CA",-122.30378,37.8665
"5408038",-122.303970426,37.8677395935,2011,"0103","1","5","4","07",0,1,"A",,,"Y",,,2100,10,"B","C","A","RT 80","UNIVERSITY AV",788,"E","N","2013-05-16",9370,"2011-10-07",1815,"20107",,"2","6","0","1",,"2","081","-","Y","ALA",4,80,"-","-",5.89,"H","-","E","N",2,"A","-",21658,"A","N","A","H","-","A","D","6","Y","A","07",0,0,1,0,0,0,0,0,1,"-","-","BERKELEY","ALAMEDA","CA",-122.30435,37.86895
"5408400",-122.308073654,37.8779110923,2011,"0103","0","4","4","03",0,1,"A",,,,,,1800,8,"C","C","A","FRONTAGE RD","GILMAN ST",40,"W","N","2012-05-07",103,"2011-08-25",1520,,,"5","6","0","0",,"0",,"-","N",,,0,,,0,,,,"N",2,"A","-",22350,,"N","A","H","-","A","D","0","Y","J","48",0,0,1,0,0,0,0,0,0,"-","-","BERKELEY","ALAMEDA","CA",-122.18283,37.52402
"5414524",-122.260313144,37.8758169593,2011,"0103","0","6","3","03",0,4,"A","Y",,,,,1800,10,"E","I","F","EUCLID AV","RIDGE RD",69,"S","N","2013-01-14",103,"2011-10-08",1555,"64","25","5","6","0","0",,"0","002","-","N",,,0,,,0,,,,"Y",3,"A","-",22350,,"N","A","H","-","A","D","0","Y","A","01",0,2,2,0,2,0,0,0,0,"-","-","BERKELEY","ALAMEDA","CA",0,0
"5414525",0,0,2011,"0103","0","6","4","05",0,1,"A",,"Y",,,,1800,10,"C","G","A","THE ALAMEDA","BERRYMAN ST",106,"N","N","2013-01-14",103,"2011-10-08",1654,"104","17","5","6","0","0",,"0","001","-","N",,,0,,,0,,,,"N",2,"A","-",21460,"A","N","A","H","-","A","D","0","Y","A","01",0,0,1,0,0,0,1,0,0,"-","-","BERKELEY","ALAMEDA","CA",0,0
"5414527",-122.291943635,37.8768843468,2011,"0103","0","7","3","11",0,1,"A","Y",,,,,1500,10,"G","B","D","CORNELL AV","HOPKINS AV",170,"N","N","2013-01-14",103,"2011-10-09",1218,"42","17","5","6","0","0",,"0","017","-","N",,,0,,,0,,,,"N",2,"A","-",21954,"A","N","A","H","-","A","D","0","Y","N","60",0,1,0,0,1,0,0,0,0,"-","-","BERKELEY","ALAMEDA","CA",0,0
"5414532",-122.27247,37.86699,2011,"0103","0","2","2","05",0,1,"A",,"Y",,,,2100,10,"D","G","A","MARTIN LUTHER KING JR WY","BANCROFT WY",0,,"Y","2013-01-14",103,"2011-10-11",1808,"60","29","5","6","0","0",,"0","005","-","N",,,0,,,0,,,,"N",2,"A","-",21460,"A","N","A","H","-","A","A","0","Y","L","04",1,0,0,0,0,0,1,0,0,"-","-","BERKELEY","ALAMEDA","CA",0,0
"5414533",-122.293614128,37.876518482,2011,"0103","0","3","4","12",0,1,"A",,,,,,1200,10,"D","C","A","KAINS AV","JONES ST",10,"S","N","2013-01-14",103,"2011-10-12",926,"37","11","5","6","0","0",,"0","018","-","N",,,0,,,0,,,,"N",2,"A","-",22450,"A","N","A","H","-","A","A","0","Y","A","01",0,0,1,0,0,0,0,0,0,"-","-","BERKELEY","ALAMEDA","CA",0,0
"5414543",-122.25457,37.86932,2011,"0103","0","6","4","03",0,1,"A",,"Y",,,,900,10,"H","J","A","BANCROFT WY","COLLEGE AV",0,,"Y","2013-01-14",103,"2011-10-15",845,"47","26","5","6","0","0",,"0","007","-","N",,,0,,,0,,,,"N",1,"A","-",22350,,"N","A","H","-","A","D","0","Y","-","-",0,0,1,0,0,0,1,0,0,"-","-","BERKELEY","ALAMEDA","CA",0,0
"5414544",-122.267649796,37.867619736,2011,"0103","0","6","4","03",0,1,"A",,"Y",,,,1500,10,"F","J","A","BANCROFT WY","SHATTUCK AV",75,"E","N","2013-01-14",103,"2011-10-15",1425,"112","24","5","6","0","0",,"0","006","-","N",,,0,,,0,,,,"N",1,"A","-",22350,,"N","A","A","-","A","D","0","Y","L","04",0,0,1,0,0,0,1,0,0,"-","-","BERKELEY","ALAMEDA","CA",0,0
"5414545",-122.25848,37.86511,2011,"0103","0","6","4","17",0,1,"A",,"Y",,,,1500,10,"B","G","A","TELEGRAPH AV","DWIGHT WY",0,"S","N","2013-01-14",103,"2011-10-15",1445,"47","36","5","6","0","0",,"0","007","-","N",,,0,,,0,,,,"N",2,"A","-",22517,,"N","A","H","-","A","D","0","Y","A","01",0,0,1,0,0,0,1,0,0,"-","-","BERKELEY","ALAMEDA","CA",0,0
"5414547",-122.304366277,37.8680317008,2011,"0103","0","7","3","08",0,1,"A",,,,,"Y",1800,10,"E","I","A","UNIVERSITY AV","RT 80/RT 580",205,"E","N","2013-07-15",103,"2011-10-16",1559,"110","20","5","6","0","0",,"0","016","-","Y","ALA",4,80,"-","-",5.983,"R","4","W","N",2,"A","-",22107,,"N","A","H","-","A","D","0","Y","A","01",0,1,0,0,0,0,0,0,0,"-","EO","BERKELEY","ALAMEDA","CA",0,0
"5414549",-122.274422483,37.8840091902,2011,"0103","0","7","4","-",0,1,"A",,"Y",,,,2400,10,"H","J","A","MARTIN LUTHER KING JR WY","BERRYMAN ST",283,"N","N","2013-01-14",103,"2011-10-16",2205,"124","17","5","6","0","0",,"0","001","-","N",,,0,,,0,,,,"N",1,"-","-",0,,"N","A","A","G","C","A","0","Y","-","-",0,0,1,0,0,0,1,0,0,"-","-","BERKELEY","ALAMEDA","CA",0,0
"5414550",-122.26939,37.8802,2011,"0103","0","1","3","08",0,1,"A",,,,,,900,10,"D","C","A","VINE ST","SHATTUCK AV",0,,"Y","2013-01-14",103,"2011-10-17",837,"122","17","5","6","0","0",,"0","001","-","N",,,0,,,0,,,,"N",2,"A","-",22107,,"N","A","H","-","A","D","0","Y","A","07",0,1,0,0,0,0,0,0,0,"-","-","BERKELEY","ALAMEDA","CA",0,0
"5414551",-122.27432,37.88323,2011,"0103","0","1","3","11",0,1,"A","Y",,,,,1500,10,"D","B","B","MARTIN LUTHER KING JR WY","BERRYMAN AV",0,,"Y","2013-01-14",103,"2011-10-17",1240,"51","18","5","6","0","0",,"0","001","-","N",,,0,,,0,,,,"N",2,"A","-",21950,"B","N","A","H","-","A","D","0","Y","N","60",0,1,0,0,1,0,0,0,0,"-","-","BERKELEY","ALAMEDA","CA",0,0
"5414555",-122.277866938,37.8477947462,2011,"0103","0","2","4","12",0,2,"B",,,,,,2100,10,"D","C","A","SACRAMENTO ST","ALCATRAZ AV",26,"S","N","2013-01-14",103,"2011-10-18",1840,"2","40","5","6","0","0",,"0","011","-","N",,,0,,,0,,,,"Y",2,"A","-",21453,"A","N","A","H","-","B","A","0","Y","A","01",0,0,2,0,0,0,0,0,0,"-","-","BERKELEY","ALAMEDA","CA",0,0
"5414557",-122.29968,37.8741,2011,"0103","0","3","4","12",0,1,"A",,,,,,900,10,"D","C","A","6TH ST","CEDAR ST",0,,"Y","2013-01-14",103,"2011-10-19",600,"25","21","5","6","0","0",,"0","017","-","N",,,0,,,0,,,,"Y",2,"A","-",21453,"A","N","A","H","-","B","A","0","Y","A","07",0,0,1,0,0,0,0,0,0,"-","-","BERKELEY","ALAMEDA","CA",0,0
"5414558",-122.258832234,37.8531326743,2011,"0103","0","3","3","08",0,1,"A",,,,,,1500,10,"C","E","A","WOOLSEY ST","DANA ST",137,"W","N","2013-01-14",103,"2011-10-19",1440,"8","39","5","6","0","0",,"0","008","-","N",,,0,,,0,,,,"Y",3,"A","-",22107,,"N","A","H","-","A","D","0","Y","A","01",0,1,0,0,0,0,0,0,0,"-","-","BERKELEY","ALAMEDA","CA",0,0
"5414559",-122.288195686,37.8809898861,2011,"0103","0","3","3","17",0,1,"A",,"Y",,,,1800,10,"H","G","A","GILMAN ST","PERALTA AV",125,"W","N","2013-01-14",103,"2011-10-19",1700,"21","19","5","6","0","0",,"0","018","-","N",,,0,,,0,,,,"N",2,"A","-",22517,,"N","A","H","-","A","D","0","Y","A","01",0,1,0,0,0,0,1,0,0,"-","-","BERKELEY","ALAMEDA","CA",0,0
"5414560",-122.27267,37.8688,2011,"0103","0","3","4","09",0,1,"A",,"Y",,,,2400,10,"D","G","A","MARTIN LUTHER KING JR WY","ALLSTON WY",0,,"Y","2013-01-14",103,"2011-10-19",2216,"16","29","5","6","0","0",,"0","005","-","N",,,0,,,0,,,,"N",2,"A","-",21801,"A","F","A","H","-","C","A","0","Y","A","01",0,0,1,0,0,0,1,0,0,"-","-","BERKELEY","ALAMEDA","CA",0,0
"5416668",-122.305566201,37.8729898432,2011,"0103","1","2","3","03",0,3,"A",,,,,,1800,7,"C","C","A","RT 80","GILMAN ST",1584,"W","N","2013-04-11",9370,"2011-07-26",1750,"14769",,"2","6","0","1",,"2","081","-","Y","ALA",4,80,"-","-",6.32,"H","-","E","Y",3,"A","-",22350,,"N","A","H","-","A","D","6","Y","A","01",0,1,2,0,0,0,0,0,0,"-","-","BERKELEY","ALAMEDA","CA",-122.18207,37.5226
"5418279",-122.308519858,37.8827249869,2011,"0103","1","7","3","07",0,1,"B",,,"Y",,,1500,9,"F","A","A","RT 80","BUCHANAN ST",1651,"W","N","2013-04-11",9370,"2011-09-25",1342,"19771",,"1","6","0","1",,"2","081","-","Y","ALA",4,80,"-","-",6.89,"H","-","W","N",2,"A","-",21658,"A","N","B","H","-","A","D","6","Y","C","02",0,1,0,0,0,0,0,0,1,"-","-","BERKELEY","ALAMEDA","CA",-122.18306,37.53001
"5418285",-122.298814862,37.8477863055,2011,"0103","1","6","4","07",0,1,"A",,,"Y",,,1800,8,"B","C","A","RT 80","ASHBY AV",500,"E","N","2013-04-03",9370,"2011-08-20",1700,"02129",,"2","6","0","1",,"2","081","-","Y","ALA",4,80,"-","-",4.54,"H","-","W","Y",2,"A","-",21658,"A","N","A","H","-","A","D","6","Y","A","07",0,0,1,0,0,0,0,0,1,"-","-","BERKELEY","ALAMEDA","CA",-122.29994,37.85201
"5421534",-122.253049825,37.8695075773,2011,"0103","0","5","4","07",0,1,"A",,"Y",,,,900,10,"E","G","A","BANCROFT WY","PIEDMONT AV",195,"W","N","2013-01-09",103,"2011-10-21",841,"37","26","5","6","0","0",,"0","007","-","N",,,0,,,0,,,,"N",2,"A","-",21658,"A","N","A","H","-","A","A","0","Y","A","01",0,0,1,0,0,0,1,0,0,"-","-","BERKELEY","ALAMEDA","CA",0,0
"5421538",-122.270255924,37.8672027935,2011,"0103","0","6","4","08",0,1,"A",,"Y",,,,1500,10,"B","G","A","MILVIA ST","BANCROFT WY",30,"S","N","2013-01-09",103,"2011-10-22",1256,"51","29","5","6","0","0",,"0","005","-","N",,,0,,,0,,,,"N",2,"A","-",22107,,"N","A","H","-","A","D","0","Y","A","01",0,0,1,0,0,0,1,0,0,"-","-","BERKELEY","ALAMEDA","CA",0,0
"5421540",-122.269616989,37.8536038807,2011,"0103","0","7","3","08",0,1,"A",,"Y",,,,1200,10,"B","G","A","ADELINE AV","ESSEX ST",80,"N","N","2013-01-09",103,"2011-10-23",957,"51","39","5","6","0","0",,"0","010","-","N",,,0,,,0,,,,"N",2,"A","-",22107,,"N","A","H","-","A","D","0","Y","L","04",0,1,0,0,0,0,1,0,0,"-","-","BERKELEY","ALAMEDA","CA",0,0
"5421542",-122.27219,37.86426,2011,"0103","0","1","4","-",0,1,"A",,,,,,1500,10,"D","C","A","MARTIN LUTHER KING JR WY","HASTE ST",0,,"Y","2013-01-09",103,"2011-10-24",1215,"57","29","5","6","0","0",,"0","005","-","N",,,0,,,0,,,,"N",2,"A","-",0,,"N","A","H","-","A","A","0","Y","A","01",0,0,1,0,0,0,0,0,0,"-","-","BERKELEY","ALAMEDA","CA",0,0
"5421543",-122.26634,37.85382,2011,"0103","0","1","4","09",0,1,"A",,,,,,1800,10,"D","C","A","SHATTUCK AV","ESSEX ST",0,,"Y","2013-01-09",103,"2011-10-24",1605,"57","39","5","6","0","0",,"0","010","-","N",,,0,,,0,,,,"Y",2,"A","-",21801,"A","N","A","H","-","A","A","0","Y","A","01",0,0,1,0,0,0,0,0,0,"-","-","BERKELEY","ALAMEDA","CA",0,0
"5421544",-122.266971671,37.855225734,2011,"0103","0","1","3","01",0,1,"A",,,,,"Y",2400,10,"C","E","A","SHATTUCK AV","ASHBY AV",136,"S","N","2013-08-14",103,"2011-10-24",2302,"107","39","5","6","0","0",,"0","010","-","Y","ALA",4,13,"-","-",12.058,"I","6","S","Y",3,"A","-",23152,"A","M","A","H","-","C","A","0","Y","-","-",0,1,0,0,0,0,0,0,0,"-","-","BERKELEY","ALAMEDA","CA",0,0
"5421547",-122.308303159,37.8818150035,2011,"0103","0","1","4","00",0,1,"A",,,,,,900,10,"C","C","A","RT 80","GILMAN ST",0,,"Y","2013-08-15",103,"2011-10-24",820,"153","20","5","6","0","0",,"0","017","-","Y","ALA",4,80,"-","-",6.822,"R","1","W","N",2,"D","-",0,,"N","A","H","-","A","D","0","Y","-","-",0,0,1,0,0,0,0,0,0,"-","-","BERKELEY","ALAMEDA","CA",0,0
"5421548",-122.26792,37.85838,2011,"0103","0","4","4","09",0,1,"A",,,"Y",,,900,10,"D","C","A","ADELINE AV","STUART ST",0,,"Y","2013-01-09",103,"2011-10-27",801,"37","35","5","6","0","0",,"0","009","-","N",,,0,,,0,,,,"N",2,"A","-",21802,"A","N","A","H","-","A","A","0","Y","A","07",0,0,1,0,0,0,0,0,1,"-","-","BERKELEY","ALAMEDA","CA",0,0
"5421549",-122.27702946,37.8535364268,2011,"0103","0","4","3","09",0,1,"A",,"Y",,,,900,10,"D","G","A","CALIFORNIA ST","RT 13",0,,"Y","2013-05-16",103,"2011-10-27",819,"37","34","5","6","0","0",,"0","011","-","Y","ALA",4,13,"-","-",12.64,"I","5","N","N",2,"A","-",21802,,"N","A","H","-","A","A","0","Y","L","04",0,1,0,0,0,0,1,0,0,"-","-","BERKELEY","ALAMEDA","CA",0,0
"5421550",-122.25936,37.8586,2011,"0103","0","4","4","10",0,1,"A","Y",,,,,1500,10,"G","B","B","TELEGRAPH AV","OREGON ST",0,,"Y","2013-01-09",103,"2011-10-27",1217,"63","36","5","6","0","0",,"0","009","-","N",,,0,,,0,,,,"N",2,"A","-",21950,"A","N","A","H","-","A","D","0","Y","A","01",0,0,1,0,1,0,0,0,0,"-","-","BERKELEY","ALAMEDA","CA",0,0
"5421552",-122.2611,37.86662,2011,"0103","0","4","4","10",0,1,"A","Y",,,,,1800,10,"D","B","B","CHANNING WY","DANA ST",0,,"Y","2013-01-09",103,"2011-10-27",1643,"87","28","5","6","0","0",,"0","006","-","N",,,0,,,0,,,,"N",2,"A","-",21950,"A","N","A","H","-","A","A","0","Y","A","01",0,0,1,0,1,0,0,0,0,"-","-","BERKELEY","ALAMEDA","CA",0,0
"5421554",-122.266831247,37.8552415121,2011,"0103","0","5","4","10",0,1,"A","Y",,,,,1800,10,"G","B","B","ASHBY ST","SHATTUCK AV",0,,"Y","2013-05-21",103,"2011-10-28",1520,"151","39","5","6","0","0",,"0","010","-","Y","ALA",4,13,"-","-",12.05,"H","-","S","N",2,"A","-",21950,"A","N","A","H","-","A","A","0","Y","A","01",0,0,1,0,1,0,0,0,0,"-","-","BERKELEY","ALAMEDA","CA",0,0